frame,timestamp_ms,car_index,car_number,000_value_000,001_value_001,002_value_002,003_value_003,004_value_004,005_value_005,006_value_006,007_value_007,008_value_008,009_value_009,010_value_010,011_dlat,012_value_012,013_value_013,014_value_014,015_value_015,016_value_016,017_value_017,018_speed_raw,019_value_019,020_value_020,021_value_021,022_lap_end_clock,023_lap_start_clock,024_value_024,025_value_025,026_value_026,027_value_027,028_value_028,029_value_029,030_value_030,031_dlong,032_value_032,033_value_033,034_qualifying_time,035_fuel_laps,036_laps_lead,037_value_037,038_laps_since_yellow,039_value_039,040_value_040,041_value_041,042_value_042,043_value_043,044_value_044,045_value_045,046_value_046,047_value_047,048_value_048,049_value_049,050_value_050,051_value_051,052_lp_line,053_value_053,054_value_054,055_value_055,056_value_056,057_value_057,058_value_058,059_value_059,060_value_060,061_value_061,062_value_062,063_value_063,064_value_064,065_value_065,066_value_066,067_value_067,068_value_068,069_value_069,070_value_070,071_value_071,072_value_072,073_value_073,074_value_074,075_value_075,076_value_076,077_value_077,078_value_078,079_value_079,080_value_080,081_value_081,082_value_082,083_value_083,084_value_084,085_value_085,086_value_086,087_value_087,088_value_088,089_value_089,090_value_090,091_value_091,092_value_092,093_value_093,094_value_094,095_value_095,096_value_096,097_value_097,098_pit_release_timer,099_value_099,100_value_100,101_value_101,102_value_102,103_value_103,104_value_104,105_value_105,106_value_106,107_value_107,108_value_108,109_value_109,110_value_110,111_value_111,112_value_112,113_value_113,114_value_114,115_value_115,116_value_116,117_value_117,118_value_118,119_value_119,120_value_120,121_value_121,122_value_122,123_value_123,124_value_124,125_value_125,126_value_126,127_value_127,128_value_128,129_value_129,130_value_130,131_value_131,132_value_132
1,503800,3,,2924116,2912412,2914540,2912412,2914540,2914008,2912412,2924116,0,126805,0,112533,-1078,-85,8250,45148244,-497863,-2070009626,16236,-995726,2178652,3408992,494187,461187,0,1851,0,0,8091788,3,1,19136098,135,32005,31975,26,0,0,16,2917200,60225,52099,143554,124259,1279,1358,6824,44275636,15039354,0,42,0,0,-5,38,170011,124140,3,2469,0,3238,543,6824,44275636,15039354,0,4184,4009,0,1,5365977,5252409,-2109668350,2914008,2915072,2,5801,4038,0,0,-2554,-317,-316,2607,124140,0,320,126506,4019,0,273,3276,1,0,10506,-1,3,0,0,-17,4159,0,0,79,19118659,0,0,0,0,2916668,57050802,57270536,57490270,0,46239,0,0,-11683610,2193034,14824,-686737122,83446,-204043029,5,0,0,0,0,124137,-993,-497863,1,0
2,504066,3,,2924116,2912412,2914540,2912412,2914540,2914008,2912412,2924116,0,126780,0,107661,-1260,53,8250,44277334,449823,-638353858,16229,899646,2178652,3408992,494187,461187,0,1851,0,0,8091788,3,1,19643243,135,32005,31975,26,0,0,16,2917200,60225,52099,143554,124259,1279,1358,6824,44275636,15039354,0,42,0,1,-5,38,165644,124273,48,2609,0,3240,543,6824,44275636,15039354,0,4180,4012,-1,1,5365977,5257029,-2109733886,2921988,2915072,13,5805,4035,0,0,-2556,-317,-316,2609,124231,0,365,126782,4013,0,0,0,1,0,10506,-1,2,0,0,-17,4159,0,0,79,19118659,0,0,0,0,2916668,57050802,57270536,57490270,0,46239,0,0,-11401741,1784208,16432,-622132520,83446,-204043029,5,0,0,0,0,124225,-1313,449823,1,0
3,504333,3,,2924116,2912412,2914540,2912412,2914540,2914008,2912412,2924116,0,126794,0,106449,-1164,76,8250,44964411,507521,793301908,16230,1374154,2178652,3408992,494187,461187,0,1851,0,0,8091788,3,1,19770037,135,32005,31975,26,0,0,16,2917200,60225,52099,143554,124259,1279,1358,6824,44275636,15039354,0,42,0,1,-5,38,163837,124310,57,2634,0,3241,543,6824,44275636,15039354,0,4178,4014,0,1,5365977,5259528,-2109733886,2914008,2915072,11,5800,4028,0,0,-2558,-318,-317,2610,124315,0,375,126200,4034,0,0,0,1,0,10506,-1,2,0,0,-17,4159,0,0,79,19118659,0,0,0,0,2916668,57050802,57270536,57490270,0,46239,0,0,-11325281,1686248,16828,-605980382,83446,-204043029,5,0,0,0,0,124310,-1164,507521,1,0
4,504333,3,,2924116,2912412,2914540,2912412,2914540,2914008,2912412,2924116,0,126920,0,103225,-1028,11,8250,45806756,34364,793301910,16242,68728,2178652,3408992,494187,461187,0,1851,0,0,8091788,3,1,20150671,135,32005,31975,26,0,0,16,2917200,60225,52099,143554,124259,1279,1358,6824,44275636,15039354,0,42,0,1,-5,38,162117,124489,57,2573,0,3246,541,6824,44275636,15039354,0,4177,4016,0,1,5365977,5261718,-2109733886,2914008,2915072,9,5769,4002,0,0,-2562,-318,-317,2615,124436,0,375,126259,4036,0,0,0,1,0,10506,-1,2,0,0,-17,4159,0,0,79,19118659,0,0,0,0,2916668,57050802,57270536,57490270,0,46239,0,0,-11081755,1403543,17876,-557491866,0,-204043029,5,0,0,0,0,124432,-1039,34364,1,0
5,504600,3,,2924116,2912412,2914540,2912412,2914540,2914008,2912412,2924116,0,126882,0,89300,-5766,-969,8250,16222610,-5461255,-2070009618,16234,-10922510,2178652,3408992,494187,461187,0,1851,0,0,8091788,3,1,20658327,135,32005,31975,26,0,0,16,2917200,60225,52099,143554,124259,1279,1358,6824,44275636,15039354,0,42,0,1,-5,38,159072,124783,152,1596,0,3287,533,6824,44275636,15039354,0,4169,4023,-3,1,5365977,5271396,-2109668350,2925712,2915072,5,5842,4047,0,0,-2565,-319,-319,2659,124723,0,85300,126098,4048,0,195,780,2,0,117113,-1,2,0,0,-17,4159,0,0,79,19118659,0,0,0,0,2916668,57050802,57270536,57490270,0,46239,0,0,-10733027,1047248,22205,-492822170,0,-204043029,5,0,0,0,0,124631,-4797,-5461255,1,0
6,504600,3,,2924116,2912412,2914540,2912412,2914540,2914008,2912412,2924116,0,126882,0,89300,-5766,-969,8250,16222610,-5461255,-2070009618,16234,-10922510,2178652,3408992,494187,461187,0,1851,0,0,8091788,3,1,20658327,135,32005,31975,26,0,0,16,2917200,60225,52099,143554,124259,1279,1358,6824,44275636,15039354,0,42,0,1,-5,38,159072,124783,152,1596,0,3287,533,6824,44275636,15039354,0,4169,4023,-3,1,5365977,5271396,-2109668350,2925712,2915072,5,5842,4047,0,0,-2565,-319,-319,2659,124723,0,85300,126098,4048,0,195,780,2,0,117113,-1,2,0,0,-17,4159,0,0,79,19118659,0,0,0,0,2916668,57050802,57270536,57490270,0,46239,0,0,-10733027,1047248,22205,-492822170,0,-204043029,5,0,0,0,0,124631,-4797,-5461255,1,0
7,504866,3,,2924116,2912412,2914540,2912412,2914540,2914008,2912412,2924116,0,126356,0,62393,-7308,-207,8250,9665780,-596763,-638353850,16189,-1193526,2178652,3408992,494187,461187,0,1851,0,0,8091788,3,1,21164550,135,32005,31975,26,0,0,16,2917200,60225,52099,143554,124259,1279,1358,6824,44275636,15039354,0,42,0,1,-5,38,157809,125009,115,2402,0,3305,529,6824,44275636,15039354,0,4150,4041,-5,1,5261740,5192143,-2109668350,2922520,2914008,1,5419,3750,0,0,-2609,-321,-321,2679,125095,0,85300,126388,4047,0,195,1560,2,0,117113,-1,2,0,0,-17,4159,0,0,79,19118659,0,0,0,0,2916668,57050802,57270536,57490270,0,46239,0,0,-10359949,715043,30461,-427846408,-333786,-203897428,7,0,0,0,0,124894,-7101,-596763,1,0
8,505133,3,,2924116,2912412,2914540,2912412,2914540,2914008,2912412,2924116,0,126154,0,31878,-7906,-120,8250,7760290,-469341,793301918,16158,-938682,2178652,3408992,494187,461187,0,1851,0,0,8091788,3,1,21669665,135,32005,31975,26,0,0,16,2917200,60225,52099,143554,124259,1279,1358,6824,44275636,15039354,0,42,0,1,-5,38,158540,125349,101,2495,0,3296,531,6824,44275636,15039354,0,4127,4065,-6,1,5279362,5239638,-2109668350,2912412,2915072,12,2994,2071,0,0,-2615,-333,-334,2668,125489,0,85300,126565,4053,0,195,2340,2,0,117113,-1,1,0,0,-17,4159,0,0,79,19118659,0,0,0,0,2916668,57050802,57270536,57490270,0,46239,0,0,-9957485,416108,38917,-362444930,-2002715,-200220644,7,0,0,0,0,125248,-7786,-469341,1,0
9,505133,3,,2924116,2912412,2914540,2912412,2914540,2914008,2912412,2924116,0,126154,0,31878,-7906,-120,8250,7760290,-469341,793301918,16158,-938682,2178652,3408992,494187,461187,0,1851,0,0,8091788,3,1,21669665,135,32005,31975,26,0,0,16,2917200,60225,52099,143554,124259,1279,1358,6824,44275636,15039354,0,42,0,1,-5,38,158540,125349,101,2495,0,3296,531,6824,44275636,15039354,0,4127,4065,-6,1,5279362,5239638,-2109668350,2912412,2915072,12,2994,2071,0,0,-2615,-333,-334,2668,125489,0,85300,126565,4053,0,195,2340,2,0,117113,-1,1,0,0,-17,4159,0,0,79,19118659,0,0,0,0,2916668,57050802,57270536,57490270,0,46239,0,0,-9957485,416108,38917,-362444930,-2002715,-200220644,7,0,0,0,0,125248,-7786,-469341,1,0
10,505400,3,,2924116,2912412,2914540,2912412,2914540,2914008,2912412,2924116,0,125808,0,100,-7874,88,8250,3156713,-729549,-2070009610,16108,-1459098,2178652,3408992,494187,461187,0,1851,0,0,8091788,3,1,22173144,135,32005,31975,26,0,0,16,2917200,60225,52099,143554,124259,1279,1358,6824,44275636,15039354,0,42,0,1,-5,38,160386,125786,109,2206,0,3194,549,6824,44275636,15039354,0,4101,4090,-5,1,6437708,6429690,-2109668350,2922520,2914008,8,0,0,247,43,-2118,-354,-358,2560,125928,0,85300,126959,4054,0,195,3120,2,0,117113,-1,1,0,0,-17,4159,0,0,79,19118659,0,0,0,0,2916668,57050802,57270536,57490270,0,46239,0,0,-9528645,153387,46204,-305202445,-3838536,-192200612,8,0,0,0,0,125677,-7962,-729549,1,0
11,505400,3,,2924116,2912412,2914540,2912412,2914540,2914008,2912412,2924116,0,125808,0,100,-7874,88,8250,3156713,-729549,-2070009610,16108,-1459098,2178652,3408992,494187,461187,0,1851,0,0,8091788,3,1,22173144,135,32005,31975,26,0,0,16,2917200,60225,52099,143554,124259,1279,1358,6824,44275636,15039354,0,42,0,1,-5,38,160386,125786,109,2206,0,3194,549,6824,44275636,15039354,0,4101,4090,-5,1,6437708,6429690,-2109668350,2922520,2914008,8,0,0,247,43,-2118,-354,-358,2560,125928,0,85300,126959,4054,0,195,3120,2,0,117113,-1,1,0,0,-17,4159,0,0,79,19118659,0,0,0,0,2916668,57050802,57270536,57490270,0,46239,0,0,-9528645,153387,46204,-305202445,-3838536,-192200612,8,0,0,0,0,125677,-7962,-729549,1,0
12,505666,3,,2924116,2912412,2914540,2912412,2914540,2914008,2912412,2924116,0,125646,0,-30547,-7447,75,8250,4286038,350275,-638353842,16088,700550,2178652,3408992,494187,461187,0,1851,0,0,8091788,3,1,22675979,135,32005,31975,26,0,0,16,2917200,60225,52099,143554,124259,1279,1358,6824,44275636,15039354,0,42,0,1,-5,38,163216,126226,112,2221,0,3162,549,6824,44275636,15039354,0,4081,4110,-4,1,6437708,6460770,-2109668350,2924648,2914008,4,0,0,0,0,-2146,-351,-357,2526,126338,0,85300,127429,4053,0,195,3900,2,0,117113,-1,1,0,0,-17,4159,0,0,79,19118659,0,0,0,0,2916668,57050802,57270536,57490270,0,46239,0,0,-9078173,-74402,51207,-251814505,-5841250,-180598158,8,0,0,0,0,126114,-7522,350275,1,0
13,505933,3,,2924116,2912412,2914540,2912412,2914540,2914008,2912412,2924116,0,125076,0,-50877,-5469,975,8250,17501345,6351184,-638353840,16056,12702368,2178652,3408992,494187,461187,0,1851,0,0,8091788,3,1,23052097,135,32005,31975,26,0,0,16,2917200,60225,52099,143554,124259,1279,1358,6824,44275636,15039354,0,42,0,2,-5,38,166229,125856,-352,3138,0,3138,554,6824,44275636,15039354,0,4067,4124,-4,1,6437708,6482628,-2109668350,2924648,2914008,1,0,0,0,0,-2163,-352,-360,2502,126372,0,1383,128300,4029,0,195,195,1,0,-115177,-1,1,0,0,-17,4159,0,0,79,19118659,0,0,0,0,2916668,57050802,57270536,57490270,0,46239,0,0,-8728069,-219443,52930,-211880601,-7259839,-170034197,8,0,0,0,0,126208,-6444,6351184,1,0
14,505933,3,,2924116,2912412,2914540,2912412,2914540,2914008,2912412,2924116,0,124621,0,-55866,-4508,961,8250,23464247,5962902,793301926,16010,11925804,2178652,3408992,494187,461187,0,1851,0,0,8091788,3,1,23176718,135,32005,31975,26,0,0,16,2917200,60225,52099,143554,124259,1279,1358,6824,44275636,15039354,0,42,0,2,-5,38,167724,125507,-349,3117,0,3117,559,6824,44275636,15039354,0,4063,4128,-3,1,6437708,6488585,-2143222782,2917200,2914008,15,0,0,0,0,-2156,-349,-358,2480,125974,0,85300,128459,4013,0,195,390,1,0,-115177,-1,0,0,0,-17,4159,0,0,79,19118659,0,0,0,0,2916668,57050802,57270536,57490270,0,46239,0,0,-8609525,-261375,52829,-198649105,-7593625,-166240948,8,0,0,0,0,125856,-5469,5962902,1,0
15,506200,3,,2924116,2912412,2914540,2912412,2914540,2914008,2912412,2924116,0,123011,0,-66436,-817,898,8250,45211939,5222866,-2070009602,15796,10445732,2178652,3408992,494187,461187,0,1851,0,0,8091788,3,1,23671133,135,32005,31975,26,0,0,16,2917200,60225,52099,143554,124259,1279,1358,6824,44275636,15039354,0,42,0,2,-5,38,178209,124134,-339,3030,0,3030,578,6824,44275636,15039354,0,4054,4137,-1,1,6437708,6502878,-2143222782,2917200,2914008,11,0,0,0,0,-2132,-339,-349,2392,124484,0,85300,129088,3949,0,195,1170,1,0,-115177,-1,0,0,0,-17,4159,0,0,79,19118659,0,0,0,0,2916668,57050802,57270536,57490270,0,46239,0,0,-8128998,-396126,49478,-146155151,-8511536,-150088361,8,0,0,0,0,124473,-1715,5222866,1,0
16,506200,3,,2924116,2912412,2914540,2912412,2914540,2914008,2912412,2924116,0,123011,0,-66436,-817,898,8250,45211939,5222866,-2070009602,15796,10445732,2178652,3408992,494187,461187,0,1851,0,0,8091788,3,1,23671133,135,32005,31975,26,0,0,16,2917200,60225,52099,143554,124259,1279,1358,6824,44275636,15039354,0,42,0,2,-5,38,178209,124134,-339,3030,0,3030,578,6824,44275636,15039354,0,4054,4137,-1,1,6437708,6502878,-2143222782,2917200,2914008,11,0,0,0,0,-2132,-339,-349,2392,124484,0,85300,129088,3949,0,195,1170,1,0,-115177,-1,0,0,0,-17,4159,0,0,79,19118659,0,0,0,0,2916668,57050802,57270536,57490270,0,46239,0,0,-8128998,-396126,49478,-146155151,-8511536,-150088361,8,0,0,0,0,124473,-1715,5222866,1,0
17,506466,3,,2924116,2912412,2914540,2912412,2914540,2914008,2912412,2924116,0,121742,0,-62776,2605,830,8250,65185987,4871461,-638353834,15619,9742922,2178652,3408992,494187,461187,0,1851,0,0,8091788,3,1,24159922,135,32005,31975,26,0,0,16,2917200,60225,52099,143554,124259,1279,1358,6824,44275636,15039354,0,42,0,2,-5,38,194614,122794,-332,2945,0,2945,597,6824,44275636,15039354,0,4055,4137,1,1,6437708,6502674,-2143222782,2918264,2917200,7,1742,1204,0,0,-2115,-332,-342,2307,123138,0,10302,129593,3891,0,195,1950,1,0,-115177,-1,0,0,0,-17,4159,0,0,79,19118659,0,0,0,0,2916668,57050802,57270536,57490270,0,46239,0,0,-7642428,-478854,42653,-94258529,-8344643,-132972724,8,0,0,0,0,123126,1775,4871461,1,0
18,506733,3,,2924116,2912412,2914540,2912412,2914540,2914008,2912412,2924116,0,120678,0,-57594,-5654,-4865,8250,654869,-35077820,793301934,15484,-70155640,2178652,3408992,494187,461187,0,1851,0,0,8091788,3,1,24644232,135,32005,31975,26,0,0,16,2917200,60225,52099,143554,124259,1279,1358,6824,44275636,15039354,0,42,0,2,-5,38,215483,121572,-295,-2761,0,2761,618,6824,44275636,15039354,0,4061,4130,0,1,6437708,6492081,-2143222782,2918264,2917200,3,5248,3629,0,0,-2104,-295,-304,2132,121869,0,14809,130205,3833,0,273,546,0,0,-13059,-1,0,0,0,-17,4159,0,0,79,19118659,0,0,0,0,2916668,57050802,57270536,57490270,0,46239,0,0,-7155680,-522635,35974,-42837459,-7760518,-115683949,8,0,0,0,0,121867,-789,-35077820,1,0
19,506733,3,,2924116,2912412,2914540,2912412,2914540,2914008,2912412,2924116,0,120678,0,-57594,-5654,-4865,8250,654869,-35077820,793301934,15484,-70155640,2178652,3408992,494187,461187,0,1851,0,0,8091788,3,1,24644232,135,32005,31975,26,0,0,16,2917200,60225,52099,143554,124259,1279,1358,6824,44275636,15039354,0,42,0,2,-5,38,215483,121572,-295,-2761,0,2761,618,6824,44275636,15039354,0,4061,4130,0,1,6437708,6492081,-2143222782,2918264,2917200,3,5248,3629,0,0,-2104,-295,-304,2132,121869,0,14809,130205,3833,0,273,546,0,0,-13059,-1,0,0,0,-17,4159,0,0,79,19118659,0,0,0,0,2916668,57050802,57270536,57490270,0,46239,0,0,-7155680,-522635,35974,-42837459,-7760518,-115683949,8,0,0,0,0,121867,-789,-35077820,1,0
20,507000,3,,2924116,2912412,2914540,2912412,2914540,2914008,2912412,2924116,0,121269,0,-101474,-11478,964,8250,-29768434,3366818,-2070009594,15379,6733636,2178652,3408992,494187,461187,0,1851,0,0,8091788,3,1,25126025,135,32005,31975,26,0,0,16,2917200,60225,52099,143554,124259,1279,1358,6824,44275636,15039354,0,42,0,2,-5,38,241820,122094,271,1805,0,2524,645,6824,44275636,15039354,0,4039,4152,-7,1,6437708,6527222,-2143222782,2918264,2917200,14,4805,3275,0,0,-841,-304,-314,1916,122456,0,17975,131050,3807,0,273,1638,0,0,-13059,-1,0,0,0,-17,4159,0,0,79,19118659,0,0,0,0,2916668,57050802,57270536,57490270,0,46239,0,0,-6670436,-579182,37236,948753,-8428089,-98971311,9,0,0,0,0,121823,-12442,3366818,1,0
21,507000,3,,2924116,2912412,2914540,2912412,2914540,2914008,2912412,2924116,0,121269,0,-101474,-11478,964,8250,-29768434,3366818,-2070009594,15379,6733636,2178652,3408992,494187,461187,0,1851,0,0,8091788,3,1,25126025,135,32005,31975,26,0,0,16,2917200,60225,52099,143554,124259,1279,1358,6824,44275636,15039354,0,42,0,2,-5,38,241820,122094,271,1805,0,2524,645,6824,44275636,15039354,0,4039,4152,-7,1,6437708,6527222,-2143222782,2918264,2917200,14,4805,3275,0,0,-841,-304,-314,1916,122456,0,17975,131050,3807,0,273,1638,0,0,-13059,-1,0,0,0,-17,4159,0,0,79,19118659,0,0,0,0,2916668,57050802,57270536,57490270,0,46239,0,0,-6670436,-579182,37236,948753,-8428089,-98971311,9,0,0,0,0,121823,-12442,3366818,1,0
22,507266,3,,2924116,2912412,2914540,2912412,2914540,2914008,2912412,2924116,0,123167,0,-135103,-5673,1246,8250,-15111475,4101612,-638353826,15725,8203224,2178652,3408992,494187,461187,0,1851,0,0,8091788,3,1,25616838,135,32005,31975,26,0,0,16,2917200,60225,52099,143554,124259,1279,1358,6824,44275636,15039354,0,42,0,2,-5,38,266423,123324,313,1138,0,2351,658,6824,44275636,15039354,0,4096,4096,0,0,0,0,-2143222782,2916136,2917200,10,5720,3871,0,0,108,-301,-312,1764,123205,0,19418,132188,3811,0,273,2730,0,0,-13059,-1,0,0,0,-17,4159,0,0,79,19118659,0,0,0,0,2916668,57050802,57270536,57490270,0,46239,0,0,-6179583,-612130,35418,948753,-9095660,-82954178,9,0,0,0,0,123011,-6919,4101612,1,0
23,507533,3,,2924116,2912412,2914540,2912412,2914540,2914008,2912412,2924116,0,124432,0,-149675,-1890,778,8250,-1422256,2841839,793301942,15886,5683678,2178652,3408992,494187,461187,0,1851,0,0,8091788,3,1,26112662,135,32005,31975,26,0,0,16,2917200,60225,52099,143554,124259,1279,1358,6824,44275636,15039354,0,42,0,2,-5,38,290520,124591,318,689,0,2368,649,6824,44275636,15039354,0,4096,4096,0,0,0,0,-2143222782,2916136,2917200,6,5876,3950,0,0,89,-305,-316,1779,124301,0,20565,133138,3823,0,273,3822,0,0,-13059,-1,0,0,0,-17,4159,0,0,79,19118659,0,0,0,0,2916668,57050802,57270536,57490270,0,46239,0,0,-5683747,-626014,30537,948753,-8761875,-68112940,9,0,0,0,0,124273,-2668,2841839,1,0
24,507533,3,,2924116,2912412,2914540,2912412,2914540,2914008,2912412,2924116,0,124432,0,-149675,-1890,778,8250,-1422256,2841839,793301942,15886,5683678,2178652,3408992,494187,461187,0,1851,0,0,8091788,3,1,26112662,135,32005,31975,26,0,0,16,2917200,60225,52099,143554,124259,1279,1358,6824,44275636,15039354,0,42,0,2,-5,38,290520,124591,318,689,0,2368,649,6824,44275636,15039354,0,4096,4096,0,0,0,0,-2143222782,2916136,2917200,6,5876,3950,0,0,89,-305,-316,1779,124301,0,20565,133138,3823,0,273,3822,0,0,-13059,-1,0,0,0,-17,4159,0,0,79,19118659,0,0,0,0,2916668,57050802,57270536,57490270,0,46239,0,0,-5683747,-626014,30537,948753,-8761875,-68112940,9,0,0,0,0,124273,-2668,2841839,1,0
25,507800,3,,2924116,2912412,2914540,2912412,2914540,2914008,2912412,2924116,0,125714,0,-153326,-252,253,8250,1784430,195181,-2070009586,16050,390362,2178652,3408992,494187,461187,0,1851,0,0,8091788,3,1,26613591,135,32005,31975,26,0,0,16,2917200,60225,52099,143554,124259,1279,1358,6824,44275636,15039354,0,42,0,0,-5,38,313079,125874,319,181,0,2392,640,6824,44275636,15039354,0,4096,4096,0,0,0,0,-2143288318,2918796,2917200,2,5886,3930,0,0,72,-314,-323,1800,125556,0,21583,135176,3804,0,0,0,0,0,-13059,-1,0,0,0,-17,4159,0,0,79,19118659,0,0,0,0,2916668,57050802,57270536,57490270,0,46239,0,0,-5182821,-628970,24811,948753,-7677071,-54894575,9,0,0,0,0,125555,-505,195181,1,0
26,507800,3,,2924116,2912412,2914540,2912412,2914540,2914008,2912412,2924116,0,125714,0,-153326,-252,253,8250,1784430,195181,-2070009586,16050,390362,2178652,3408992,494187,461187,0,1851,0,0,8091788,3,1,26613591,135,32005,31975,26,0,0,16,2917200,60225,52099,143554,124259,1279,1358,6824,44275636,15039354,0,42,0,0,-5,38,313079,125874,319,181,0,2392,640,6824,44275636,15039354,0,4096,4096,0,0,0,0,-2143288318,2918796,2917200,2,5886,3930,0,0,72,-314,-323,1800,125556,0,21583,135176,3804,0,0,0,0,0,-13059,-1,0,0,0,-17,4159,0,0,79,19118659,0,0,0,0,2916668,57050802,57270536,57490270,0,46239,0,0,-5182821,-628970,24811,948753,-7677071,-54894575,9,0,0,0,0,125555,-505,195181,1,0
27,508066,3,,2924116,2912412,2914540,2912412,2914540,2914008,2912412,2924116,0,126969,0,-152874,390,103,8250,2650119,67432,-638353818,16212,134864,2178652,3408992,494187,461187,0,1851,0,0,8091788,3,1,27119600,135,32005,31975,26,0,0,16,2917200,60225,52099,143554,124259,1279,1358,6824,44275636,15039354,0,42,0,0,-5,38,334067,127123,308,46,0,2418,631,6824,44275636,15039354,0,4096,4096,0,0,0,0,-2143288318,2912412,2916136,13,5880,3900,0,0,57,-322,-330,1822,126815,0,22132,136066,3817,0,0,0,0,0,-13059,-1,0,0,0,-17,4159,0,0,79,19118659,0,0,0,0,2916668,57050802,57270536,57490270,0,46239,0,0,-4676820,-627815,19583,948753,-6258482,-43763901,9,0,0,0,0,126815,287,67432,1,0
28,508333,3,,2924116,2912412,2914540,2912412,2914540,2914008,2912412,2924116,0,127576,0,-151985,477,-22,8250,2262919,-526955,-2070009582,16330,-620488,2178652,3408992,494187,461187,0,1851,0,0,8091788,3,1,27374450,135,32005,31975,26,0,0,16,2917200,60225,52099,143554,124259,1279,1358,6824,44275636,15039354,0,42,0,0,-5,38,348823,127726,293,-70,0,2435,624,6824,44275636,15039354,0,4096,4096,0,0,0,0,-2143288318,2911880,2916668,10,5875,3878,0,0,48,-329,-335,1837,127726,0,22777,136788,3824,0,0,0,0,0,-13059,-1,0,0,0,-17,4159,0,0,79,19118659,0,0,0,0,2916668,57050802,57270536,57490270,0,46239,0,0,-4421975,-626573,17352,948753,-5424018,-39132159,9,0,0,0,0,127726,477,-526955,1,0
29,508333,3,,2924116,2912412,2914540,2912412,2914540,2914008,2912412,2924116,0,128163,0,-151090,402,-53,8250,1087023,-648941,793301950,16368,-1297882,2178652,3408992,494187,461187,0,1851,0,0,8091788,3,1,27630485,135,32005,31975,26,0,0,16,2917200,60225,52099,143554,124259,1279,1358,6824,44275636,15039354,0,42,0,0,-5,38,353553,128307,288,-99,0,2440,621,6824,44275636,15039354,0,4096,4096,0,0,0,0,-2143288318,2911880,2916136,9,5877,3873,0,0,46,-330,-336,1842,128019,0,22978,137017,3827,0,0,0,0,0,-13059,-1,0,0,0,-17,4159,0,0,79,19118659,0,0,0,0,2916668,57050802,57270536,57490270,0,46239,0,0,-4165945,-625322,15451,948753,-4506107,-35207927,9,0,0,0,0,128019,455,-648941,1,0
30,508600,3,,2924116,2912412,2914540,2912412,2914540,2914008,2912412,2924116,0,129273,0,-150272,-27,-119,8250,-2146769,-758028,-2070009578,16512,-1516056,2178652,3408992,494187,461187,0,1851,0,0,8091788,3,1,28145937,135,32005,31975,26,0,0,16,2917200,60225,52099,143554,124259,1279,1358,6824,44275636,15039354,0,42,0,0,-5,38,371564,129407,268,-157,0,2462,614,6824,44275636,15039354,0,4096,4096,0,0,0,0,-2143288318,2911880,2921988,5,5873,3848,0,0,38,-340,-343,1861,129139,0,23750,137932,3834,0,0,0,0,0,-13059,-1,0,0,0,-17,4159,0,0,79,19118659,0,0,0,0,2916668,57050802,57270536,57490270,0,46239,0,0,-3650502,-623789,12811,948753,-2336500,-29724018,9,0,0,0,0,129139,92,-758028,1,0
31,508600,3,,2924116,2912412,2914540,2912412,2914540,2914008,2912412,2924116,0,129273,0,-150272,-27,-119,8250,-2146769,-758028,-2070009578,16512,-1516056,2178652,3408992,494187,461187,0,1851,0,0,8091788,3,1,28145937,135,32005,31975,26,0,0,16,2917200,60225,52099,143554,124259,1279,1358,6824,44275636,15039354,0,42,0,0,-5,38,371564,129407,268,-157,0,2462,614,6824,44275636,15039354,0,4096,4096,0,0,0,0,-2143288318,2911880,2921988,5,5873,3848,0,0,38,-340,-343,1861,129139,0,23750,137932,3834,0,0,0,0,0,-13059,-1,0,0,0,-17,4159,0,0,79,19118659,0,0,0,0,2916668,57050802,57270536,57490270,0,46239,0,0,-3650502,-623789,12811,948753,-2336500,-29724018,9,0,0,0,0,129139,92,-758028,1,0
32,508866,3,,2924116,2912412,2914540,2912412,2914540,2914008,2912412,2924116,0,130217,0,-151323,-530,-141,8250,-5028213,-802222,-638353810,16647,-1604444,2178652,3408992,494187,461187,0,1851,0,0,8091788,3,1,28665552,135,32005,31975,26,0,0,16,2917200,60225,52099,143554,124259,1279,1358,6824,44275636,15039354,0,42,0,0,-5,38,388288,130438,252,-175,0,2481,607,6824,44275636,15039354,0,4096,4096,0,0,0,0,-2143288318,2911880,2917200,1,5855,3816,0,0,34,-349,-349,1878,130186,0,24457,138747,3843,0,0,0,0,0,-13059,-1,0,0,0,-17,4159,0,0,79,19118659,0,0,0,0,2916668,57050802,57270536,57490270,0,46239,0,0,-3130947,-624119,11945,948886,0,-27822022,10,0,0,0,0,130186,-389,-802222,1,0
33,509133,3,,2924116,2912412,2914540,2912412,2914540,2914008,2912412,2924116,0,131292,0,-154421,-962,-72,8250,-6986894,-204526,793301958,16775,-409052,2178652,3408992,494187,461187,0,1851,0,0,8091788,3,1,29189266,135,32005,31975,26,0,0,16,2917200,60225,52099,143554,124259,1279,1358,6824,44275636,15039354,0,42,0,0,-5,38,403718,131412,239,-106,0,2501,598,6824,44275636,15039354,0,4096,4096,0,0,0,0,-2143288318,2911880,2910816,12,5838,3786,0,0,34,-355,-354,1895,131176,0,24782,139559,3849,0,0,0,0,0,-13059,-1,0,0,0,-17,4159,0,0,79,19118659,0,0,0,0,2916668,57050802,57270536,57490270,0,46239,0,0,-2607230,-626490,12122,948886,83446,-27822022,10,0,0,0,0,131173,-890,-204526,1,0
34,509133,3,,2924116,2912412,2914540,2912412,2914540,2914008,2912412,2924116,0,131292,0,-154421,-962,-72,8250,-6986894,-204526,793301958,16775,-409052,2178652,3408992,494187,461187,0,1851,0,0,8091788,3,1,29189266,135,32005,31975,26,0,0,16,2917200,60225,52099,143554,124259,1279,1358,6824,44275636,15039354,0,42,0,0,-5,38,403718,131412,239,-106,0,2501,598,6824,44275636,15039354,0,4096,4096,0,0,0,0,-2143288318,2911880,2910816,12,5838,3786,0,0,34,-355,-354,1895,131176,0,24782,139559,3849,0,0,0,0,0,-13059,-1,0,0,0,-17,4159,0,0,79,19118659,0,0,0,0,2916668,57050802,57270536,57490270,0,46239,0,0,-2607230,-626490,12122,948886,83446,-27822022,10,0,0,0,0,131173,-890,-204526,1,0
35,509133,3,,2924116,2912412,2914540,2912412,2914540,2914008,2912412,2924116,0,131292,0,-154421,-962,-72,8250,-6986894,-204526,793301958,16775,-409052,2178652,3408992,494187,461187,0,1851,0,0,8091788,3,1,29189266,135,32005,31975,26,0,0,16,2917200,60225,52099,143554,124259,1279,1358,6824,44275636,15039354,0,42,0,0,-5,38,403718,131412,239,-106,0,2501,598,6824,44275636,15039354,0,4096,4096,0,0,0,0,-2143288318,2911880,2910816,12,5838,3786,0,0,34,-355,-354,1895,131176,0,24782,139559,3849,0,0,0,0,0,-13059,-1,0,0,0,-17,4159,0,0,79,19118659,0,0,0,0,2916668,57050802,57270536,57490270,0,46239,0,0,-2607230,-626490,12122,948886,83446,-27822022,10,0,0,0,0,131173,-890,-204526,1,0
36,509400,3,,2924116,2912412,2914540,2912412,2914540,2914008,2912412,2924116,0,132176,0,-154697,766,114,8250,6124581,-340731,-2070009570,16890,-681462,2178652,3408992,494187,461187,0,1851,0,0,8091788,3,1,29716673,135,32005,31975,26,0,0,16,2917200,60225,52099,143554,124259,1279,1358,6824,44275636,15039354,0,42,0,0,-5,38,417743,132291,229,80,0,2517,592,6824,44275636,15039354,0,4096,4096,0,0,0,0,-2143288318,2910816,2914540,8,5836,3767,0,0,34,-360,-359,1910,132063,0,25439,140165,3859,0,0,0,0,0,-13059,-1,0,0,0,-17,4159,0,0,79,19118659,0,0,0,0,2916668,57050802,57270536,57490270,0,46239,0,0,-2079823,-626034,12272,948886,166892,-27822022,10,0,0,0,0,132062,652,-340731,1,0
37,509666,3,,2924116,2912412,2914540,2912412,2914540,2914008,2912412,2924116,0,133058,0,-152604,223,-149,8250,-316821,-1234148,-638353802,17004,-2468296,2178652,3408992,494187,461187,0,1851,0,0,8091788,3,1,30247602,135,32005,31975,26,0,0,16,2917200,60225,52099,143554,124259,1279,1358,6824,44275636,15039354,0,42,0,0,-5,38,430748,133165,214,-183,0,2535,586,6824,44275636,15039354,0,4096,4096,0,0,0,0,-2143288318,2922520,2914540,4,5845,3756,0,0,34,-365,-364,1925,132951,0,25980,141628,3845,0,0,0,0,0,-13059,-1,0,0,0,-17,4159,0,0,79,19118659,0,0,0,0,2916668,57050802,57270536,57490270,0,46239,0,0,-1548898,-623204,12399,948886,250339,-27822022,10,0,0,0,0,132951,372,-1234148,1,0
38,509933,3,,2924116,2912412,2914540,2912412,2914540,2914008,2912412,2924116,0,133900,0,-152622,-151,-46,8250,-2395471,-91271,793301966,17113,-182542,2178652,3408992,494187,461187,0,1851,0,0,8091788,3,1,30781947,135,32005,31975,26,0,0,16,2917200,60225,52099,143554,124259,1279,1358,6824,44275636,15039354,0,42,0,0,-5,38,442701,134004,207,-80,0,2550,580,6824,44275636,15039354,0,4096,4096,0,0,0,0,-2143288318,2913476,2914540,15,5842,3738,0,0,34,-370,-369,1939,133797,0,26484,142294,3851,0,0,0,0,0,-13059,-1,0,0,0,-17,4159,0,0,79,19118659,0,0,0,0,2916668,57050802,57270536,57490270,0,46239,0,0,-1014554,-622480,12667,948886,333785,-27822022,10,0,0,0,0,133797,-105,-91271,1,0
39,509933,3,,2924116,2912412,2914540,2912412,2914540,2914008,2912412,2924116,0,133900,0,-152622,-151,-46,8250,-2395471,-91271,793301966,17113,-182542,2178652,3408992,494187,461187,0,1851,0,0,8091788,3,1,30781947,135,32005,31975,26,0,0,16,2917200,60225,52099,143554,124259,1279,1358,6824,44275636,15039354,0,42,0,0,-5,38,442701,134004,207,-80,0,2550,580,6824,44275636,15039354,0,4096,4096,0,0,0,0,-2143288318,2913476,2914540,15,5842,3738,0,0,34,-370,-369,1939,133797,0,26484,142294,3851,0,0,0,0,0,-13059,-1,0,0,0,-17,4159,0,0,79,19118659,0,0,0,0,2916668,57050802,57270536,57490270,0,46239,0,0,-1014554,-622480,12667,948886,333785,-27822022,10,0,0,0,0,133797,-105,-91271,1,0
40,510200,3,,2924116,2912412,2914540,2912412,2914540,2914008,2912412,2924116,0,134713,0,-153350,-191,0,8250,-2033625,100740,-2070009562,17218,201480,2178652,3408992,494187,461187,0,1851,0,0,8091788,3,1,31319593,135,32005,31975,26,0,0,16,2917200,60225,52099,143554,124259,1279,1358,6824,44275636,15039354,0,42,0,0,-5,38,453658,134813,199,-34,0,2566,575,6824,44275636,15039354,0,4096,4096,0,0,0,0,-2143288318,2916136,2914540,11,5840,3721,0,0,34,-375,-374,1953,134614,0,26924,142863,3859,0,0,0,0,0,-13059,-1,0,0,0,-17,4159,0,0,79,19118659,0,0,0,0,2916668,57050802,57270536,57490270,0,46239,0,0,-476908,-622461,13001,948886,333785,-27822022,10,0,0,0,0,134614,-191,100740,1,0
41,510200,3,,2924116,2912412,2914540,2912412,2914540,2914008,2912412,2924116,0,134713,0,-153350,-191,0,8250,-2033625,100740,-2070009562,17218,201480,2178652,3408992,494187,461187,0,1851,0,0,8091788,3,1,31319593,135,32005,31975,26,0,0,16,2917200,60225,52099,143554,124259,1279,1358,6824,44275636,15039354,0,42,0,0,-5,38,453658,134813,199,-34,0,2566,575,6824,44275636,15039354,0,4096,4096,0,0,0,0,-2143288318,2916136,2914540,11,5840,3721,0,0,34,-375,-374,1953,134614,0,26924,142863,3859,0,0,0,0,0,-13059,-1,0,0,0,-17,4159,0,0,79,19118659,0,0,0,0,2916668,57050802,57270536,57490270,0,46239,0,0,-476908,-622461,13001,948886,333785,-27822022,10,0,0,0,0,134614,-191,100740,1,0
42,510466,3,,2924116,2912412,2914540,2912412,2914540,2914008,2912412,2924116,0,135490,0,-154062,-170,3,8250,-1725313,35299,-638353794,17318,70598,2178652,3408992,494187,461187,0,1851,0,0,8091788,3,1,31860401,135,32005,31975,26,0,0,16,2917200,60225,52099,143554,124259,1279,1358,6824,44275636,15039354,0,42,0,0,-5,38,463636,135584,188,-31,0,2582,569,6824,44275636,15039354,0,4096,4096,0,0,0,0,-2143288318,2916136,2914540,7,5838,3705,0,0,34,-380,-379,1967,135396,0,27299,143606,3861,0,0,0,0,0,-13059,-1,0,0,0,-17,4159,0,0,79,19118659,0,0,0,0,2916668,57050802,57270536,57490270,0,46239,0,0,63899,-622423,13354,948886,333785,-27822022,10,0,0,0,0,135396,-173,35299,1,0
43,510533,3,,2924116,2912412,2914540,2912412,2914540,2914008,2912412,2924116,0,135490,0,-154062,-170,3,8250,-1725313,35299,-638353794,17318,70598,2178652,3408992,494187,461187,0,1851,0,0,8091788,3,1,31860401,135,32005,31975,26,0,0,16,2917200,60225,52099,143554,124259,1279,1358,6824,44275636,15039354,0,42,0,0,-5,38,463636,135584,188,-31,0,2582,569,6824,44275636,15039354,0,4096,4096,0,0,0,0,-2143288318,2916136,2914540,7,5838,3705,0,0,34,-380,-379,1967,135396,0,27299,143606,3861,0,0,0,0,0,-13059,-1,0,0,0,-17,4159,0,0,79,19118659,0,0,0,0,2916668,57050802,57270536,57490270,0,46239,0,0,63899,-622423,13354,948886,333785,-27822022,10,0,0,0,0,135396,-173,35299,1,0
44,510733,3,,2924116,2912412,2914540,2912412,2914540,2914008,2912412,2924116,0,136229,0,-154548,-55,37,8250,-876872,245083,793301974,17414,490166,2178652,3408992,494187,461187,0,1851,0,0,8091788,3,1,32404220,135,32005,31975,26,0,0,16,2917200,60225,52099,143554,124259,1279,1358,6824,44275636,15039354,0,42,0,0,-5,38,472686,136319,180,3,0,2595,564,6824,44275636,15039354,0,4096,4096,0,0,0,0,-2143288318,2916136,2914540,3,5838,3691,0,0,34,-384,-383,1979,136139,0,27626,144105,3869,0,0,0,0,0,-13059,-1,0,0,0,-17,4159,0,0,79,19118659,0,0,0,0,2916668,57050802,57270536,57490270,0,46239,0,0,607718,-622154,13699,948886,333785,-27822022,10,0,0,0,0,136139,-92,245083,1,0
45,511000,3,,2924116,2912412,2914540,2912412,2914540,2914008,2912412,2924116,0,136933,0,-154542,44,16,8250,-403946,47421,-2070009554,17505,94842,2178652,3408992,494187,461187,0,1851,0,0,8091788,3,1,32950906,135,32005,31975,26,0,0,16,2917200,60225,52099,143554,124259,1279,1358,6824,44275636,15039354,0,42,0,0,-5,38,480849,137019,172,-18,0,2609,560,6824,44275636,15039354,0,4096,4096,0,0,0,0,-2143288318,2921988,2914540,14,5840,3679,0,0,34,-388,-387,1992,136847,0,27904,144676,3874,0,0,0,0,0,-13059,-1,0,0,0,-17,4159,0,0,79,19118659,0,0,0,0,2916668,57050802,57270536,57490270,0,46239,0,0,1154403,-621389,14003,948886,333785,-27822022,10,0,0,0,0,136847,28,47421,1,0
46,511000,3,,2924116,2912412,2914540,2912412,2914540,2914008,2912412,2924116,0,136933,0,-154542,44,16,8250,-403946,47421,-2070009554,17505,94842,2178652,3408992,494187,461187,0,1851,0,0,8091788,3,1,32950906,135,32005,31975,26,0,0,16,2917200,60225,52099,143554,124259,1279,1358,6824,44275636,15039354,0,42,0,0,-5,38,480849,137019,172,-18,0,2609,560,6824,44275636,15039354,0,4096,4096,0,0,0,0,-2143288318,2921988,2914540,14,5840,3679,0,0,34,-388,-387,1992,136847,0,27904,144676,3874,0,0,0,0,0,-13059,-1,0,0,0,-17,4159,0,0,79,19118659,0,0,0,0,2916668,57050802,57270536,57490270,0,46239,0,0,1154403,-621389,14003,948886,333785,-27822022,10,0,0,0,0,136847,28,47421,1,0
47,511266,3,,2924116,2912412,2914540,2912412,2914540,2914008,2912412,2924116,0,137599,0,-154271,83,2,8250,-324619,-33632,-638353786,17592,-67264,2178652,3408992,494187,461187,0,1851,0,0,8091788,3,1,33500315,135,32005,31975,26,0,0,16,2917200,60225,52099,143554,124259,1279,1358,6824,44275636,15039354,0,42,0,0,-5,38,488156,137680,161,-32,0,2621,554,6824,44275636,15039354,0,4096,4096,0,0,0,0,-2143288318,2912412,2915072,10,5844,3669,0,0,34,-392,-391,2003,137519,0,28129,145247,3878,0,0,0,0,0,-13059,-1,0,0,0,-17,4159,0,0,79,19118659,0,0,0,0,2916668,57050802,57270536,57490270,0,46239,0,0,1703810,-620355,14256,948886,250339,-27822022,10,0,0,0,0,137519,81,-33632,1,0
48,511333,3,,2924116,2912412,2914540,2912412,2914540,2914008,2912412,2924116,0,137599,0,-154271,83,2,8250,-324619,-33632,-638353786,17592,-67264,2178652,3408992,494187,461187,0,1851,0,0,8091788,3,1,33500315,135,32005,31975,26,0,0,16,2917200,60225,52099,143554,124259,1279,1358,6824,44275636,15039354,0,42,0,0,-5,38,488156,137680,161,-32,0,2621,554,6824,44275636,15039354,0,4096,4096,0,0,0,0,-2143288318,2912412,2915072,10,5844,3669,0,0,34,-392,-391,2003,137519,0,28129,145247,3878,0,0,0,0,0,-13059,-1,0,0,0,-17,4159,0,0,79,19118659,0,0,0,0,2916668,57050802,57270536,57490270,0,46239,0,0,1703810,-620355,14256,948886,250339,-27822022,10,0,0,0,0,137519,81,-33632,1,0
49,511533,3,,2924116,2912412,2914540,2912412,2914540,2914008,2912412,2924116,0,138230,0,-153907,92,-3,8250,-357116,-43651,793301982,17674,-87302,2178652,3408992,494187,461187,0,1851,0,0,8091788,3,1,34052299,135,32005,31975,26,0,0,16,2917200,60225,52099,143554,124259,1279,1358,6824,44275636,15039354,0,42,0,0,-5,38,494658,138307,154,-37,0,2633,551,6824,44275636,15039354,0,4096,4096,0,0,0,0,-2143288318,2912412,2914540,6,5848,3660,0,0,34,-396,-395,2014,138153,0,28317,145812,3880,0,0,0,0,0,-13059,-1,0,0,0,-17,4159,0,0,79,19118659,0,0,0,0,2916668,57050802,57270536,57490270,0,46239,0,0,2255793,-619225,14445,948886,166892,-27822022,10,0,0,0,0,138153,95,-43651,1,0
50,511800,3,,2924116,2912412,2914540,2912412,2914540,2914008,2912412,2924116,0,138829,0,-153515,105,4,8250,-287036,23391,-2070009546,17751,46782,2178652,3408992,494187,461187,0,1851,0,0,8091788,3,1,34606726,135,32005,31975,26,0,0,16,2917200,60225,52099,143554,124259,1279,1358,6824,44275636,15039354,0,42,0,0,-5,38,500365,138902,146,-30,0,2646,546,6824,44275636,15039354,0,4096,4096,0,0,0,0,-2143288318,2918796,2914540,2,5851,3652,0,0,34,-399,-398,2025,138756,0,28462,146269,3885,0,0,0,0,0,-13059,-1,0,0,0,-17,4159,0,0,79,19118659,0,0,0,0,2916668,57050802,57270536,57490270,0,46239,0,0,2810217,-618063,14550,948886,83446,-27822022,10,0,0,0,0,138756,101,23391,1,0
51,511800,3,,2924116,2912412,2914540,2912412,2914540,2914008,2912412,2924116,0,138829,0,-153515,105,4,8250,-287036,23391,-2070009546,17751,46782,2178652,3408992,494187,461187,0,1851,0,0,8091788,3,1,34606726,135,32005,31975,26,0,0,16,2917200,60225,52099,143554,124259,1279,1358,6824,44275636,15039354,0,42,0,0,-5,38,500365,138902,146,-30,0,2646,546,6824,44275636,15039354,0,4096,4096,0,0,0,0,-2143288318,2918796,2914540,2,5851,3652,0,0,34,-399,-398,2025,138756,0,28462,146269,3885,0,0,0,0,0,-13059,-1,0,0,0,-17,4159,0,0,79,19118659,0,0,0,0,2916668,57050802,57270536,57490270,0,46239,0,0,2810217,-618063,14550,948886,83446,-27822022,10,0,0,0,0,138756,101,23391,1,0
52,512066,3,,2924116,2912412,2914540,2912412,2914540,2914008,2912412,2924116,0,139401,0,-153115,98,1,8250,-355453,11396,-638353778,17825,22792,2178652,3408992,494187,461187,0,1851,0,0,8091788,3,1,35163480,135,32005,31975,26,0,0,16,2917200,60225,52099,143554,124259,1279,1358,6824,44275636,15039354,0,42,0,0,-5,38,505382,139471,139,-33,0,2656,543,6824,44275636,15039354,0,4096,4096,0,0,0,0,-2143288318,2918796,2914540,13,5860,3646,0,0,34,-403,-402,2035,139332,0,28557,146725,3889,0,0,0,0,0,-13059,-1,0,0,0,-17,4159,0,0,79,19118659,0,0,0,0,2916668,57050802,57270536,57490270,0,46239,0,0,3366961,-616891,14678,948740,751017,-28135439,11,0,0,0,0,139332,97,11396,1,0
53,512266,3,,2924116,2912412,2914540,2912412,2914540,2914008,2912412,2924116,0,139401,0,-153115,98,1,8250,-355453,11396,-638353778,17825,22792,2178652,3408992,494187,461187,0,1851,0,0,8091788,3,1,35163480,135,32005,31975,26,0,0,16,2917200,60225,52099,143554,124259,1279,1358,6824,44275636,15039354,0,42,0,0,-5,38,505382,139471,139,-33,0,2656,543,6824,44275636,15039354,0,4096,4096,0,0,0,0,-2143288318,2918796,2914540,13,5860,3646,0,0,34,-403,-402,2035,139332,0,28557,146725,3889,0,0,0,0,0,-13059,-1,0,0,0,-17,4159,0,0,79,19118659,0,0,0,0,2916668,57050802,57270536,57490270,0,46239,0,0,3366961,-616891,14678,948740,751017,-28135439,11,0,0,0,0,139332,97,11396,1,0
54,512333,3,,2924116,2912412,2914540,2912412,2914540,2914008,2912412,2924116,0,139939,0,-152707,108,-2,8250,-333427,-52505,793301990,17895,-105010,2178652,3408992,494187,461187,0,1851,0,0,8091788,3,1,35722441,135,32005,31975,26,0,0,16,2917200,60225,52099,143554,124259,1279,1358,6824,44275636,15039354,0,42,0,0,-5,38,509673,140004,130,-40,0,2667,540,6824,44275636,15039354,0,4096,4096,0,0,0,0,-2143288318,2918796,2914540,9,5867,3641,0,0,38,-409,-405,2045,139874,0,28535,147147,3893,0,0,0,0,0,-13059,-1,0,0,0,-17,4159,0,0,79,19118659,0,0,0,0,2916668,57050802,57270536,57490270,0,46239,0,0,3925914,-615707,16253,948740,3004071,-32248954,11,0,0,0,0,139874,110,-52505,1,0
55,512600,3,,2924116,2912412,2914540,2912412,2914540,2914008,2912412,2924116,0,140441,0,-152145,199,34,8250,147398,169955,-2070009538,17961,339910,2178652,3408992,494187,461187,0,1851,0,0,8091788,3,1,36283462,135,32005,31975,26,0,0,16,2917200,60225,52099,143554,124259,1279,1358,6824,44275636,15039354,0,42,0,0,-5,38,513276,140502,122,-13,0,2676,536,6824,44275636,15039354,0,4096,4096,0,0,0,0,-2143288318,2916136,2914540,5,5870,3634,0,0,47,-414,-408,2053,140380,0,28555,147553,3896,0,0,0,0,0,-13059,-1,0,0,0,-17,4159,0,0,79,19118659,0,0,0,0,2916668,57050802,57270536,57490270,0,46239,0,0,4486926,-614366,19512,948740,4839892,-40637995,11,0,0,0,0,140380,165,169955,1,0
56,512600,3,,2924116,2912412,2914540,2912412,2914540,2914008,2912412,2924116,0,140441,0,-152145,199,34,8250,147398,169955,-2070009538,17961,339910,2178652,3408992,494187,461187,0,1851,0,0,8091788,3,1,36283462,135,32005,31975,26,0,0,16,2917200,60225,52099,143554,124259,1279,1358,6824,44275636,15039354,0,42,0,0,-5,38,513276,140502,122,-13,0,2676,536,6824,44275636,15039354,0,4096,4096,0,0,0,0,-2143288318,2916136,2914540,5,5870,3634,0,0,47,-414,-408,2053,140380,0,28555,147553,3896,0,0,0,0,0,-13059,-1,0,0,0,-17,4159,0,0,79,19118659,0,0,0,0,2916668,57050802,57270536,57490270,0,46239,0,0,4486926,-614366,19512,948740,4839892,-40637995,11,0,0,0,0,140380,165,169955,1,0
57,512866,3,,2924116,2912412,2914540,2912412,2914540,2914008,2912412,2924116,0,140896,0,-150075,935,227,8250,4836396,1313028,-638353770,18021,2626056,2178652,3408992,494187,461187,0,1851,0,0,8091788,3,1,36846382,135,32005,31975,26,0,0,16,2917200,60225,52099,143554,124259,1279,1358,6824,44275636,15039354,0,42,0,0,-5,38,516140,140951,109,166,0,2683,534,6824,44275636,15039354,0,4096,4096,0,0,0,0,-2143288318,2916136,2914540,1,5792,3579,0,0,61,-419,-411,2060,140843,0,28479,147953,3899,0,0,0,0,0,-13059,-1,0,0,0,-17,4159,0,0,79,19118659,0,0,0,0,2916668,57050802,57270536,57490270,0,46239,0,0,5049836,-611515,24133,948740,6508820,-52635266,11,0,0,0,0,140842,708,1313028,1,0
58,513066,3,,2924116,2912412,2914540,2912412,2914540,2914008,2912412,2924116,0,140896,0,-150075,935,227,8250,4836396,1313028,-638353770,18021,2626056,2178652,3408992,494187,461187,0,1851,0,0,8091788,3,1,36846382,135,32005,31975,26,0,0,16,2917200,60225,52099,143554,124259,1279,1358,6824,44275636,15039354,0,42,0,0,-5,38,516140,140951,109,166,0,2683,534,6824,44275636,15039354,0,4096,4096,0,0,0,0,-2143288318,2916136,2914540,1,5792,3579,0,0,61,-419,-411,2060,140843,0,28479,147953,3899,0,0,0,0,0,-13059,-1,0,0,0,-17,4159,0,0,79,19118659,0,0,0,0,2916668,57050802,57270536,57490270,0,46239,0,0,5049836,-611515,24133,948740,6508820,-52635266,11,0,0,0,0,140842,708,1313028,1,0
59,513133,3,,2924116,2912412,2914540,2912412,2914540,2914008,2912412,2924116,0,141269,0,-142537,3239,849,8250,19370975,5377010,793301998,18072,10754020,2178652,3408992,494187,461187,0,1851,0,0,8091788,3,1,37410938,135,32005,31975,26,0,0,16,2917200,60225,52099,143554,124259,1279,1358,6824,44275636,15039354,0,42,0,0,-5,38,518161,141306,74,770,0,2700,531,6824,44275636,15039354,0,4096,4096,0,0,0,0,-2143288318,2916136,2914540,12,5058,3121,0,0,79,-427,-417,2075,141252,0,28324,148204,3903,0,0,0,0,0,-13059,-1,0,0,0,-17,4159,0,0,79,19118659,0,0,0,0,2916668,57050802,57270536,57490270,0,46239,0,0,5614375,-603193,29409,948740,7677070,-67543284,11,0,0,0,0,141232,2390,5377010,1,0
60,513400,3,,2924116,2912412,2914540,2912412,2914540,2914008,2912412,2924116,0,141507,0,-121595,7494,1198,8250,43441049,6472077,-2070009530,18107,12944154,2178652,3408992,494187,461187,0,1851,0,0,8091788,3,1,37976651,135,32005,31975,26,0,0,16,2917200,60225,52099,143554,124259,1279,1358,6824,44275636,15039354,0,42,0,0,-5,38,519342,141527,40,1099,0,2752,527,6824,44275636,15039354,0,4096,4096,0,0,0,0,-2143288318,2912412,2916136,8,1874,1156,0,0,99,-445,-434,2124,141627,0,28157,148070,3913,0,0,0,0,0,-13059,-1,0,0,0,-17,4159,0,0,79,19118659,0,0,0,0,2916668,57050802,57270536,57490270,0,46239,0,0,6180051,-581466,33700,948740,8094302,-84631508,11,0,0,0,0,141487,6296,6472077,1,0
61,513400,3,,2924116,2912412,2914540,2912412,2914540,2914008,2912412,2924116,0,141507,0,-121595,7494,1198,8250,43441049,6472077,-2070009530,18107,12944154,2178652,3408992,494187,461187,0,1851,0,0,8091788,3,1,37976651,135,32005,31975,26,0,0,16,2917200,60225,52099,143554,124259,1279,1358,6824,44275636,15039354,0,42,0,0,-5,38,519342,141527,40,1099,0,2752,527,6824,44275636,15039354,0,4096,4096,0,0,0,0,-2143288318,2912412,2916136,8,1874,1156,0,0,99,-445,-434,2124,141627,0,28157,148070,3913,0,0,0,0,0,-13059,-1,0,0,0,-17,4159,0,0,79,19118659,0,0,0,0,2916668,57050802,57270536,57490270,0,46239,0,0,6180051,-581466,33700,948740,8094302,-84631508,11,0,0,0,0,141487,6296,6472077,1,0
62,513666,3,,2924116,2912412,2914540,2912412,2914540,2914008,2912412,2924116,0,141595,0,-80942,12110,508,8250,64633840,89793,-638353762,18120,179586,2178652,3408992,494187,461187,0,1851,0,0,8091788,3,1,38542906,135,32005,31975,26,0,0,16,2917200,60225,52099,143554,124259,1279,1358,6824,44275636,15039354,0,42,0,0,-5,38,517877,141616,42,386,0,2816,522,6824,44275636,15039354,0,4096,4096,0,0,0,0,-2143288318,2925180,2916136,4,0,0,0,0,122,-465,-455,2184,142048,0,26539,146371,3961,0,0,0,0,0,-13059,-1,0,0,0,-17,4159,0,0,79,19118659,0,0,0,0,2916668,57050802,57270536,57490270,0,46239,0,0,6746242,-540027,34663,948740,7593624,-103145801,11,0,0,0,0,141574,11602,89793,1,0
63,513733,3,,2924116,2912412,2914540,2912412,2914540,2914008,2912412,2924116,0,141595,0,-80942,12110,508,8250,64633840,89793,-638353762,18120,179586,2178652,3408992,494187,461187,0,1851,0,0,8091788,3,1,38542906,135,32005,31975,26,0,0,16,2917200,60225,52099,143554,124259,1279,1358,6824,44275636,15039354,0,42,0,0,-5,38,517877,141616,42,386,0,2816,522,6824,44275636,15039354,0,4096,4096,0,0,0,0,-2143288318,2925180,2916136,4,0,0,0,0,122,-465,-455,2184,142048,0,26539,146371,3961,0,0,0,0,0,-13059,-1,0,0,0,-17,4159,0,0,79,19118659,0,0,0,0,2916668,57050802,57270536,57490270,0,46239,0,0,6746242,-540027,34663,948740,7593624,-103145801,11,0,0,0,0,141574,11602,89793,1,0
64,513933,3,,2924116,2912412,2914540,2912412,2914540,2914008,2912412,2924116,0,140309,0,-34457,10503,-707,8250,96449428,1668345,793302006,17942,3336690,2178652,3408992,494187,461187,0,1851,0,0,8091788,3,1,39103983,135,32005,31975,26,0,0,16,2917200,60225,52099,143554,124259,1279,1358,6824,44275636,15039354,0,42,0,0,-5,38,512222,141207,-103,2354,0,3354,451,6824,44275636,15039354,0,4065,4126,7,1,6094877,6140191,-2143288318,2918796,2914540,15,597,377,0,0,-3061,-463,-453,2732,141753,0,22819,144312,4010,0,0,0,0,0,-13059,-1,0,0,0,-17,4159,0,0,79,19118659,0,0,0,0,2916668,57050802,57270536,57490270,0,46239,0,0,7309445,-470000,33249,59846735,7593624,-122814455,12,0,0,0,0,141310,11210,1668345,1,0
65,514200,3,,2924116,2912412,2914540,2912412,2914540,2914008,2912412,2924116,0,140641,0,3072,7947,-771,8250,91707392,-3103674,-2070009522,18011,-6207348,2178652,3408992,494187,461187,0,1851,0,0,8091788,3,1,39666323,135,32005,31975,26,0,0,16,2917200,60225,52099,143554,124259,1279,1358,6824,44275636,15039354,0,42,0,0,-5,38,496401,140477,-431,2249,0,3383,445,6824,44275636,15039354,0,4092,4099,5,1,6094877,6100138,-2143289088,2926776,2912944,11,3101,1984,0,0,-3020,-444,-434,2765,141177,0,18991,141429,4080,0,0,0,0,0,-13059,-1,0,0,0,-17,4159,0,0,79,19118659,0,0,0,0,2916668,57050802,57270536,57490270,0,46239,0,0,7862952,-357736,31993,122909433,7009499,-143387003,12,0,0,0,0,140908,8718,-3103674,1,0
66,514200,3,,2924116,2912412,2914540,2912412,2914540,2914008,2912412,2924116,0,140641,0,3072,7947,-771,8250,91707392,-3103674,-2070009522,18011,-6207348,2178652,3408992,494187,461187,0,1851,0,0,8091788,3,1,39666323,135,32005,31975,26,0,0,16,2917200,60225,52099,143554,124259,1279,1358,6824,44275636,15039354,0,42,0,0,-5,38,496401,140477,-431,2249,0,3383,445,6824,44275636,15039354,0,4092,4099,5,1,6094877,6100138,-2143289088,2926776,2912944,11,3101,1984,0,0,-3020,-444,-434,2765,141177,0,18991,141429,4080,0,0,0,0,0,-13059,-1,0,0,0,-17,4159,0,0,79,19118659,0,0,0,0,2916668,57050802,57270536,57490270,0,46239,0,0,7862952,-357736,31993,122909433,7009499,-143387003,12,0,0,0,0,140908,8718,-3103674,1,0
67,514466,3,,2924116,2912412,2914540,2912412,2914540,2914008,2912412,2924116,0,138684,0,29728,5731,-283,8250,81885309,-1084468,-638353754,17813,-2168936,2178652,3408992,494187,461187,0,1851,0,0,8091788,3,1,40224071,135,32005,31975,26,0,0,16,2917200,60225,52099,143554,124259,1279,1358,6824,44275636,15039354,0,42,0,0,-5,38,475879,137755,-643,2594,0,3374,456,6824,44275636,15039354,0,4112,4079,4,1,6094877,6071022,-2143289088,2926776,2912944,7,4313,2803,0,0,-2877,-416,-408,2754,138528,0,17100,138688,4087,0,0,0,0,0,-13059,-1,0,0,0,-17,4159,0,0,79,19118659,0,0,0,0,2916668,57050802,57270536,57490270,0,46239,0,0,8398912,-207438,31359,185457167,6091588,-163006062,12,0,0,0,0,138398,6014,-1084468,1,0
68,514733,3,,2924116,2912412,2914540,2912412,2914540,2914008,2912412,2924116,0,138684,0,29728,5731,-283,8250,81885309,-1084468,-638353754,17813,-2168936,2178652,3408992,494187,461187,0,1851,0,0,8091788,3,1,40224071,135,32005,31975,26,0,0,16,2917200,60225,52099,143554,124259,1279,1358,6824,44275636,15039354,0,42,0,0,-5,38,475879,137755,-643,2594,0,3374,456,6824,44275636,15039354,0,4112,4079,4,1,6094877,6071022,-2143289088,2926776,2912944,7,4313,2803,0,0,-2877,-416,-408,2754,138528,0,17100,138688,4087,0,0,0,0,0,-13059,-1,0,0,0,-17,4159,0,0,79,19118659,0,0,0,0,2916668,57050802,57270536,57490270,0,46239,0,0,8398912,-207438,31359,185457167,6091588,-163006062,12,0,0,0,0,138398,6014,-1084468,1,0
69,514733,3,,2924116,2912412,2914540,2912412,2914540,2914008,2912412,2924116,0,136553,0,49627,4268,-323,8250,73600001,-1932648,793302014,17549,-3865296,2178652,3408992,494187,461187,0,1851,0,0,8091788,3,1,40773503,135,32005,31975,26,0,0,16,2917200,60225,52099,143554,124259,1279,1358,6824,44275636,15039354,0,42,0,0,-5,38,456129,135185,-648,2411,0,3364,467,6824,44275636,15039354,0,4126,4065,3,1,6094877,6049680,-2143289088,2926776,2912944,3,4843,3193,0,0,-2734,-395,-388,2743,135910,0,16166,136100,4087,0,0,0,0,0,-13059,-1,0,0,0,-17,4159,0,0,79,19118659,0,0,0,0,2916668,57050802,57270536,57490270,0,46239,0,0,8911268,-18799,30717,247072319,4839892,-180063782,12,0,0,0,0,135833,4591,-1932648,1,0
70,515000,3,,2924116,2912412,2914540,2912412,2914540,2914008,2912412,2924116,0,134262,0,64852,3458,-144,8250,68280168,-1053043,-2070009514,17262,-2106086,2178652,3408992,494187,461187,0,1851,0,0,8091788,3,1,41314025,135,32005,31975,26,0,0,16,2917200,60225,52099,143554,124259,1279,1358,6824,44275636,15039354,0,42,0,0,-5,38,436931,132567,-659,2451,0,3344,483,6824,44275636,15039354,0,4137,4054,2,1,6094877,6033555,-2143289088,2926776,2912944,14,5024,3370,0,0,-2595,-376,-371,2721,133274,0,14866,133465,4088,0,0,0,0,0,-13059,-1,0,0,0,-17,4159,0,0,79,19118659,0,0,0,0,2916668,57050802,57270536,57490270,0,46239,0,0,9397012,206462,29735,307688273,3254410,-193288791,12,0,0,0,0,133226,3602,-1053043,1,0
71,515000,3,,2924116,2912412,2914540,2912412,2914540,2914008,2912412,2924116,0,134262,0,64852,3458,-144,8250,68280168,-1053043,-2070009514,17262,-2106086,2178652,3408992,494187,461187,0,1851,0,0,8091788,3,1,41314025,135,32005,31975,26,0,0,16,2917200,60225,52099,143554,124259,1279,1358,6824,44275636,15039354,0,42,0,0,-5,38,436931,132567,-659,2451,0,3344,483,6824,44275636,15039354,0,4137,4054,2,1,6094877,6033555,-2143289088,2926776,2912944,14,5024,3370,0,0,-2595,-376,-371,2721,133274,0,14866,133465,4088,0,0,0,0,0,-13059,-1,0,0,0,-17,4159,0,0,79,19118659,0,0,0,0,2916668,57050802,57270536,57490270,0,46239,0,0,9397012,206462,29735,307688273,3254410,-193288791,12,0,0,0,0,133226,3602,-1053043,1,0
72,515266,3,,2924116,2912412,2914540,2912412,2914540,2914008,2912412,2924116,0,132330,0,77421,2739,-228,8250,66075186,674344,-638353746,16994,1348688,2178652,3408992,494187,461187,0,1851,0,0,8091788,3,1,41845915,135,32005,31975,26,0,0,16,2917200,60225,52099,143554,124259,1279,1358,6824,44275636,15039354,0,42,0,0,-5,38,418501,130101,-567,2747,0,3444,481,6824,44275636,15039354,0,4156,4036,2,1,5151470,5076902,-2143289088,2926776,2912944,10,5197,3532,0,0,-2975,-359,-356,2833,130701,0,14299,130982,4086,0,0,0,0,0,-13059,-1,0,0,0,-17,4159,0,0,79,19118659,0,0,0,0,2916668,57050802,57270536,57490270,0,46239,0,0,9853199,466746,27956,370919686,1585482,-201610417,13,0,0,0,0,130668,2967,674344,1,0
73,515533,3,,2924116,2912412,2914540,2912412,2914540,2914008,2912412,2924116,0,132330,0,77421,2739,-228,8250,66075186,674344,-638353746,16994,1348688,2178652,3408992,494187,461187,0,1851,0,0,8091788,3,1,41845915,135,32005,31975,26,0,0,16,2917200,60225,52099,143554,124259,1279,1358,6824,44275636,15039354,0,42,0,0,-5,38,418501,130101,-567,2747,0,3444,481,6824,44275636,15039354,0,4156,4036,2,1,5151470,5076902,-2143289088,2926776,2912944,10,5197,3532,0,0,-2975,-359,-356,2833,130701,0,14299,130982,4086,0,0,0,0,0,-13059,-1,0,0,0,-17,4159,0,0,79,19118659,0,0,0,0,2916668,57050802,57270536,57490270,0,46239,0,0,9853199,466746,27956,370919686,1585482,-201610417,13,0,0,0,0,130668,2967,674344,1,0
74,515533,3,,2924116,2912412,2914540,2912412,2914540,2914008,2912412,2924116,0,130715,0,86494,1817,-211,8250,63285517,-1171212,793302022,16767,-2342424,2178652,3408992,494187,461187,0,1851,0,0,8091788,3,1,42370830,135,32005,31975,26,0,0,16,2917200,60225,52099,143554,124259,1279,1358,6824,44275636,15039354,0,42,0,0,-5,38,402965,128418,-305,2613,0,3389,498,6824,44275636,15039354,0,4164,4028,1,1,5151470,5066899,-2143289088,2926776,2912944,6,5345,3665,0,0,-2824,-345,-344,2771,128738,0,14141,129288,4078,0,0,0,0,0,-13059,-1,0,0,0,-17,4159,0,0,79,19118659,0,0,0,0,2916668,57050802,57270536,57490270,0,46239,0,0,10276193,763049,25750,440296519,0,-204043029,14,0,0,0,0,128723,2028,-1171212,1,0
75,515800,3,,2924116,2912412,2914540,2912412,2914540,2914008,2912412,2924116,0,129847,0,92395,1165,-148,8250,58699092,-953951,-2070009506,16642,-1907902,2178652,3408992,494187,461187,0,1851,0,0,8091788,3,1,42891303,135,32005,31975,26,0,0,16,2917200,60225,52099,143554,124259,1279,1358,6824,44275636,15039354,0,42,0,0,-5,38,389617,127531,-175,2587,0,3383,504,6824,44275636,15039354,0,4167,4025,1,1,5312738,5221582,-2143289088,2914540,2912944,2,5413,3731,0,0,-2735,-337,-337,2765,127712,0,13655,128394,4074,0,0,0,0,0,-13059,-1,0,0,0,-17,4159,0,0,79,19118659,0,0,0,0,2916668,57050802,57270536,57490270,0,46239,0,0,10665909,1094398,23894,507263171,-83447,-204043029,14,0,0,0,0,127706,1313,-953951,1,0
76,515800,3,,2924116,2912412,2914540,2912412,2914540,2914008,2912412,2924116,0,129847,0,92395,1165,-148,8250,58699092,-953951,-2070009506,16642,-1907902,2178652,3408992,494187,461187,0,1851,0,0,8091788,3,1,42891303,135,32005,31975,26,0,0,16,2917200,60225,52099,143554,124259,1279,1358,6824,44275636,15039354,0,42,0,0,-5,38,389617,127531,-175,2587,0,3383,504,6824,44275636,15039354,0,4167,4025,1,1,5312738,5221582,-2143289088,2914540,2912944,2,5413,3731,0,0,-2735,-337,-337,2765,127712,0,13655,128394,4074,0,0,0,0,0,-13059,-1,0,0,0,-17,4159,0,0,79,19118659,0,0,0,0,2916668,57050802,57270536,57490270,0,46239,0,0,10665909,1094398,23894,507263171,-83447,-204043029,14,0,0,0,0,127706,1313,-953951,1,0
77,516066,3,,2924116,2912412,2914540,2912412,2914540,2914008,2912412,2924116,0,129300,0,96024,663,-116,8250,56087224,-629270,-638353738,16567,-1258540,2178652,3408992,494187,461187,0,1851,0,0,8091788,3,1,43409256,135,32005,31975,26,0,0,16,2917200,60225,52099,143554,124259,1279,1358,6824,44275636,15039354,0,42,0,0,-5,38,377119,126946,-118,2592,0,3331,515,6824,44275636,15039354,0,4170,4022,0,1,5312738,5217435,-2143289088,2926776,2912944,13,5457,3774,0,0,-2708,-334,-334,2706,127066,0,13016,127806,4072,0,0,0,0,0,-13059,-1,0,0,0,-17,4159,0,0,79,19118659,0,0,0,0,2916668,57050802,57270536,57490270,0,46239,0,0,11020977,1458511,22679,573905589,-83447,-204043029,14,0,0,0,0,127064,779,-629270,1,0
78,516333,3,,2924116,2912412,2914540,2912412,2914540,2914008,2912412,2924116,0,129300,0,96024,663,-116,8250,56087224,-629270,-638353738,16567,-1258540,2178652,3408992,494187,461187,0,1851,0,0,8091788,3,1,43409256,135,32005,31975,26,0,0,16,2917200,60225,52099,143554,124259,1279,1358,6824,44275636,15039354,0,42,0,0,-5,38,377119,126946,-118,2592,0,3331,515,6824,44275636,15039354,0,4170,4022,0,1,5312738,5217435,-2143289088,2926776,2912944,13,5457,3774,0,0,-2708,-334,-334,2706,127066,0,13016,127806,4072,0,0,0,0,0,-13059,-1,0,0,0,-17,4159,0,0,79,19118659,0,0,0,0,2916668,57050802,57270536,57490270,0,46239,0,0,11020977,1458511,22679,573905589,-83447,-204043029,14,0,0,0,0,127064,779,-629270,1,0
79,516333,3,,2924116,2912412,2914540,2912412,2914540,2914008,2912412,2924116,0,128797,0,97745,209,-107,8250,53532373,-616563,793302030,16510,-1233126,2178652,3408992,494187,461187,0,1851,0,0,8091788,3,1,43925355,135,32005,31975,26,0,0,16,2917200,60225,52099,143554,124259,1279,1358,6824,44275636,15039354,0,42,0,0,-5,38,364523,126356,-188,2578,0,3316,520,6824,44275636,15039354,0,4172,4020,0,1,5312738,5215256,-2143289088,2926776,2924648,9,5471,3804,0,0,-2685,-331,-331,2690,126544,0,11730,127212,4074,0,0,0,0,0,-13059,-1,0,0,0,-17,4159,0,0,79,19118659,0,0,0,0,2916668,57050802,57270536,57490270,0,46239,0,0,11339152,1852584,22002,640309461,-166893,-204043029,14,0,0,0,0,126544,316,-616563,1,0
80,516600,3,,2924116,2912412,2914540,2912412,2914540,2914008,2912412,2924116,0,128183,0,97742,-180,-72,8250,51201731,-430342,-2070009498,16416,-860684,2178652,3408992,494187,461187,0,1851,0,0,8091788,3,1,44438803,135,32005,31975,26,0,0,16,2917200,60225,52099,143554,124259,1279,1358,6824,44275636,15039354,0,42,0,0,-5,38,352676,125836,-24,2581,0,3298,527,6824,44275636,15039354,0,4172,4020,0,1,5312738,5214852,-2143289088,2926776,2924648,5,5495,3827,0,0,-2653,-327,-327,2670,125860,0,11587,126688,4069,0,0,0,0,0,-13059,-1,0,0,0,-17,4159,0,0,79,19118659,0,0,0,0,2916668,57050802,57270536,57490270,0,46239,0,0,11617669,2272400,21815,706372241,-250340,-204043029,14,0,0,0,0,125860,-108,-430342,1,0
81,516600,3,,2924116,2912412,2914540,2912412,2914540,2914008,2912412,2924116,0,128183,0,97742,-180,-72,8250,51201731,-430342,-2070009498,16416,-860684,2178652,3408992,494187,461187,0,1851,0,0,8091788,3,1,44438803,135,32005,31975,26,0,0,16,2917200,60225,52099,143554,124259,1279,1358,6824,44275636,15039354,0,42,0,0,-5,38,352676,125836,-24,2581,0,3298,527,6824,44275636,15039354,0,4172,4020,0,1,5312738,5214852,-2143289088,2926776,2924648,5,5495,3827,0,0,-2653,-327,-327,2670,125860,0,11587,126688,4069,0,0,0,0,0,-13059,-1,0,0,0,-17,4159,0,0,79,19118659,0,0,0,0,2916668,57050802,57270536,57490270,0,46239,0,0,11617669,2272400,21815,706372241,-250340,-204043029,14,0,0,0,0,125860,-108,-430342,1,0
82,516866,3,,2924116,2912412,2914540,2912412,2914540,2914008,2912412,2924116,0,128335,0,96284,-577,-118,8250,48923854,-665555,-638353730,16419,-1331110,2178652,3408992,494187,461187,0,1851,0,0,8091788,3,1,44951824,135,32005,31975,26,0,0,16,2917200,60225,52099,143554,124259,1279,1358,6824,44275636,15039354,0,42,0,0,-5,38,342554,126039,81,2539,0,3299,525,6824,44275636,15039354,0,4172,4021,0,1,5312738,5215936,-2143289088,2926776,2924648,1,5527,3842,0,0,-2657,-327,-327,2672,125958,0,11111,126892,4065,0,0,0,0,0,-13059,-1,0,0,0,-17,4159,0,0,79,19118659,0,0,0,0,2916668,57050802,57270536,57490270,0,46239,0,0,11855525,2716126,22042,772380083,-250340,-204043029,14,0,0,0,0,125958,-459,-665555,1,0
83,517066,3,,2924116,2912412,2914540,2912412,2914540,2914008,2912412,2924116,0,128335,0,96284,-577,-118,8250,48923854,-665555,-638353730,16419,-1331110,2178652,3408992,494187,461187,0,1851,0,0,8091788,3,1,44951824,135,32005,31975,26,0,0,16,2917200,60225,52099,143554,124259,1279,1358,6824,44275636,15039354,0,42,0,0,-5,38,342554,126039,81,2539,0,3299,525,6824,44275636,15039354,0,4172,4021,0,1,5312738,5215936,-2143289088,2926776,2924648,1,5527,3842,0,0,-2657,-327,-327,2672,125958,0,11111,126892,4065,0,0,0,0,0,-13059,-1,0,0,0,-17,4159,0,0,79,19118659,0,0,0,0,2916668,57050802,57270536,57490270,0,46239,0,0,11855525,2716126,22042,772380083,-250340,-204043029,14,0,0,0,0,125958,-459,-665555,1,0
84,517133,3,,2924116,2912412,2914540,2912412,2914540,2914008,2912412,2924116,0,128560,0,92847,-1168,-162,8250,45666544,-889968,793302038,16448,-1779936,2178652,3408992,494187,461187,0,1851,0,0,8091788,3,1,45465723,135,32005,31975,26,0,0,16,2917200,60225,52099,143554,124259,1279,1358,6824,44275636,15039354,0,42,0,0,-5,38,332723,126358,96,2507,0,3307,522,6824,44275636,15039354,0,4169,4023,0,1,5312738,5218804,-2143288318,2916668,2923584,12,5541,3844,0,0,-2669,-329,-329,2681,126266,0,10604,127215,4065,0,0,0,0,0,-13059,-1,0,0,0,-17,4159,0,0,79,19118659,0,0,0,0,2916668,57050802,57270536,57490270,0,46239,0,0,12051694,3180994,22852,838500891,-333786,-204043029,14,0,0,0,0,126262,-1006,-889968,1,0
85,517400,3,,2924116,2912412,2914540,2912412,2914540,2914008,2912412,2924116,0,128799,0,86927,-1778,-146,8250,42486835,-744139,-2070009490,16478,-1488278,2178652,3408992,494187,461187,0,1851,0,0,8091788,3,1,45980559,135,32005,31975,26,0,0,16,2917200,60225,52099,143554,124259,1279,1358,6824,44275636,15039354,0,42,0,0,-5,38,323037,126726,89,2538,0,3316,519,6824,44275636,15039354,0,4165,4027,-1,1,5312738,5224106,-2143288318,2916668,2923584,8,5537,3835,0,0,-2684,-331,-331,2691,126647,0,9819,127599,4065,0,0,0,0,0,-13059,-1,0,0,0,-17,4159,0,0,79,19118659,0,0,0,0,2916668,57050802,57270536,57490270,0,46239,0,0,12204763,3663244,24406,904742259,-333786,-204043029,14,0,0,0,0,126637,-1632,-744139,1,0
86,517400,3,,2924116,2912412,2914540,2912412,2914540,2914008,2912412,2924116,0,128799,0,86927,-1778,-146,8250,42486835,-744139,-2070009490,16478,-1488278,2178652,3408992,494187,461187,0,1851,0,0,8091788,3,1,45980559,135,32005,31975,26,0,0,16,2917200,60225,52099,143554,124259,1279,1358,6824,44275636,15039354,0,42,0,0,-5,38,323037,126726,89,2538,0,3316,519,6824,44275636,15039354,0,4165,4027,-1,1,5312738,5224106,-2143288318,2916668,2923584,8,5537,3835,0,0,-2684,-331,-331,2691,126647,0,9819,127599,4065,0,0,0,0,0,-13059,-1,0,0,0,-17,4159,0,0,79,19118659,0,0,0,0,2916668,57050802,57270536,57490270,0,46239,0,0,12204763,3663244,24406,904742259,-333786,-204043029,14,0,0,0,0,126637,-1632,-744139,1,0
87,517666,3,,2924116,2912412,2914540,2912412,2914540,2914008,2912412,2924116,0,128964,0,78677,-2346,-139,8250,39570268,-712310,-638353722,16504,-1424620,2178652,3408992,494187,461187,0,1851,0,0,8091788,3,1,46496204,135,32005,31975,26,0,0,16,2917200,60225,52099,143554,124259,1279,1358,6824,44275636,15039354,0,42,0,0,-5,38,313205,127070,85,2556,0,3325,517,6824,44275636,15039354,0,4159,4033,-1,1,5312738,5231785,-2143288318,2916668,2920924,4,5516,3817,0,0,-2695,-333,-333,2701,127004,0,9018,127948,4065,0,0,0,0,0,-13059,-1,0,0,0,-17,4159,0,0,79,19118659,0,0,0,0,2916668,57050802,57270536,57490270,0,46239,0,0,12312998,4159040,26667,971087717,-333786,-204043029,14,0,0,0,0,126985,-2207,-712310,1,0
88,517933,3,,2924116,2912412,2914540,2912412,2914540,2914008,2912412,2924116,0,128964,0,78677,-2346,-139,8250,39570268,-712310,-638353722,16504,-1424620,2178652,3408992,494187,461187,0,1851,0,0,8091788,3,1,46496204,135,32005,31975,26,0,0,16,2917200,60225,52099,143554,124259,1279,1358,6824,44275636,15039354,0,42,0,0,-5,38,313205,127070,85,2556,0,3325,517,6824,44275636,15039354,0,4159,4033,-1,1,5312738,5231785,-2143288318,2916668,2920924,4,5516,3817,0,0,-2695,-333,-333,2701,127004,0,9018,127948,4065,0,0,0,0,0,-13059,-1,0,0,0,-17,4159,0,0,79,19118659,0,0,0,0,2916668,57050802,57270536,57490270,0,46239,0,0,12312998,4159040,26667,971087717,-333786,-204043029,14,0,0,0,0,126985,-2207,-712310,1,0
89,517933,3,,2924116,2912412,2914540,2912412,2914540,2914008,2912412,2924116,0,129034,0,68024,-2974,-146,8250,36270714,-751709,793302046,16514,-1503418,2178652,3408992,494187,461187,0,1851,0,0,8091788,3,1,47012251,135,32005,31975,26,0,0,16,2917200,60225,52099,143554,124259,1279,1358,6824,44275636,15039354,0,42,0,0,-5,38,303304,127396,79,2559,0,3334,513,6824,44275636,15039354,0,4151,4041,-2,1,5312738,5241813,-2143288318,2911880,2917200,15,5491,3798,0,0,-2705,-335,-335,2710,127348,0,8197,128272,4065,0,0,0,0,0,-13059,-1,0,0,0,-17,4159,0,0,79,19118659,0,0,0,0,2916668,57050802,57270536,57490270,0,46239,0,0,12375186,4664055,29662,1037484897,-333786,-204043029,14,0,0,0,0,127317,-2828,-751709,1,0
90,518200,3,,2924116,2912412,2914540,2912412,2914540,2914008,2912412,2924116,0,129032,0,54972,-3556,-151,8250,33250022,-802473,-2070009482,16518,-1604946,2178652,3408992,494187,461187,0,1851,0,0,8091788,3,1,47528420,135,32005,31975,26,0,0,16,2917200,60225,52099,143554,124259,1279,1358,6824,44275636,15039354,0,42,0,0,-5,38,293331,127699,74,2560,0,3340,511,6824,44275636,15039354,0,4141,4050,-2,1,5312738,5254286,-2143288318,2916668,2917200,11,5478,3789,0,0,-2711,-337,-337,2717,127670,0,7354,128629,4064,0,0,0,0,0,-13059,-1,0,0,0,-17,4159,0,0,79,19118659,0,0,0,0,2916668,57050802,57270536,57490270,0,46239,0,0,12390506,5173982,33401,1103897775,-333786,-204043029,14,0,0,0,0,127625,-3405,-802473,1,0
91,518200,3,,2924116,2912412,2914540,2912412,2914540,2914008,2912412,2924116,0,129032,0,54972,-3556,-151,8250,33250022,-802473,-2070009482,16518,-1604946,2178652,3408992,494187,461187,0,1851,0,0,8091788,3,1,47528420,135,32005,31975,26,0,0,16,2917200,60225,52099,143554,124259,1279,1358,6824,44275636,15039354,0,42,0,0,-5,38,293331,127699,74,2560,0,3340,511,6824,44275636,15039354,0,4141,4050,-2,1,5312738,5254286,-2143288318,2916668,2917200,11,5478,3789,0,0,-2711,-337,-337,2717,127670,0,7354,128629,4064,0,0,0,0,0,-13059,-1,0,0,0,-17,4159,0,0,79,19118659,0,0,0,0,2916668,57050802,57270536,57490270,0,46239,0,0,12390506,5173982,33401,1103897775,-333786,-204043029,14,0,0,0,0,127625,-3405,-802473,1,0
92,518466,3,,2924116,2912412,2914540,2912412,2914540,2914008,2912412,2924116,0,128930,0,39593,-4143,-151,8250,30160716,-798380,-638353714,16510,-1596760,2178652,3408992,494187,461187,0,1851,0,0,8091788,3,1,48044337,135,32005,31975,26,0,0,16,2917200,60225,52099,143554,124259,1279,1358,6824,44275636,15039354,0,42,0,0,-5,38,283315,127982,70,2566,0,3347,509,6824,44275636,15039354,0,4129,4062,-3,1,5312738,5269078,-2143288318,2911880,2917200,7,5430,3760,0,0,-2717,-339,-339,2724,127974,0,6485,128894,4064,0,0,0,0,0,-13059,-1,0,0,0,-17,4159,0,0,79,19118659,0,0,0,0,2916668,57050802,57270536,57490270,0,46239,0,0,12358516,5684333,37868,1170278231,-333786,-204043029,14,0,0,0,0,127912,-3992,-798380,1,0
93,518600,3,,2924116,2912412,2914540,2912412,2914540,2914008,2912412,2924116,0,128930,0,39593,-4143,-151,8250,30160716,-798380,-638353714,16510,-1596760,2178652,3408992,494187,461187,0,1851,0,0,8091788,3,1,48044337,135,32005,31975,26,0,0,16,2917200,60225,52099,143554,124259,1279,1358,6824,44275636,15039354,0,42,0,0,-5,38,283315,127982,70,2566,0,3347,509,6824,44275636,15039354,0,4129,4062,-3,1,5312738,5269078,-2143288318,2911880,2917200,7,5430,3760,0,0,-2717,-339,-339,2724,127974,0,6485,128894,4064,0,0,0,0,0,-13059,-1,0,0,0,-17,4159,0,0,79,19118659,0,0,0,0,2916668,57050802,57270536,57490270,0,46239,0,0,12358516,5684333,37868,1170278231,-333786,-204043029,14,0,0,0,0,127912,-3992,-798380,1,0
94,518733,3,,2924116,2912412,2914540,2912412,2914540,2914008,2912412,2924116,0,128820,0,22686,-4534,-202,8250,28125474,-1184568,793302054,16492,-2369136,2178652,3408992,494187,461187,0,1851,0,0,8091788,3,1,48559779,135,32005,31975,26,0,0,16,2917200,60225,52099,143554,124259,1279,1358,6824,44275636,15039354,0,42,0,0,-5,38,273196,128243,67,2517,0,3353,506,6824,44275636,15039354,0,4117,4075,-3,1,5312738,5285619,-2143288318,2910816,2917200,3,5318,3688,0,0,-2719,-341,-341,2731,128249,0,5613,129114,4066,0,0,0,0,0,-13059,-1,0,0,0,-17,4159,0,0,79,19118659,0,0,0,0,2916668,57050802,57270536,57490270,0,46239,0,0,12278484,6190542,42827,1236597571,-250340,-204043029,14,0,0,0,0,128176,-4332,-1184568,1,0
95,519000,3,,2924116,2912412,2914540,2912412,2914540,2914008,2912412,2924116,0,128571,0,3022,-5273,-170,8250,24070608,-912414,-2070009474,16466,-1824828,2178652,3408992,494187,461187,0,1851,0,0,8091788,3,1,49074444,135,32005,31975,26,0,0,16,2917200,60225,52099,143554,124259,1279,1358,6824,44275636,15039354,0,42,0,0,-5,38,262685,128456,52,2549,0,3358,504,6824,44275636,15039354,0,4102,4089,-3,1,5312738,5304528,-2143289088,2914540,2925180,14,5274,3665,0,0,-2719,-342,-342,2736,128505,0,4686,129325,4066,0,0,0,0,0,-13059,-1,0,0,0,-17,4159,0,0,79,19118659,0,0,0,0,2916668,57050802,57270536,57490270,0,46239,0,0,12152192,6688363,48661,1302816937,-250340,-204043029,14,0,0,0,0,128404,-5103,-912414,1,0
96,519000,3,,2924116,2912412,2914540,2912412,2914540,2914008,2912412,2924116,0,128571,0,3022,-5273,-170,8250,24070608,-912414,-2070009474,16466,-1824828,2178652,3408992,494187,461187,0,1851,0,0,8091788,3,1,49074444,135,32005,31975,26,0,0,16,2917200,60225,52099,143554,124259,1279,1358,6824,44275636,15039354,0,42,0,0,-5,38,262685,128456,52,2549,0,3358,504,6824,44275636,15039354,0,4102,4089,-3,1,5312738,5304528,-2143289088,2914540,2925180,14,5274,3665,0,0,-2719,-342,-342,2736,128505,0,4686,129325,4066,0,0,0,0,0,-13059,-1,0,0,0,-17,4159,0,0,79,19118659,0,0,0,0,2916668,57050802,57270536,57490270,0,46239,0,0,12152192,6688363,48661,1302816937,-250340,-204043029,14,0,0,0,0,128404,-5103,-912414,1,0
97,519266,3,,2924116,2912412,2914540,2912412,2914540,2914008,2912412,2924116,0,128225,0,-19320,-5905,-162,8250,20704936,-879611,-638353706,16422,-1759222,2178652,3408992,494187,461187,0,1851,0,0,8091788,3,1,49587859,135,32005,31975,26,0,0,16,2917200,60225,52099,143554,124259,1279,1358,6824,44275636,15039354,0,42,0,0,-5,38,252154,128660,53,2554,0,3361,502,6824,44275636,15039354,0,4085,4106,-4,1,5312738,5326234,-2143289088,2914540,2925180,10,5222,3638,0,0,-2716,-344,-344,2740,128735,0,3822,129532,4066,0,0,0,0,0,-13059,-1,0,0,0,-17,4159,0,0,79,19118659,0,0,0,0,2916668,57050802,57270536,57490270,0,46239,0,0,11980596,7173386,55355,1368875471,-166893,-204043029,14,0,0,0,0,128607,-5743,-879611,1,0
98,519533,3,,2924116,2912412,2914540,2912412,2914540,2914008,2912412,2924116,0,128225,0,-19320,-5905,-162,8250,20704936,-879611,-638353706,16422,-1759222,2178652,3408992,494187,461187,0,1851,0,0,8091788,3,1,49587859,135,32005,31975,26,0,0,16,2917200,60225,52099,143554,124259,1279,1358,6824,44275636,15039354,0,42,0,0,-5,38,252154,128660,53,2554,0,3361,502,6824,44275636,15039354,0,4085,4106,-4,1,5312738,5326234,-2143289088,2914540,2925180,10,5222,3638,0,0,-2716,-344,-344,2740,128735,0,3822,129532,4066,0,0,0,0,0,-13059,-1,0,0,0,-17,4159,0,0,79,19118659,0,0,0,0,2916668,57050802,57270536,57490270,0,46239,0,0,11980596,7173386,55355,1368875471,-166893,-204043029,14,0,0,0,0,128607,-5743,-879611,1,0
99,519533,3,,2924116,2912412,2914540,2912412,2914540,2914008,2912412,2924116,0,127879,0,-44321,-6612,-185,8250,16833548,-1019148,793302062,16378,-2038296,2178652,3408992,494187,461187,0,1851,0,0,8091788,3,1,50099896,135,32005,31975,26,0,0,16,2917200,60225,52099,143554,124259,1279,1358,6824,44275636,15039354,0,42,0,0,-5,38,241623,128883,57,2527,0,3365,501,6824,44275636,15039354,0,4067,4125,-4,1,5312738,5350540,-2143289088,2914540,2925180,6,5142,3593,0,0,-2712,-346,-346,2744,128986,0,2951,129756,4066,0,0,0,0,0,-13059,-1,0,0,0,-17,4159,0,0,79,19118659,0,0,0,0,2916668,57050802,57270536,57490270,0,46239,0,0,11765015,7641652,62910,1434756707,-83447,-204043029,14,0,0,0,0,128826,-6427,-1019148,1,0
100,519800,3,,2924116,2912412,2914540,2912412,2914540,2914008,2912412,2924116,0,127416,0,-72362,-7430,-220,8250,12353153,-1209799,-2070009466,16322,-2419598,2178652,3408992,494187,461187,0,1851,0,0,8091788,3,1,50610250,135,32005,31975,26,0,0,16,2917200,60225,52099,143554,124259,1279,1358,6824,44275636,15039354,0,42,0,0,-5,38,231062,129098,55,2488,0,3367,499,6824,44275636,15039354,0,4046,4146,-5,1,5312738,5377780,-2143288318,2911880,2917200,2,5150,3611,0,0,-2708,-347,-347,2746,129244,0,2080,129979,4066,0,0,0,0,0,-13059,-1,0,0,0,-17,4159,0,0,79,19118659,0,0,0,0,2916668,57050802,57270536,57490270,0,46239,0,0,11507500,8089396,71451,1500421397,0,-204043029,14,0,0,0,0,129043,-7210,-1209799,1,0
101,519800,3,,2924116,2912412,2914540,2912412,2914540,2914008,2912412,2924116,0,127416,0,-72362,-7430,-220,8250,12353153,-1209799,-2070009466,16322,-2419598,2178652,3408992,494187,461187,0,1851,0,0,8091788,3,1,50610250,135,32005,31975,26,0,0,16,2917200,60225,52099,143554,124259,1279,1358,6824,44275636,15039354,0,42,0,0,-5,38,231062,129098,55,2488,0,3367,499,6824,44275636,15039354,0,4046,4146,-5,1,5312738,5377780,-2143288318,2911880,2917200,2,5150,3611,0,0,-2708,-347,-347,2746,129244,0,2080,129979,4066,0,0,0,0,0,-13059,-1,0,0,0,-17,4159,0,0,79,19118659,0,0,0,0,2916668,57050802,57270536,57490270,0,46239,0,0,11507500,8089396,71451,1500421397,0,-204043029,14,0,0,0,0,129043,-7210,-1209799,1,0
102,520066,3,,2924116,2912412,2914540,2912412,2914540,2914008,2912412,2924116,0,127007,0,-102382,-6955,381,8250,14902316,1711573,-638353698,16257,3423146,2178652,3408992,494187,461187,0,1851,0,0,8091788,3,1,51118711,135,32005,31975,26,0,0,16,2917200,60225,52099,143554,124259,1279,1358,6824,44275636,15039354,0,42,0,0,-5,38,220504,129247,35,2954,0,3367,498,6824,44275636,15039354,0,4023,4169,-5,1,5312738,5407974,-2143288318,2910816,2917200,13,5236,3658,0,0,-2573,-348,-348,2747,129420,0,1455,130192,4065,0,0,0,0,0,-13059,-1,0,0,0,-17,4159,0,0,79,19118659,0,0,0,0,2916668,57050802,57270536,57490270,0,46239,0,0,11209396,8512259,80659,1565134009,0,-204043029,15,0,0,0,0,129212,-7336,1711573,1,0
103,520333,3,,2924116,2912412,2914540,2912412,2914540,2914008,2912412,2924116,0,127007,0,-102382,-6955,381,8250,14902316,1711573,-638353698,16257,3423146,2178652,3408992,494187,461187,0,1851,0,0,8091788,3,1,51118711,135,32005,31975,26,0,0,16,2917200,60225,52099,143554,124259,1279,1358,6824,44275636,15039354,0,42,0,0,-5,38,220504,129247,35,2954,0,3367,498,6824,44275636,15039354,0,4023,4169,-5,1,5312738,5407974,-2143288318,2910816,2917200,13,5236,3658,0,0,-2573,-348,-348,2747,129420,0,1455,130192,4065,0,0,0,0,0,-13059,-1,0,0,0,-17,4159,0,0,79,19118659,0,0,0,0,2916668,57050802,57270536,57490270,0,46239,0,0,11209396,8512259,80659,1565134009,0,-204043029,15,0,0,0,0,129212,-7336,1711573,1,0
104,520333,3,,2924116,2912412,2914540,2912412,2914540,2914008,2912412,2924116,0,128232,0,-126866,-5151,528,8250,7400858,807898,793302070,16398,1615796,2178652,3408992,494187,461187,0,1851,0,0,8091788,3,1,51631138,135,32005,31975,26,0,0,16,2917200,60225,52099,143554,124259,1279,1358,6824,44275636,15039354,0,42,0,0,-5,38,210790,129790,137,1755,0,2933,554,6824,44275636,15039354,0,4050,4142,-2,1,10753608,10875059,-2143288318,2910816,2914008,9,5499,3824,0,0,-1227,-349,-349,2296,129777,0,989,130824,4059,0,0,0,0,0,-13059,-1,0,0,0,-17,4159,0,0,79,19118659,0,0,0,0,2916668,57050802,57270536,57490270,0,46239,0,0,10876850,8910139,88068,1598450362,-834465,-203833815,16,0,0,0,0,129653,-5679,807898,1,0
105,520600,3,,2924116,2912412,2914540,2912412,2914540,2914008,2912412,2924116,0,128501,0,-143181,-3053,489,8250,15410898,2160115,-2070009458,16443,4320230,2178652,3408992,494187,461187,0,1851,0,0,8091788,3,1,52144813,135,32005,31975,26,0,0,16,2917200,60225,52099,143554,124259,1279,1358,6824,44275636,15039354,0,42,0,0,-5,38,201255,130204,5,1729,0,2936,551,6824,44275636,15039354,0,4043,4149,-1,1,10753608,10893491,-2143288318,2910816,2917200,5,5750,3986,0,0,-1240,-347,-350,2299,130247,0,352,131486,4055,0,0,0,0,0,-13059,-1,0,0,0,-17,4159,0,0,79,19118659,0,0,0,0,2916668,57050802,57270536,57490270,0,46239,0,0,10518332,9287239,91602,1631102458,-3004072,-201157076,16,0,0,0,0,130199,-3542,2160115,1,0
106,520600,3,,2924116,2912412,2914540,2912412,2914540,2914008,2912412,2924116,0,128501,0,-143181,-3053,489,8250,15410898,2160115,-2070009458,16443,4320230,2178652,3408992,494187,461187,0,1851,0,0,8091788,3,1,52144813,135,32005,31975,26,0,0,16,2917200,60225,52099,143554,124259,1279,1358,6824,44275636,15039354,0,42,0,0,-5,38,201255,130204,5,1729,0,2936,551,6824,44275636,15039354,0,4043,4149,-1,1,10753608,10893491,-2143288318,2910816,2917200,5,5750,3986,0,0,-1240,-347,-350,2299,130247,0,352,131486,4055,0,0,0,0,0,-13059,-1,0,0,0,-17,4159,0,0,79,19118659,0,0,0,0,2916668,57050802,57270536,57490270,0,46239,0,0,10518332,9287239,91602,1631102458,-3004072,-201157076,16,0,0,0,0,130199,-3542,2160115,1,0
107,520866,3,,2924116,2912412,2914540,2912412,2914540,2914008,2912412,2924116,0,128574,0,-151867,-1333,408,8250,23657156,2049229,-638353690,16455,4098458,2178652,3408992,494187,461187,0,1851,0,0,8091788,3,1,52658977,135,32005,31975,26,0,0,16,2917200,60225,52099,143554,124259,1279,1358,6824,44275636,15039354,0,42,0,0,-5,38,192730,130416,54,1659,0,2927,551,6824,44275636,15039354,0,4039,4153,0,1,10753608,10903938,-2143288318,2910816,2917200,1,5861,4046,0,0,-1251,-345,-350,2290,130373,0,399,132179,4039,0,0,0,0,0,-13059,-1,0,0,0,-17,4159,0,0,79,19118659,0,0,0,0,2916668,57050802,57270536,57490270,0,46239,0,0,10136288,9641820,91344,1663785638,-4506107,-196008076,16,0,0,0,0,130362,-1741,2049229,1,0
108,521000,3,,2924116,2912412,2914540,2912412,2914540,2914008,2912412,2924116,0,128574,0,-151867,-1333,408,8250,23657156,2049229,-638353690,16455,4098458,2178652,3408992,494187,461187,0,1851,0,0,8091788,3,1,52658977,135,32005,31975,26,0,0,16,2917200,60225,52099,143554,124259,1279,1358,6824,44275636,15039354,0,42,0,0,-5,38,192730,130416,54,1659,0,2927,551,6824,44275636,15039354,0,4039,4153,0,1,10753608,10903938,-2143288318,2910816,2917200,1,5861,4046,0,0,-1251,-345,-350,2290,130373,0,399,132179,4039,0,0,0,0,0,-13059,-1,0,0,0,-17,4159,0,0,79,19118659,0,0,0,0,2916668,57050802,57270536,57490270,0,46239,0,0,10136288,9641820,91344,1663785638,-4506107,-196008076,16,0,0,0,0,130362,-1741,2049229,1,0
109,521133,3,,2924116,2912412,2914540,2912412,2914540,2914008,2912412,2924116,0,128851,0,-153802,408,463,8250,33127148,2603435,793302078,16481,5206870,2178652,3408992,494187,461187,0,1851,0,0,8091788,3,1,53173837,135,32005,31975,26,0,0,16,2917200,60225,52099,143554,124259,1279,1358,6824,44275636,15039354,0,42,0,0,-5,38,185697,130728,52,1733,0,2920,550,6824,44275636,15039354,0,4038,4154,0,1,10753608,10907586,-2143288318,2916668,2917200,12,5910,4063,0,0,-1270,-345,-351,2284,130676,0,397,132805,4030,0,0,0,0,0,-13059,-1,0,0,0,-17,4159,0,0,79,19118659,0,0,0,0,2916668,57050802,57270536,57490270,0,46239,0,0,9732726,9973109,88105,1696513060,-5424018,-189164463,16,0,0,0,0,130676,-55,2603435,1,0
110,521400,3,,2924116,2912412,2914540,2912412,2914540,2914008,2912412,2924116,0,129128,0,-148302,2282,415,8250,43492260,2167543,-2070009450,16516,4335086,2178652,3408992,494187,461187,0,1851,0,0,8091788,3,1,53689869,135,32005,31975,26,0,0,16,2917200,60225,52099,143554,124259,1279,1358,6824,44275636,15039354,0,42,0,0,-5,38,179603,130984,67,1704,0,2912,551,6824,44275636,15039354,0,4039,4153,0,1,10753608,10903984,-2143288318,2916668,2917200,8,5913,4047,0,0,-1289,-346,-352,2276,130930,0,413,133345,4021,0,0,0,0,0,-13059,-1,0,0,0,-17,4159,0,0,79,19118659,0,0,0,0,2916668,57050802,57270536,57490270,0,46239,0,0,9308463,10279368,82373,1729314980,-5590911,-181410525,16,0,0,0,0,130917,1867,2167543,1,0
111,521400,3,,2924116,2912412,2914540,2912412,2914540,2914008,2912412,2924116,0,129128,0,-148302,2282,415,8250,43492260,2167543,-2070009450,16516,4335086,2178652,3408992,494187,461187,0,1851,0,0,8091788,3,1,53689869,135,32005,31975,26,0,0,16,2917200,60225,52099,143554,124259,1279,1358,6824,44275636,15039354,0,42,0,0,-5,38,179603,130984,67,1704,0,2912,551,6824,44275636,15039354,0,4039,4153,0,1,10753608,10903984,-2143288318,2916668,2917200,8,5913,4047,0,0,-1289,-346,-352,2276,130930,0,413,133345,4021,0,0,0,0,0,-13059,-1,0,0,0,-17,4159,0,0,79,19118659,0,0,0,0,2916668,57050802,57270536,57490270,0,46239,0,0,9308463,10279368,82373,1729314980,-5590911,-181410525,16,0,0,0,0,130917,1867,2167543,1,0
112,521666,3,,2924116,2912412,2914540,2912412,2914540,2914008,2912412,2924116,0,128811,0,-136953,3224,142,8250,54170276,2253137,-638353682,16478,4506274,2178652,3408992,494187,461187,0,1851,0,0,8091788,3,1,54205545,135,32005,31975,26,0,0,16,2917200,60225,52099,143554,124259,1279,1358,6824,44275636,15039354,0,42,0,0,-5,38,174500,131119,37,1995,0,3047,532,6824,44275636,15039354,0,4024,4168,1,1,7892911,8033017,-2143288318,2916668,2911880,4,5894,4035,0,0,-1853,-348,-354,2409,131118,0,385,133869,4010,0,0,0,0,0,-13059,-1,0,0,0,-17,4159,0,0,79,19118659,0,0,0,0,2916668,57050802,57270536,57490270,0,46239,0,0,8865008,10558823,75287,1770013250,-5173679,-173589730,17,0,0,0,0,131082,3082,2253137,1,0
113,521800,3,,2924116,2912412,2914540,2912412,2914540,2914008,2912412,2924116,0,128811,0,-136953,3224,142,8250,54170276,2253137,-638353682,16478,4506274,2178652,3408992,494187,461187,0,1851,0,0,8091788,3,1,54205545,135,32005,31975,26,0,0,16,2917200,60225,52099,143554,124259,1279,1358,6824,44275636,15039354,0,42,0,0,-5,38,174500,131119,37,1995,0,3047,532,6824,44275636,15039354,0,4024,4168,1,1,7892911,8033017,-2143288318,2916668,2911880,4,5894,4035,0,0,-1853,-348,-354,2409,131118,0,385,133869,4010,0,0,0,0,0,-13059,-1,0,0,0,-17,4159,0,0,79,19118659,0,0,0,0,2916668,57050802,57270536,57490270,0,46239,0,0,8865008,10558823,75287,1770013250,-5173679,-173589730,17,0,0,0,0,131082,3082,2253137,1,0
114,521933,3,,2924116,2912412,2914540,2912412,2914540,2914008,2912412,2924116,0,129243,0,-124016,3205,9,8250,56236195,450945,793302086,16528,901890,2178652,3408992,494187,461187,0,1851,0,0,8091788,3,1,54721842,135,32005,31975,26,0,0,16,2917200,60225,52099,143554,124259,1279,1358,6824,44275636,15039354,0,42,0,0,-5,38,170423,131341,59,1887,0,3032,534,6824,44275636,15039354,0,4031,4162,1,1,7892911,8020127,-2143288318,2916668,2916136,15,5913,4029,0,0,-1878,-350,-355,2394,131320,0,409,134419,4000,0,0,0,0,0,-13059,-1,0,0,0,-17,4159,0,0,79,19118659,0,0,0,0,2916668,57050802,57270536,57490270,0,46239,0,0,8403085,10808065,68424,1814725274,-4255768,-166541067,17,0,0,0,0,131282,3196,450945,1,0
115,522200,3,,2924116,2912412,2914540,2912412,2914540,2914008,2912412,2924116,0,129684,0,-111719,2765,-226,8250,54212735,-1311684,-2070009442,16583,-2623368,2178652,3408992,494187,461187,0,1851,0,0,8091788,3,1,55239874,135,32005,31975,26,0,0,16,2917200,60225,52099,143554,124259,1279,1358,6824,44275636,15039354,0,42,0,0,-5,38,167090,131598,69,1674,0,3022,533,6824,44275636,15039354,0,4037,4155,1,1,7892911,8007508,-2143288318,2916668,2911880,11,5951,4036,0,0,-1900,-353,-356,2384,131563,0,422,135053,3989,0,0,0,0,0,-13059,-1,0,0,0,-17,4159,0,0,79,19118659,0,0,0,0,2916668,57050802,57270536,57490270,0,46239,0,0,7925289,11027541,62749,1859587550,-2753732,-161118016,17,0,0,0,0,131529,2991,-1311684,1,0
116,522200,3,,2924116,2912412,2914540,2912412,2914540,2914008,2912412,2924116,0,129684,0,-111719,2765,-226,8250,54212735,-1311684,-2070009442,16583,-2623368,2178652,3408992,494187,461187,0,1851,0,0,8091788,3,1,55239874,135,32005,31975,26,0,0,16,2917200,60225,52099,143554,124259,1279,1358,6824,44275636,15039354,0,42,0,0,-5,38,167090,131598,69,1674,0,3022,533,6824,44275636,15039354,0,4037,4155,1,1,7892911,8007508,-2143288318,2916668,2911880,11,5951,4036,0,0,-1900,-353,-356,2384,131563,0,422,135053,3989,0,0,0,0,0,-13059,-1,0,0,0,-17,4159,0,0,79,19118659,0,0,0,0,2916668,57050802,57270536,57490270,0,46239,0,0,7925289,11027541,62749,1859587550,-2753732,-161118016,17,0,0,0,0,131529,2991,-1311684,1,0
117,522466,3,,2924116,2912412,2914540,2912412,2914540,2914008,2912412,2924116,0,130099,0,-103259,1460,-299,8250,47001572,-1485146,-638353674,16643,-2970292,2178652,3408992,494187,461187,0,1851,0,0,8091788,3,1,55759699,135,32005,31975,26,0,0,16,2917200,60225,52099,143554,124259,1279,1358,6824,44275636,15039354,0,42,0,0,-5,38,164271,131867,60,1619,0,3018,532,6824,44275636,15039354,0,4042,4150,0,1,7892911,7997780,-2143288318,2916668,2915072,7,6019,4065,0,0,-1918,-356,-357,2380,131818,0,416,135782,3976,0,0,0,0,0,-13059,-1,0,0,0,-17,4159,0,0,79,19118659,0,0,0,0,2916668,57050802,57270536,57490270,0,46239,0,0,7434516,11219155,59343,1904605102,-834465,-158217090,17,0,0,0,0,131807,1759,-1485146,1,0
118,522600,3,,2924116,2912412,2914540,2912412,2914540,2914008,2912412,2924116,0,130099,0,-103259,1460,-299,8250,47001572,-1485146,-638353674,16643,-2970292,2178652,3408992,494187,461187,0,1851,0,0,8091788,3,1,55759699,135,32005,31975,26,0,0,16,2917200,60225,52099,143554,124259,1279,1358,6824,44275636,15039354,0,42,0,0,-5,38,164271,131867,60,1619,0,3018,532,6824,44275636,15039354,0,4042,4150,0,1,7892911,7997780,-2143288318,2916668,2915072,7,6019,4065,0,0,-1918,-356,-357,2380,131818,0,416,135782,3976,0,0,0,0,0,-13059,-1,0,0,0,-17,4159,0,0,79,19118659,0,0,0,0,2916668,57050802,57270536,57490270,0,46239,0,0,7434516,11219155,59343,1904605102,-834465,-158217090,17,0,0,0,0,131807,1759,-1485146,1,0
119,522733,3,,2924116,2912412,2914540,2912412,2914540,2914008,2912412,2924116,0,132308,0,-96452,2342,420,8250,26798051,-5127678,793302094,16922,-10255356,2178652,3408992,494187,461187,0,1851,0,0,8091788,3,1,56285570,135,32005,31975,26,0,0,16,2917200,60225,52099,143554,124259,1279,1358,6824,44275636,15039354,0,42,0,0,-5,38,162447,132551,232,254,0,2499,593,6824,44275636,15039354,0,4096,4096,0,0,0,0,-2143288318,2922520,2915072,3,6106,4055,0,0,166,-352,-359,1894,132332,0,666,136461,3971,0,0,0,0,0,-13059,-1,0,0,0,-17,4159,0,0,79,19118659,0,0,0,0,2916668,57050802,57270536,57490270,0,46239,0,0,6933296,11386594,55701,1921502135,0,-157965158,19,0,0,0,0,132319,1922,-5127678,1,0
120,523000,3,,2924116,2912412,2914540,2912412,2914540,2914008,2912412,2924116,0,132512,0,-84276,3562,191,8250,32952918,637921,-2070009434,16940,1275842,2178652,3408992,494187,461187,0,1851,0,0,8091788,3,1,56814704,135,32005,31975,26,0,0,16,2917200,60225,52099,143554,124259,1279,1358,6824,44275636,15039354,0,42,0,0,-5,38,160307,133068,137,705,0,2715,564,6824,44275636,15039354,0,4081,4110,0,1,24173655,24261397,-2143288318,2913476,2915072,14,6071,4022,0,0,-514,-363,-363,2089,132973,0,500,137224,3967,0,0,0,0,0,-13059,-1,0,0,0,-17,4159,0,0,79,19118659,0,0,0,0,2916668,57050802,57270536,57490270,0,46239,0,0,6425253,11541879,52836,1936464727,0,-157965158,19,0,0,0,0,132931,3371,637921,1,0
121,523000,3,,2924116,2912412,2914540,2912412,2914540,2914008,2912412,2924116,0,132512,0,-84276,3562,191,8250,32952918,637921,-2070009434,16940,1275842,2178652,3408992,494187,461187,0,1851,0,0,8091788,3,1,56814704,135,32005,31975,26,0,0,16,2917200,60225,52099,143554,124259,1279,1358,6824,44275636,15039354,0,42,0,0,-5,38,160307,133068,137,705,0,2715,564,6824,44275636,15039354,0,4081,4110,0,1,24173655,24261397,-2143288318,2913476,2915072,14,6071,4022,0,0,-514,-363,-363,2089,132973,0,500,137224,3967,0,0,0,0,0,-13059,-1,0,0,0,-17,4159,0,0,79,19118659,0,0,0,0,2916668,57050802,57270536,57490270,0,46239,0,0,6425253,11541879,52836,1936464727,0,-157965158,19,0,0,0,0,132931,3371,637921,1,0
122,523266,3,,2924116,2912412,2914540,2912412,2914540,2914008,2912412,2924116,0,133111,0,-68735,4096,29,8250,34573270,-327174,-638353666,17021,-654348,2178652,3408992,494187,461187,0,1851,0,0,8091788,3,1,57346249,135,32005,31975,26,0,0,16,2917200,60225,52099,143554,124259,1279,1358,6824,44275636,15039354,0,42,0,0,-5,38,158563,133602,133,549,0,2728,560,6824,44275636,15039354,0,4083,4108,0,1,24173655,24246471,-2143288318,2923052,2915072,10,6095,4017,0,0,-520,-366,-366,2101,133530,0,499,138153,3957,0,0,0,0,0,-13059,-1,0,0,0,-17,4159,0,0,79,19118659,0,0,0,0,2916668,57050802,57270536,57490270,0,46239,0,0,5910934,11683439,49179,1951495495,0,-157965158,19,0,0,0,0,133469,4067,-327174,1,0
123,523533,3,,2924116,2912412,2914540,2912412,2914540,2914008,2912412,2924116,0,133439,0,-60544,4084,-30,8250,33815741,-396673,-2070009430,17080,-807840,2178652,3408992,494187,461187,0,1851,0,0,8091788,3,1,57612964,135,32005,31975,26,0,0,16,2917200,60225,52099,143554,124259,1279,1358,6824,44275636,15039354,0,42,0,0,-5,38,157473,133865,130,495,0,2735,558,6824,44275636,15039354,0,4085,4106,0,1,24173655,24234199,-2143288318,2913476,2922520,7,6136,4029,0,0,-525,-368,-368,2108,133927,0,498,138539,3957,0,0,0,0,0,-13059,-1,0,0,0,-17,4159,0,0,79,19118659,0,0,0,0,2916668,57050802,57270536,57490270,0,46239,0,0,5651753,11749841,47251,1959037531,0,-157965158,19,0,0,0,0,133865,4084,-396673,1,0
124,523533,3,,2924116,2912412,2914540,2912412,2914540,2914008,2912412,2924116,0,133733,0,-52444,4007,-47,8250,32975161,-443907,793302102,17097,-887814,2178652,3408992,494187,461187,0,1851,0,0,8091788,3,1,57880267,135,32005,31975,26,0,0,16,2917200,60225,52099,143554,124259,1279,1358,6824,44275636,15039354,0,42,0,0,-5,38,157140,134128,133,480,0,2737,556,6824,44275636,15039354,0,4086,4105,0,1,24173655,24230130,-2143288318,2913476,2910816,6,6149,4032,0,0,-527,-369,-369,2110,134056,0,502,138738,3955,0,0,0,0,0,-13059,-1,0,0,0,-17,4159,0,0,79,19118659,0,0,0,0,2916668,57050802,57270536,57490270,0,46239,0,0,5391375,11813519,45345,1966596195,0,-157965158,19,0,0,0,0,133995,4054,-443907,1,0
125,523800,3,,2924116,2912412,2914540,2912412,2914540,2914008,2912412,2924116,0,134374,0,-37291,3506,-162,8250,29491506,-1036996,-2070009426,17178,-2073992,2178652,3408992,494187,461187,0,1851,0,0,8091788,3,1,58416784,135,32005,31975,26,0,0,16,2917200,60225,52099,143554,124259,1279,1358,6824,44275636,15039354,0,42,0,0,-5,38,155979,134671,133,371,0,2748,552,6824,44275636,15039354,0,4089,4102,0,1,24173655,24214533,-2143288318,2910816,2914540,2,6198,4044,0,0,-533,-372,-372,2120,134587,0,505,139555,3948,0,0,0,0,0,-13059,-1,0,0,0,-17,4159,0,0,79,19118659,0,0,0,0,2916668,57050802,57270536,57490270,0,46239,0,0,4867237,11933607,41780,1981767559,0,-157965158,19,0,0,0,0,134538,3668,-1036996,1,0
126,523800,3,,2924116,2912412,2914540,2912412,2914540,2914008,2912412,2924116,0,134374,0,-37291,3506,-162,8250,29491506,-1036996,-2070009426,17178,-2073992,2178652,3408992,494187,461187,0,1851,0,0,8091788,3,1,58416784,135,32005,31975,26,0,0,16,2917200,60225,52099,143554,124259,1279,1358,6824,44275636,15039354,0,42,0,0,-5,38,155979,134671,133,371,0,2748,552,6824,44275636,15039354,0,4089,4102,0,1,24173655,24214533,-2143288318,2910816,2914540,2,6198,4044,0,0,-533,-372,-372,2120,134587,0,505,139555,3948,0,0,0,0,0,-13059,-1,0,0,0,-17,4159,0,0,79,19118659,0,0,0,0,2916668,57050802,57270536,57490270,0,46239,0,0,4867237,11933607,41780,1981767559,0,-157965158,19,0,0,0,0,134538,3668,-1036996,1,0
127,524066,3,,2924116,2912412,2914540,2912412,2914540,2914008,2912412,2924116,0,134909,0,-24865,2727,-176,8250,27521773,-574108,-638353658,17248,-1148216,2178652,3408992,494187,461187,0,1851,0,0,8091788,3,1,58955622,135,32005,31975,26,0,0,16,2917200,60225,52099,143554,124259,1279,1358,6824,44275636,15039354,0,42,0,0,-5,38,154885,135171,128,501,0,2791,545,6824,44275636,15039354,0,4090,4101,0,1,20340879,20368559,-2143288318,2910816,2913476,13,6250,4059,0,0,-677,-374,-374,2160,135074,0,502,140288,3942,0,0,0,0,0,-13059,-1,0,0,0,-17,4159,0,0,79,19118659,0,0,0,0,2916668,57050802,57270536,57490270,0,46239,0,0,4338775,12043576,38856,1999862417,0,-157965158,20,0,0,0,0,135043,2903,-574108,1,0
128,524133,3,,2924116,2912412,2914540,2912412,2914540,2914008,2912412,2924116,0,134909,0,-24865,2727,-176,8250,27521773,-574108,-638353658,17248,-1148216,2178652,3408992,494187,461187,0,1851,0,0,8091788,3,1,58955622,135,32005,31975,26,0,0,16,2917200,60225,52099,143554,124259,1279,1358,6824,44275636,15039354,0,42,0,0,-5,38,154885,135171,128,501,0,2791,545,6824,44275636,15039354,0,4090,4101,0,1,20340879,20368559,-2143288318,2910816,2913476,13,6250,4059,0,0,-677,-374,-374,2160,135074,0,502,140288,3942,0,0,0,0,0,-13059,-1,0,0,0,-17,4159,0,0,79,19118659,0,0,0,0,2916668,57050802,57270536,57490270,0,46239,0,0,4338775,12043576,38856,1999862417,0,-157965158,20,0,0,0,0,135043,2903,-574108,1,0
129,524333,3,,2924116,2912412,2914540,2912412,2914540,2914008,2912412,2924116,0,135460,0,-15007,2246,-102,8250,26050780,-344176,793302110,17323,-688352,2178652,3408992,494187,461187,0,1851,0,0,8091788,3,1,59496636,135,32005,31975,26,0,0,16,2917200,60225,52099,143554,124259,1279,1358,6824,44275636,15039354,0,42,0,0,-5,38,154102,135653,119,582,0,2801,542,6824,44275636,15039354,0,4092,4099,0,1,20340879,20358183,-2143288318,2916136,2917200,9,6284,4063,0,0,-684,-377,-377,2170,135554,0,496,140976,3937,0,0,0,0,0,-13059,-1,0,0,0,-17,4159,0,0,79,19118659,0,0,0,0,2916668,57050802,57270536,57490270,0,46239,0,0,3806369,12142927,36535,2018042819,0,-157965158,20,0,0,0,0,135534,2348,-344176,1,0
130,524600,3,,2924116,2912412,2914540,2912412,2914540,2914008,2912412,2924116,0,136009,0,-6729,1773,-177,8250,23715903,-1020253,-2070009418,17390,-2040506,2178652,3408992,494187,461187,0,1851,0,0,8091788,3,1,60039818,135,32005,31975,26,0,0,16,2917200,60225,52099,143554,124259,1279,1358,6824,44275636,15039354,0,42,0,0,-5,38,153488,136137,122,513,0,2811,538,6824,44275636,15039354,0,4094,4097,0,1,20340879,20349470,-2143288318,2921988,2916136,5,6326,4073,0,0,-690,-380,-380,2179,136028,0,502,141635,3933,0,0,0,0,0,-13059,-1,0,0,0,-17,4159,0,0,79,19118659,0,0,0,0,2916668,57050802,57270536,57490270,0,46239,0,0,3269871,12229885,34587,2036296075,0,-157965158,20,0,0,0,0,136015,1950,-1020253,1,0
131,524600,3,,2924116,2912412,2914540,2912412,2914540,2914008,2912412,2924116,0,136009,0,-6729,1773,-177,8250,23715903,-1020253,-2070009418,17390,-2040506,2178652,3408992,494187,461187,0,1851,0,0,8091788,3,1,60039818,135,32005,31975,26,0,0,16,2917200,60225,52099,143554,124259,1279,1358,6824,44275636,15039354,0,42,0,0,-5,38,153488,136137,122,513,0,2811,538,6824,44275636,15039354,0,4094,4097,0,1,20340879,20349470,-2143288318,2921988,2916136,5,6326,4073,0,0,-690,-380,-380,2179,136028,0,502,141635,3933,0,0,0,0,0,-13059,-1,0,0,0,-17,4159,0,0,79,19118659,0,0,0,0,2916668,57050802,57270536,57490270,0,46239,0,0,3269871,12229885,34587,2036296075,0,-157965158,20,0,0,0,0,136015,1950,-1020253,1,0
132,524866,3,,2924116,2912412,2914540,2912412,2914540,2914008,2912412,2924116,0,136520,0,-932,1159,-133,8250,20724863,-582679,-638353650,17460,-1165358,2178652,3408992,494187,461187,0,1851,0,0,8091788,3,1,60585121,135,32005,31975,26,0,0,16,2917200,60225,52099,143554,124259,1279,1358,6824,44275636,15039354,0,42,0,0,-5,38,152941,136612,116,563,0,2799,536,6824,44275636,15039354,0,4095,4096,0,1,20340879,20343037,-2143288318,2922520,2921988,1,7604,4915,0,0,-696,-375,-375,2167,136502,0,491,142241,3930,0,0,0,0,0,-13059,-1,0,0,0,-17,4159,0,0,79,19118659,0,0,0,0,2916668,57050802,57270536,57490270,0,46239,0,0,2729712,12305299,33222,2054620607,0,-157965158,20,0,0,0,0,136496,1292,-582679,1,0
133,525133,3,,2924116,2912412,2914540,2912412,2914540,2914008,2912412,2924116,0,136520,0,-932,1159,-115,8250,20724863,-460323,-638353650,17474,-1165358,2178652,3408992,494187,461187,0,1851,0,0,8091788,3,1,60585121,135,32005,31975,26,0,0,16,2917200,60225,52099,143554,124259,1279,1358,6824,44275636,15039354,0,42,0,0,-5,38,152770,136612,113,583,0,2801,535,6824,44275636,15039354,0,4095,4096,0,1,20340879,20341811,-2143288318,2916668,2921988,15,7611,4915,0,0,-698,-375,-375,2169,136616,0,488,142275,3932,0,0,0,0,0,-13059,-1,0,0,0,-17,4159,0,0,79,19118659,0,0,0,0,2916668,57050802,57270536,57490270,0,46239,0,0,2729712,12305299,33222,2054620607,0,-157965158,20,0,0,0,0,136612,1159,-460323,1,0
134,525133,3,,2910284,2912412,2914540,2912412,2914540,2914008,2912412,2924116,0,136999,0,2886,792,-66,8250,19412343,-180973,793302118,17522,-361946,2178652,3408992,494187,461187,0,1851,0,0,8091788,3,1,61132424,135,32005,31975,26,0,0,16,2917200,60225,52099,143554,124259,1279,1358,6824,44275636,15039354,0,42,0,0,-5,38,152433,137055,111,637,0,2807,533,6824,44275636,15039354,0,4096,4095,0,1,20340879,20338818,-2143288318,2912944,2922520,12,7632,4915,0,0,-703,-377,-377,2175,136946,0,488,142719,3930,0,0,0,0,0,-13059,-1,0,0,0,-17,4159,0,0,79,19118659,0,0,0,0,2916668,57050802,57270536,57490270,0,46239,0,0,2186097,12368300,32322,2073012347,0,-157965158,20,0,0,0,0,136944,858,-180973,1,0
135,525400,3,,2910284,2912412,2914540,2912412,2914540,2914008,2912412,2924116,0,137465,0,5626,547,-73,8250,18468371,-343015,-2070009410,17577,-686030,2178652,3408992,494187,461187,0,1851,0,0,8091788,3,1,61681538,135,32005,31975,26,0,0,16,2917200,60225,52099,143554,124259,1279,1358,6824,44275636,15039354,0,42,0,0,-5,38,152009,137485,106,636,0,2816,530,6824,44275636,15039354,0,4097,4094,0,1,20340879,20335837,-2143288318,2912944,2922520,8,7659,4915,0,0,-709,-380,-380,2184,137380,0,486,143234,3928,0,0,0,0,0,-13059,-1,0,0,0,-17,4159,0,0,79,19118659,0,0,0,0,2916668,57050802,57270536,57490270,0,46239,0,0,1639372,12417873,31676,2091464945,0,-157965158,20,0,0,0,0,137379,620,-343015,1,0
136,525400,3,,2910284,2912412,2914540,2912412,2914540,2914008,2912412,2924116,0,137465,0,5626,547,-73,8250,18468371,-343015,-2070009410,17577,-686030,2178652,3408992,494187,461187,0,1851,0,0,8091788,3,1,61681538,135,32005,31975,26,0,0,16,2917200,60225,52099,143554,124259,1279,1358,6824,44275636,15039354,0,42,0,0,-5,38,152009,137485,106,636,0,2816,530,6824,44275636,15039354,0,4097,4094,0,1,20340879,20335837,-2143288318,2912944,2922520,8,7659,4915,0,0,-709,-380,-380,2184,137380,0,486,143234,3928,0,0,0,0,0,-13059,-1,0,0,0,-17,4159,0,0,79,19118659,0,0,0,0,2916668,57050802,57270536,57490270,0,46239,0,0,1639372,12417873,31676,2091464945,0,-157965158,20,0,0,0,0,137379,620,-343015,1,0
137,525666,3,,2910284,2912412,2914540,2912412,2914540,2914008,2912412,2924116,0,137885,0,7099,160,-113,8250,16423598,-610075,-638353642,17636,-1220150,2178652,3408992,494187,461187,0,1851,0,0,8091788,3,1,62232448,135,32005,31975,26,0,0,16,2917200,60225,52099,143554,124259,1279,1358,6824,44275636,15039354,0,42,0,0,-5,38,151658,137904,103,601,0,2824,526,6824,44275636,15039354,0,4097,4094,0,1,20340879,20333997,-2143288318,2916668,2912944,4,7684,4915,0,0,-714,-382,-382,2191,137801,0,485,143765,3926,0,0,0,0,0,-13059,-1,0,0,0,-17,4159,0,0,79,19118659,0,0,0,0,2916668,57050802,57270536,57490270,0,46239,0,0,1089864,12454114,31328,2109977895,0,-157965158,20,0,0,0,0,137801,273,-610075,1,0
138,525733,3,,2910284,2912412,2914540,2912412,2914540,2914008,2912412,2924116,0,137885,0,7099,160,-113,8250,16423598,-610075,-638353642,17636,-1220150,2178652,3408992,494187,461187,0,1851,0,0,8091788,3,1,62232448,135,32005,31975,26,0,0,16,2917200,60225,52099,143554,124259,1279,1358,6824,44275636,15039354,0,42,0,0,-5,38,151658,137904,103,601,0,2824,526,6824,44275636,15039354,0,4097,4094,0,1,20340879,20333997,-2143288318,2916668,2912944,4,7684,4915,0,0,-714,-382,-382,2191,137801,0,485,143765,3926,0,0,0,0,0,-13059,-1,0,0,0,-17,4159,0,0,79,19118659,0,0,0,0,2916668,57050802,57270536,57490270,0,46239,0,0,1089864,12454114,31328,2109977895,0,-157965158,20,0,0,0,0,137801,273,-610075,1,0
139,525933,3,,2910284,2912412,2914540,2912412,2914540,2914008,2912412,2924116,0,138300,0,6523,-470,-170,8250,12966261,-908104,793302126,17689,-1816208,2178652,3408992,494187,461187,0,1851,0,0,8091788,3,1,62785030,135,32005,31975,26,0,0,16,2917200,60225,52099,143554,124259,1279,1358,6824,44275636,15039354,0,42,0,0,-5,38,151373,138319,104,550,0,2833,524,6824,44275636,15039354,0,4097,4094,0,1,20340879,20333971,-2143288318,2916668,2924648,15,7709,4915,0,0,-720,-384,-384,2200,138215,0,488,144300,3923,0,0,0,0,0,-13059,-1,0,0,0,-17,4159,0,0,79,19118659,0,0,0,0,2916668,57050802,57270536,57490270,0,46239,0,0,537997,12477413,31463,2128547033,0,-157965158,20,0,0,0,0,138215,-300,-908104,1,0
140,526200,3,,2910284,2912412,2914540,2912412,2914540,2914008,2912412,2924116,0,138673,0,3199,-1161,-156,8250,9503155,-724195,-2070009402,17741,-1448390,2178652,3408992,494187,461187,0,1851,0,0,8091788,3,1,63339216,135,32005,31975,26,0,0,16,2917200,60225,52099,143554,124259,1279,1358,6824,44275636,15039354,0,42,0,0,-5,38,151141,138724,102,568,0,2841,521,6824,44275636,15039354,0,4096,4095,0,1,20340879,20336597,-2143288318,2916668,2922520,11,7731,4915,0,0,-724,-386,-386,2208,138625,0,488,144812,3920,0,0,0,0,0,-13059,-1,0,0,0,-17,4159,0,0,79,19118659,0,0,0,0,2916668,57050802,57270536,57490270,0,46239,0,0,-15916,12488606,32245,2147170071,0,-157965158,20,0,0,0,0,138622,-1005,-724195,1,0
141,526200,3,,2910284,2912412,2914540,2912412,2914540,2914008,2912412,2924116,0,138673,0,3199,-1161,-156,8250,9503155,-724195,-2070009402,17741,-1448390,2178652,3408992,494187,461187,0,1851,0,0,8091788,3,1,63339216,135,32005,31975,26,0,0,16,2917200,60225,52099,143554,124259,1279,1358,6824,44275636,15039354,0,42,0,0,-5,38,151141,138724,102,568,0,2841,521,6824,44275636,15039354,0,4096,4095,0,1,20340879,20336597,-2143288318,2916668,2922520,11,7731,4915,0,0,-724,-386,-386,2208,138625,0,488,144812,3920,0,0,0,0,0,-13059,-1,0,0,0,-17,4159,0,0,79,19118659,0,0,0,0,2916668,57050802,57270536,57490270,0,46239,0,0,-15916,12488606,32245,2147170071,0,-157965158,20,0,0,0,0,138622,-1005,-724195,1,0
142,526466,3,,2910284,2912412,2914540,2912412,2914540,2914008,2912412,2924116,0,139028,0,-8082,-4631,-827,8250,-12418650,-4409185,-638353634,17782,-8818370,2178652,3408992,526209,494187,0,1912,0,0,8091788,3,1,534970,134,32005,31975,25,0,0,17,2917200,60225,52099,143554,124259,1279,1358,6824,44275636,15039354,0,42,0,0,-5,38,150966,139105,86,-111,0,2847,519,6824,44275636,15039354,0,4095,4096,0,1,20644178,20648043,-2143222782,2916668,2921988,7,7751,4915,0,0,-716,-389,-389,2213,139071,0,475,145259,3920,0,227,908,2,0,92741,-1,0,0,0,-16,4159,0,0,85,19118659,0,0,0,0,2916668,57050802,57270536,57490270,0,46239,0,0,-571674,12491992,34900,-2129387358,0,-157965158,0,0,0,0,0,139019,-3804,-4409185,1,0
143,526666,3,,2910284,2912412,2914540,2912412,2914540,2914008,2912412,2924116,0,139028,0,-8082,-4631,-827,8250,-12418650,-4409185,-638353634,17782,-8818370,2178652,3408992,526209,494187,0,1912,0,0,8091788,3,1,534970,134,32005,31975,25,0,0,17,2917200,60225,52099,143554,124259,1279,1358,6824,44275636,15039354,0,42,0,0,-5,38,150966,139105,86,-111,0,2847,519,6824,44275636,15039354,0,4095,4096,0,1,20644178,20648043,-2143222782,2916668,2921988,7,7751,4915,0,0,-716,-389,-389,2213,139071,0,475,145259,3920,0,227,908,2,0,92741,-1,0,0,0,-16,4159,0,0,85,19118659,0,0,0,0,2916668,57050802,57270536,57490270,0,46239,0,0,-571674,12491992,34900,-2129387358,0,-157965158,0,0,0,0,0,139019,-3804,-4409185,1,0
144,526733,3,,2910284,2912412,2914540,2912412,2914540,2914008,2912412,2924116,0,139254,0,-30258,-6116,-190,8250,-16798529,-84096,793302134,17816,-168192,2178652,3408992,526209,494187,0,1912,0,0,8091788,3,1,1091631,134,32005,31975,25,0,0,17,2917200,60225,52099,143554,124259,1279,1358,6824,44275636,15039354,0,42,0,0,-5,38,151021,139493,101,530,0,2856,516,6824,44275636,15039354,0,4091,4100,-1,1,20644178,20668415,-2143222782,2916668,2914540,3,7744,4915,0,0,-720,-392,-392,2222,139517,0,493,145610,3921,0,227,1816,2,0,92741,-1,0,0,0,-16,4159,0,0,85,19118659,0,0,0,0,2916668,57050802,57270536,57490270,0,46239,0,0,-1129272,12491896,40118,-2110955380,0,-157965158,0,0,0,0,0,139392,-5926,-84096,1,0
145,527000,3,,2924116,2912412,2914540,2912412,2914540,2914008,2912412,2924116,0,139444,0,-55981,-6658,-96,8250,-17571300,-126517,-2070009394,17842,-253034,2178652,3408992,526209,494187,0,1912,0,0,8091788,3,1,1649123,134,32005,31975,25,0,0,17,2917200,60225,52099,143554,124259,1279,1358,6824,44275636,15039354,0,42,0,0,-5,38,151454,139846,85,627,0,2864,513,6824,44275636,15039354,0,4086,4105,-1,1,20644178,20693549,-2143222782,2911880,2914540,14,7673,4912,0,0,-723,-394,-394,2230,139914,0,479,145977,3921,0,227,2724,2,0,92741,-1,0,0,0,-16,4159,0,0,85,19118659,0,0,0,0,2916668,57050802,57270536,57490270,0,46239,0,0,-1688381,12480234,46170,-2092495886,0,-157965158,0,0,0,0,0,139761,-6562,-126517,1,0
146,527000,3,,2924116,2912412,2914540,2912412,2914540,2914008,2912412,2924116,0,139444,0,-55981,-6658,-96,8250,-17571300,-126517,-2070009394,17842,-253034,2178652,3408992,526209,494187,0,1912,0,0,8091788,3,1,1649123,134,32005,31975,25,0,0,17,2917200,60225,52099,143554,124259,1279,1358,6824,44275636,15039354,0,42,0,0,-5,38,151454,139846,85,627,0,2864,513,6824,44275636,15039354,0,4086,4105,-1,1,20644178,20693549,-2143222782,2911880,2914540,14,7673,4912,0,0,-723,-394,-394,2230,139914,0,479,145977,3921,0,227,2724,2,0,92741,-1,0,0,0,-16,4159,0,0,85,19118659,0,0,0,0,2916668,57050802,57270536,57490270,0,46239,0,0,-1688381,12480234,46170,-2092495886,0,-157965158,0,0,0,0,0,139761,-6562,-126517,1,0
147,527266,3,,2924116,2912412,2914540,2912412,2914540,2914008,2912412,2924116,0,139541,0,-83086,-6826,18,8250,-17450659,352149,-638353626,17861,704298,2178652,3408992,526209,494187,0,1912,0,0,8091788,3,1,2207160,134,32005,31975,25,0,0,17,2917200,60225,52099,143554,124259,1279,1358,6824,44275636,15039354,0,42,0,0,-5,38,152128,140142,70,744,0,2912,509,6824,44275636,15039354,0,4080,4111,-1,1,20644178,20720429,-2143222782,2911880,2914540,10,4556,2947,0,0,-726,-410,-410,2276,140239,0,491,146341,3920,0,227,3632,2,0,92741,-1,0,0,0,-16,4159,0,0,85,19118659,0,0,0,0,2916668,57050802,57270536,57490270,0,46239,0,0,-2248344,12454629,52548,-2074018346,0,-157965158,0,0,0,0,0,140072,-6844,352149,1,0
148,527533,3,,2924116,2912412,2914540,2912412,2914540,2914008,2912412,2924116,0,139541,0,-83086,-6826,18,8250,-17450659,352149,-638353626,17861,704298,2178652,3408992,526209,494187,0,1912,0,0,8091788,3,1,2207160,134,32005,31975,25,0,0,17,2917200,60225,52099,143554,124259,1279,1358,6824,44275636,15039354,0,42,0,0,-5,38,152128,140142,70,744,0,2912,509,6824,44275636,15039354,0,4080,4111,-1,1,20644178,20720429,-2143222782,2911880,2914540,10,4556,2947,0,0,-726,-410,-410,2276,140239,0,491,146341,3920,0,227,3632,2,0,92741,-1,0,0,0,-16,4159,0,0,85,19118659,0,0,0,0,2916668,57050802,57270536,57490270,0,46239,0,0,-2248344,12454629,52548,-2074018346,0,-157965158,0,0,0,0,0,140072,-6844,352149,1,0
149,527533,3,,2924116,2912412,2914540,2912412,2914540,2914008,2912412,2924116,0,139532,0,-108007,-4402,1333,8250,-517155,8864121,793302142,17864,17728242,2178652,3408992,526209,494187,0,1912,0,0,8091788,3,1,2765427,134,32005,31975,25,0,0,17,2917200,60225,52099,143554,124259,1279,1358,6824,44275636,15039354,0,42,0,2,-5,38,153066,140267,-4,2061,0,2971,505,6824,44275636,15039354,0,4075,4116,-1,1,20644178,20747116,-2143288318,2910816,2914540,6,2273,1490,0,0,-728,-429,-429,2333,140388,0,577,146488,3922,0,0,0,2,0,92741,-1,0,0,0,-16,4159,0,0,85,19118659,0,0,0,0,2916668,57050802,57270536,57490270,0,46239,0,0,-2808091,12411742,58412,-2055533190,0,-157965158,0,0,0,0,0,140271,-5735,8864121,1,0
150,527800,3,,2924116,2912412,2914540,2912412,2914540,2914008,2912412,2924116,0,139506,0,-116772,-514,651,8250,19451120,2517478,-2070009386,17854,5034956,2178652,3408992,526209,494187,0,1912,0,0,8091788,3,1,3323412,134,32005,31975,25,0,0,17,2917200,60225,52099,143554,124259,1279,1358,6824,44275636,15039354,0,42,0,2,-5,38,154548,140306,23,1378,0,2973,506,6824,44275636,15039354,0,4073,4119,0,1,20644178,20760110,-2143288318,2910816,2914540,2,2490,1631,0,0,-727,-430,-430,2335,140287,0,937,146734,3915,0,0,0,2,0,92741,-1,0,0,0,-16,4159,0,0,85,19118659,0,0,0,0,2916668,57050802,57270536,57490270,0,46239,0,0,-3364242,12337610,60474,-2037057372,0,-157965158,0,0,0,0,0,140283,-1165,2517478,1,0
151,527800,3,,2924116,2912412,2914540,2912412,2914540,2914008,2912412,2924116,0,139506,0,-116772,-514,651,8250,19451120,2517478,-2070009386,17854,5034956,2178652,3408992,526209,494187,0,1912,0,0,8091788,3,1,3323412,134,32005,31975,25,0,0,17,2917200,60225,52099,143554,124259,1279,1358,6824,44275636,15039354,0,42,0,2,-5,38,154548,140306,23,1378,0,2973,506,6824,44275636,15039354,0,4073,4119,0,1,20644178,20760110,-2143288318,2910816,2914540,2,2490,1631,0,0,-727,-430,-430,2335,140287,0,937,146734,3915,0,0,0,2,0,92741,-1,0,0,0,-16,4159,0,0,85,19118659,0,0,0,0,2916668,57050802,57270536,57490270,0,46239,0,0,-3364242,12337610,60474,-2037057372,0,-157965158,0,0,0,0,0,140283,-1165,2517478,1,0
152,528066,3,,2924116,2912412,2914540,2912412,2914540,2914008,2912412,2924116,0,139668,0,-115345,1011,256,8250,24311678,714282,-638353618,17866,1428564,2178652,3408992,526209,494187,0,1912,0,0,8091788,3,1,3881687,134,32005,31975,25,0,0,17,2917200,60225,52099,143554,124259,1279,1358,6824,44275636,15039354,0,42,0,2,-5,38,156220,140489,63,985,0,2905,508,6824,44275636,15039354,0,4073,4119,0,1,20644178,20760406,-2143288318,2916668,2914540,13,7360,4706,0,0,-729,-407,-407,2269,140428,0,1108,146980,3913,0,0,0,2,0,92741,-1,0,0,0,-16,4159,0,0,85,19118659,0,0,0,0,2916668,57050802,57270536,57490270,0,46239,0,0,-3916807,12238436,60138,-2018571950,0,-157965158,0,0,0,0,0,140426,755,714282,1,0
153,528200,3,,2924116,2912412,2914540,2912412,2914540,2914008,2912412,2924116,0,139668,0,-115345,1011,256,8250,24311678,714282,-638353618,17866,1428564,2178652,3408992,526209,494187,0,1912,0,0,8091788,3,1,3881687,134,32005,31975,25,0,0,17,2917200,60225,52099,143554,124259,1279,1358,6824,44275636,15039354,0,42,0,2,-5,38,156220,140489,63,985,0,2905,508,6824,44275636,15039354,0,4073,4119,0,1,20644178,20760406,-2143288318,2916668,2914540,13,7360,4706,0,0,-729,-407,-407,2269,140428,0,1108,146980,3913,0,0,0,2,0,92741,-1,0,0,0,-16,4159,0,0,85,19118659,0,0,0,0,2916668,57050802,57270536,57490270,0,46239,0,0,-3916807,12238436,60138,-2018571950,0,-157965158,0,0,0,0,0,140426,755,714282,1,0
154,528333,3,,2924116,2912412,2914540,2912412,2914540,2914008,2912412,2924116,0,139972,0,-110371,1297,-27,8250,23653360,-626319,793302150,17906,-1252638,2178652,3408992,526209,494187,0,1912,0,0,8091788,3,1,4441099,134,32005,31975,25,0,0,17,2917200,60225,52099,143554,124259,1279,1358,6824,44275636,15039354,0,42,0,2,-5,38,157301,140804,82,707,0,2881,508,6824,44275636,15039354,0,4073,4118,0,1,20644178,20755860,-2143288318,2921988,2914540,9,7803,4915,0,0,-734,-399,-399,2246,140728,0,1100,147312,3912,0,0,0,2,0,92741,-1,0,0,0,-16,4159,0,0,85,19118659,0,0,0,0,2916668,57050802,57270536,57490270,0,46239,0,0,-4466812,12120670,58968,-2000048882,0,-157965158,0,0,0,0,0,140722,1324,-626319,1,0
155,528600,3,,2924116,2912412,2914540,2912412,2914540,2914008,2912412,2924116,0,140304,0,-110834,-2725,-1143,8250,-4316159,-6438286,-2070009378,17952,-12876572,2178652,3408992,526209,494187,0,1912,0,0,8091788,3,1,5001928,134,32005,31975,25,0,0,17,2917200,60225,52099,143554,124259,1279,1358,6824,44275636,15039354,0,42,0,2,-5,38,157686,141124,90,-422,0,2883,506,6824,44275636,15039354,0,4074,4117,0,1,20644178,20752859,-2143222782,2912412,2920392,5,7826,4915,0,0,-721,-400,-400,2248,141042,0,1087,147676,3911,0,273,546,0,0,-206,-1,0,0,0,-16,4159,0,0,85,19118659,0,0,0,0,2916668,57050802,57270536,57490270,0,46239,0,0,-5015951,11992942,59076,-1981553937,0,-157965158,1,0,0,0,0,141034,-1582,-6438286,1,0
156,528600,3,,2924116,2912412,2914540,2912412,2914540,2914008,2912412,2924116,0,140304,0,-110834,-2725,-1143,8250,-4316159,-6438286,-2070009378,17952,-12876572,2178652,3408992,526209,494187,0,1912,0,0,8091788,3,1,5001928,134,32005,31975,25,0,0,17,2917200,60225,52099,143554,124259,1279,1358,6824,44275636,15039354,0,42,0,2,-5,38,157686,141124,90,-422,0,2883,506,6824,44275636,15039354,0,4074,4117,0,1,20644178,20752859,-2143222782,2912412,2920392,5,7826,4915,0,0,-721,-400,-400,2248,141042,0,1087,147676,3911,0,273,546,0,0,-206,-1,0,0,0,-16,4159,0,0,85,19118659,0,0,0,0,2916668,57050802,57270536,57490270,0,46239,0,0,-5015951,11992942,59076,-1981553937,0,-157965158,1,0,0,0,0,141034,-1582,-6438286,1,0
157,528866,3,,2924116,2912412,2914540,2912412,2914540,2914008,2912412,2924116,0,140625,0,-123837,-3357,67,8250,-2514915,1528327,-638353610,17995,3056654,2178652,3408992,526209,494187,0,1912,0,0,8091788,3,1,5564088,134,32005,31975,25,0,0,17,2917200,60225,52099,143554,124259,1279,1358,6824,44275636,15039354,0,42,0,2,-5,38,157797,141456,73,757,0,2882,505,6824,44275636,15039354,0,4073,4118,0,1,21863762,21984208,-2143222782,2911880,2924648,1,7841,4915,0,0,-690,-403,-403,2247,141424,0,1016,147988,3913,0,273,1638,0,0,-206,-1,0,0,0,-16,4159,0,0,85,19118659,0,0,0,0,2916668,57050802,57270536,57490270,0,46239,0,0,-5566024,11862664,62135,-1963978751,0,-157965158,1,0,0,0,0,141383,-3424,1528327,1,0
158,528933,3,,2924116,2912412,2914540,2912412,2914540,2914008,2912412,2924116,0,140625,0,-123837,-3357,67,8250,-2514915,1528327,-638353610,17995,3056654,2178652,3408992,526209,494187,0,1912,0,0,8091788,3,1,5564088,134,32005,31975,25,0,0,17,2917200,60225,52099,143554,124259,1279,1358,6824,44275636,15039354,0,42,0,2,-5,38,157797,141456,73,757,0,2882,505,6824,44275636,15039354,0,4073,4118,0,1,21863762,21984208,-2143222782,2911880,2924648,1,7841,4915,0,0,-690,-403,-403,2247,141424,0,1016,147988,3913,0,273,1638,0,0,-206,-1,0,0,0,-16,4159,0,0,85,19118659,0,0,0,0,2916668,57050802,57270536,57490270,0,46239,0,0,-5566024,11862664,62135,-1963978751,0,-157965158,1,0,0,0,0,141383,-3424,1528327,1,0
159,529133,3,,2924116,2912412,2914540,2912412,2914540,2914008,2912412,2924116,0,140828,0,-136209,-2805,143,8250,2606109,1007416,793302158,18017,2014832,2178652,3408992,526209,494187,0,1912,0,0,8091788,3,1,6127070,134,32005,31975,25,0,0,17,2917200,60225,52099,143554,124259,1279,1358,6824,44275636,15039354,0,42,0,2,-5,38,157858,141726,66,836,0,2887,502,6824,44275636,15039354,0,4071,4120,0,1,21863762,21997094,-2143222782,2911880,2925180,12,7853,4915,0,0,-693,-404,-404,2252,141690,0,1012,148376,3910,0,273,2730,0,0,-206,-1,0,0,0,-16,4159,0,0,85,19118659,0,0,0,0,2916668,57050802,57270536,57490270,0,46239,0,0,-6113505,11717383,65045,-1946377867,0,-157965158,1,0,0,0,0,141660,-2948,1007416,1,0
160,529400,3,,2924116,2912412,2914540,2912412,2914540,2914008,2912412,2924116,0,141003,0,-145719,-1835,309,8250,8603397,1838286,-2070009370,18041,3676572,2178652,3408992,526209,494187,0,1912,0,0,8091788,3,1,6690797,134,32005,31975,25,0,0,17,2917200,60225,52099,143554,124259,1279,1358,6824,44275636,15039354,0,42,0,2,-5,38,157886,141968,57,1005,0,2893,501,6824,44275636,15039354,0,4069,4122,0,1,21863762,22007491,-2143222782,2910816,2925180,8,7869,4915,0,0,-696,-405,-405,2257,141927,0,982,148571,3912,0,273,3822,0,0,-206,-1,0,0,0,-16,4159,0,0,85,19118659,0,0,0,0,2916668,57050802,57270536,57490270,0,46239,0,0,-6657153,11554921,67283,-1928753693,0,-157965158,1,0,0,0,0,141911,-2144,1838286,1,0
161,529400,3,,2924116,2912412,2914540,2912412,2914540,2914008,2912412,2924116,0,141003,0,-145719,-1835,309,8250,8603397,1838286,-2070009370,18041,3676572,2178652,3408992,526209,494187,0,1912,0,0,8091788,3,1,6690797,134,32005,31975,25,0,0,17,2917200,60225,52099,143554,124259,1279,1358,6824,44275636,15039354,0,42,0,2,-5,38,157886,141968,57,1005,0,2893,501,6824,44275636,15039354,0,4069,4122,0,1,21863762,22007491,-2143222782,2910816,2925180,8,7869,4915,0,0,-696,-405,-405,2257,141927,0,982,148571,3912,0,273,3822,0,0,-206,-1,0,0,0,-16,4159,0,0,85,19118659,0,0,0,0,2916668,57050802,57270536,57490270,0,46239,0,0,-6657153,11554921,67283,-1928753693,0,-157965158,1,0,0,0,0,141911,-2144,1838286,1,0
162,529666,3,,2909752,2912412,2914540,2912412,2914540,2914008,2912412,2909752,0,142181,0,-149203,64,402,8250,12002239,-4270411,-638353602,18086,-8540822,2178652,3408992,526209,494187,0,1912,0,0,8091788,3,1,7256364,134,32005,31975,25,0,0,17,2917200,60225,52099,143554,124259,1279,1358,6824,44275636,15039354,0,42,0,0,-5,38,157976,142240,117,207,0,2648,530,6824,44275636,15039354,0,4096,4096,0,0,0,0,-2143288318,2916136,2916668,4,7910,4915,0,0,195,-405,-407,2027,142123,0,1171,148672,3915,0,0,0,0,0,-206,-1,0,0,0,-16,4159,0,0,85,19118659,0,0,0,0,2916668,57050802,57270536,57490270,0,46239,0,0,-7195607,11373176,66911,-1916372964,-6675714,-157965158,2,0,0,0,0,142123,-338,-4270411,1,0
163,529666,3,,2909752,2912412,2914540,2912412,2914540,2914008,2912412,2909752,0,142181,0,-149203,64,402,8250,12002239,-4270411,-638353602,18086,-8540822,2178652,3408992,526209,494187,0,1912,0,0,8091788,3,1,7256364,134,32005,31975,25,0,0,17,2917200,60225,52099,143554,124259,1279,1358,6824,44275636,15039354,0,42,0,0,-5,38,157976,142240,117,207,0,2648,530,6824,44275636,15039354,0,4096,4096,0,0,0,0,-2143288318,2916136,2916668,4,7910,4915,0,0,195,-405,-407,2027,142123,0,1171,148672,3915,0,0,0,0,0,-206,-1,0,0,0,-16,4159,0,0,85,19118659,0,0,0,0,2916668,57050802,57270536,57490270,0,46239,0,0,-7195607,11373176,66911,-1916372964,-6675714,-157965158,2,0,0,0,0,142123,-338,-4270411,1,0
164,529933,3,,2909752,2912412,2914540,2912412,2914540,2914008,2912412,2909752,0,140029,0,-150204,-2157,-1924,8250,15693908,-8150091,793302166,17921,-16300182,2178652,3408992,526209,494187,0,1912,0,0,8091788,3,1,7818510,134,32005,31975,25,0,0,17,2917200,60225,52099,143554,124259,1279,1358,6824,44275636,15039354,0,42,0,0,-5,38,157873,142384,52,25,0,3173,463,6824,44275636,15039354,0,4029,4163,0,1,9039966,9188975,-2143222782,2916668,2916136,15,7807,4915,0,0,-1949,-411,-408,2538,142332,0,778,148813,3917,0,273,273,2,0,-907,-1,0,0,0,-16,4159,0,0,85,19118659,0,0,0,0,2916668,57050802,57270536,57490270,0,46239,0,0,-7729367,11175461,67162,-1883754240,2419946,-159380078,3,0,0,0,0,142332,-233,-8150091,1,0
165,530200,3,,2909752,2912412,2914540,2912412,2914540,2914008,2912412,2909752,0,139845,0,-164518,-4254,-211,8250,14705938,586181,-2070009362,17912,1172362,2178652,3408992,526209,494187,0,1912,0,0,8091788,3,1,8378332,134,32005,31975,25,0,0,17,2917200,60225,52099,143554,124259,1279,1358,6824,44275636,15039354,0,42,0,0,-5,38,157567,142355,-21,1728,0,3187,461,6824,44275636,15039354,0,4024,4168,-1,1,9039966,9200336,-2143222782,2912412,2917200,11,7796,4915,0,0,-1939,-415,-409,2552,142433,0,625,148818,3918,0,273,1365,2,0,-907,-1,0,0,0,-16,4159,0,0,85,19118659,0,0,0,0,2916668,57050802,57270536,57490270,0,46239,0,0,-8255877,10958030,73773,-1841424012,4923338,-164699118,3,0,0,0,0,142376,-4043,586181,1,0
166,530200,3,,2909752,2912412,2914540,2912412,2914540,2914008,2912412,2909752,0,139845,0,-164518,-4254,-211,8250,14705938,586181,-2070009362,17912,1172362,2178652,3408992,526209,494187,0,1912,0,0,8091788,3,1,8378332,134,32005,31975,25,0,0,17,2917200,60225,52099,143554,124259,1279,1358,6824,44275636,15039354,0,42,0,0,-5,38,157567,142355,-21,1728,0,3187,461,6824,44275636,15039354,0,4024,4168,-1,1,9039966,9200336,-2143222782,2912412,2917200,11,7796,4915,0,0,-1939,-415,-409,2552,142433,0,625,148818,3918,0,273,1365,2,0,-907,-1,0,0,0,-16,4159,0,0,85,19118659,0,0,0,0,2916668,57050802,57270536,57490270,0,46239,0,0,-8255877,10958030,73773,-1841424012,4923338,-164699118,3,0,0,0,0,142376,-4043,586181,1,0
167,530466,3,,2909752,2912412,2914540,2912412,2914540,2914008,2912412,2909752,0,139468,0,-180840,-3766,193,8250,20958604,1451953,-638353594,17866,2903906,2178652,3408992,526209,494187,0,1912,0,0,8091788,3,1,8936773,134,32005,31975,25,0,0,17,2917200,60225,52099,143554,124259,1279,1358,6824,44275636,15039354,0,42,0,0,-5,38,157693,142210,-39,2110,0,3202,459,6824,44275636,15039354,0,4017,4176,-1,1,9039966,9216943,-2143222782,2914540,2917200,7,7753,4915,0,0,-1917,-416,-408,2569,142304,0,619,148582,3921,0,273,2457,2,0,-907,-1,0,0,0,-16,4159,0,0,85,19118659,0,0,0,0,2916668,57050802,57270536,57490270,0,46239,0,0,-8768451,10710451,82771,-1799198208,6675713,-172616159,3,0,0,0,0,142249,-3959,1451953,1,0
168,530733,3,,2909752,2912412,2914540,2912412,2914540,2914008,2912412,2909752,0,140033,0,-193154,-2237,439,8250,25434389,-1206279,793302174,17841,-2412558,2178652,3408992,526209,494187,0,1912,0,0,8091788,3,1,9494831,134,32005,31975,25,0,0,17,2917200,60225,52099,143554,124259,1279,1358,6824,44275636,15039354,0,42,0,0,-5,38,158163,142079,-2,1684,0,3053,480,6824,44275636,15039354,0,4037,4155,0,1,13115125,13305822,-2143222782,2920924,2914540,3,7706,4915,0,0,-1245,-417,-407,2415,142106,0,750,147859,3935,0,273,3549,2,0,-907,-1,0,0,0,-16,4159,0,0,85,19118659,0,0,0,0,2916668,57050802,57270536,57490270,0,46239,0,0,-9262430,10429029,91881,-1760989180,7343285,-181727405,4,0,0,0,0,142081,-2676,-1206279,1,0
169,530733,3,,2909752,2912412,2914540,2912412,2914540,2914008,2912412,2909752,0,140033,0,-193154,-2237,439,8250,25434389,-1206279,793302174,17841,-2412558,2178652,3408992,526209,494187,0,1912,0,0,8091788,3,1,9494831,134,32005,31975,25,0,0,17,2917200,60225,52099,143554,124259,1279,1358,6824,44275636,15039354,0,42,0,0,-5,38,158163,142079,-2,1684,0,3053,480,6824,44275636,15039354,0,4037,4155,0,1,13115125,13305822,-2143222782,2920924,2914540,3,7706,4915,0,0,-1245,-417,-407,2415,142106,0,750,147859,3935,0,273,3549,2,0,-907,-1,0,0,0,-16,4159,0,0,85,19118659,0,0,0,0,2916668,57050802,57270536,57490270,0,46239,0,0,-9262430,10429029,91881,-1760989180,7343285,-181727405,4,0,0,0,0,142081,-2676,-1206279,1,0
170,531000,3,,2909752,2912412,2914540,2912412,2914540,2914008,2912412,2909752,0,138111,0,-197578,-701,-414,8250,25704950,-5107444,-2070009354,17910,-10214888,2178652,3408992,526209,494187,0,1912,0,0,8091788,3,1,10052807,134,32005,31975,25,0,0,17,2917200,60225,52099,143554,124259,1279,1358,6824,44275636,15039354,0,42,0,2,-5,38,157059,138426,-3601,812,0,3132,475,6824,44275636,15039354,0,4035,4157,0,1,13115125,13312209,-2143157246,2920924,2914540,14,3135,1979,0,0,-1226,-438,-429,2495,142027,-6193,-4322,146629,3967,0,0,0,2,0,-907,-1,0,0,0,-16,4159,0,0,85,19118659,0,0,0,0,2916668,57050802,57270536,57490270,0,46239,0,0,-9736433,10119257,99050,-1731907906,6842606,-190707566,4,0,0,0,0,142027,-287,-5107444,1,0
171,531000,3,,2909752,2912412,2914540,2912412,2914540,2914008,2912412,2909752,0,138111,0,-197578,-701,-414,8250,25704950,-5107444,-2070009354,17910,-10214888,2178652,3408992,526209,494187,0,1912,0,0,8091788,3,1,10052807,134,32005,31975,25,0,0,17,2917200,60225,52099,143554,124259,1279,1358,6824,44275636,15039354,0,42,0,2,-5,38,157059,138426,-3601,812,0,3132,475,6824,44275636,15039354,0,4035,4157,0,1,13115125,13312209,-2143157246,2920924,2914540,14,3135,1979,0,0,-1226,-438,-429,2495,142027,-6193,-4322,146629,3967,0,0,0,2,0,-907,-1,0,0,0,-16,4159,0,0,85,19118659,0,0,0,0,2916668,57050802,57270536,57490270,0,46239,0,0,-9736433,10119257,99050,-1731907906,6842606,-190707566,4,0,0,0,0,142027,-287,-5107444,1,0
172,531266,3,,2909752,2912412,2914540,2912412,2914540,2914008,2912412,2909752,0,136365,0,-190440,3643,1193,8250,48130362,6516509,-638353586,17450,13033018,2178652,3408992,526209,494187,0,1912,0,0,8091788,3,1,10598176,134,32005,31975,25,0,0,17,2917200,60225,52099,143554,124259,1279,1358,6824,44275636,15039354,0,42,0,2,-5,38,155475,138384,-18,2332,0,3093,499,6824,44275636,15039354,0,4036,4156,0,1,13115125,13308611,-2143222782,2920924,2914540,10,1568,1007,0,0,-1139,-426,-418,2455,138423,-6193,85300,144029,3935,0,157,314,1,0,-169084,-1,0,0,0,-16,4159,0,0,85,19118659,0,0,0,0,2916668,57050802,57270536,57490270,0,46239,0,0,-10179787,9788015,101875,-1703483698,5173678,-198094946,4,0,0,0,0,138402,2450,6516509,1,0
173,531466,3,,2909752,2912412,2914540,2912412,2914540,2914008,2912412,2909752,0,136365,0,-190440,3643,1193,8250,48130362,6516509,-638353586,17450,13033018,2178652,3408992,526209,494187,0,1912,0,0,8091788,3,1,10598176,134,32005,31975,25,0,0,17,2917200,60225,52099,143554,124259,1279,1358,6824,44275636,15039354,0,42,0,2,-5,38,155475,138384,-18,2332,0,3093,499,6824,44275636,15039354,0,4036,4156,0,1,13115125,13308611,-2143222782,2920924,2914540,10,1568,1007,0,0,-1139,-426,-418,2455,138423,-6193,85300,144029,3935,0,157,314,1,0,-169084,-1,0,0,0,-16,4159,0,0,85,19118659,0,0,0,0,2916668,57050802,57270536,57490270,0,46239,0,0,-10179787,9788015,101875,-1703483698,5173678,-198094946,4,0,0,0,0,138402,2450,6516509,1,0
174,531533,3,,2909752,2912412,2914540,2912412,2914540,2914008,2912412,2909752,0,129608,0,-174873,5976,1828,8250,59379747,12087971,793302182,16801,24175942,2178652,3408992,526209,494187,0,1912,0,0,8091788,3,1,11126613,134,32005,31975,25,0,0,17,2917200,60225,52099,143554,124259,1279,1358,6824,44275636,15039354,0,42,0,2,-5,38,148750,131414,49,2822,0,2963,549,6824,44275636,15039354,0,4040,4152,1,1,13115125,13295060,-2143222782,2912412,2914008,6,597,401,0,0,-994,-390,-385,2326,131430,-6530,745,140971,3816,0,273,273,2,0,158,-1,0,0,0,-16,4159,0,0,85,19118659,0,0,0,0,2916668,57050802,57270536,57490270,0,46239,0,0,-10590142,9443231,100230,-1675941974,2503392,-202784919,4,0,0,0,0,131365,4148,12087971,1,0
175,531800,3,,2924116,2912412,2914540,2912412,2914540,2914008,2912412,2924116,0,125390,0,-147578,7816,498,8250,73729142,9480685,-2070009346,16208,18961370,2178652,3408992,526209,494187,0,1912,0,0,8091788,3,1,11636522,134,32005,31975,25,0,0,17,2917200,60225,52099,143554,124259,1279,1358,6824,44275636,15039354,0,42,0,2,-5,38,149076,128274,46,2716,0,3290,523,6824,44275636,15039354,0,4048,4144,2,1,13115125,13270270,-2143222782,2912412,2914008,2,397,274,0,0,-2218,-371,-370,2663,128436,-9052,1717,138724,3786,0,273,546,2,0,-310,-1,0,0,0,-16,4159,0,0,85,19118659,0,0,0,0,2916668,57050802,57270536,57490270,0,46239,0,0,-10964884,9084964,92640,-1642099238,0,-204043029,5,0,0,0,0,128228,7318,9480685,1,0
176,531800,3,,2924116,2912412,2914540,2912412,2914540,2914008,2912412,2924116,0,125390,0,-147578,7816,498,8250,73729142,9480685,-2070009346,16208,18961370,2178652,3408992,526209,494187,0,1912,0,0,8091788,3,1,11636522,134,32005,31975,25,0,0,17,2917200,60225,52099,143554,124259,1279,1358,6824,44275636,15039354,0,42,0,2,-5,38,149076,128274,46,2716,0,3290,523,6824,44275636,15039354,0,4048,4144,2,1,13115125,13270270,-2143222782,2912412,2914008,2,397,274,0,0,-2218,-371,-370,2663,128436,-9052,1717,138724,3786,0,273,546,2,0,-310,-1,0,0,0,-16,4159,0,0,85,19118659,0,0,0,0,2916668,57050802,57270536,57490270,0,46239,0,0,-10964884,9084964,92640,-1642099238,0,-204043029,5,0,0,0,0,128228,7318,9480685,1,0
177,532066,3,,2924116,2912412,2914540,2912412,2914540,2914008,2912412,2924116,0,121793,0,-121685,6539,-19,8250,80232647,1606313,-638353578,15559,3212626,2178652,3408992,526209,494187,0,1912,0,0,8091788,3,1,12124217,134,32005,31975,25,0,0,17,2917200,60225,52099,143554,124259,1279,1358,6824,44275636,15039354,0,42,0,2,-5,38,154095,124700,92,2433,0,3333,535,6824,44275636,15039354,0,4000,4193,4,1,5365977,5494211,-2143222782,2912412,2914540,13,885,625,0,0,-2452,-348,-348,2709,124780,-11191,3010,136380,3742,0,273,819,2,0,-2118,-1,0,0,0,-16,4159,0,0,85,19118659,0,0,0,0,2916668,57050802,57270536,57490270,0,46239,0,0,-11300208,8713503,84700,-1579972350,0,-204043029,5,0,0,0,0,124608,6558,1606313,1,0
178,532333,3,,2924116,2912412,2914540,2912412,2914540,2914008,2912412,2924116,0,122258,0,-108930,6186,-208,8250,80055179,-464279,-2070009342,15649,-856872,2178652,3408992,526209,494187,0,1912,0,0,8091788,3,1,12368513,134,32005,31975,25,0,0,17,2917200,60225,52099,143554,124259,1279,1358,6824,44275636,15039354,0,42,0,2,-5,38,160294,124899,107,2266,0,3289,539,6824,44275636,15039354,0,4014,4179,4,1,5365977,5474907,-2143222782,2912412,2914540,10,2375,1669,0,0,-2474,-344,-343,2661,125052,-11191,3398,134553,3802,0,273,1638,2,0,-2118,-1,0,0,0,-16,4159,0,0,85,19118659,0,0,0,0,2916668,57050802,57270536,57490270,0,46239,0,0,-11454725,8517163,80802,-1548851770,83446,-204043029,5,0,0,0,0,124899,6186,-464279,1,0
179,532333,3,,2924116,2912412,2914540,2912412,2914540,2914008,2912412,2924116,0,122740,0,-96964,5790,-188,8250,79096603,-494297,793302190,15681,-988594,2178652,3408992,526209,494187,0,1912,0,0,8091788,3,1,12613765,134,32005,31975,25,0,0,17,2917200,60225,52099,143554,124259,1279,1358,6824,44275636,15039354,0,42,0,2,-5,38,162198,125114,108,2294,0,3285,538,6824,44275636,15039354,0,4018,4174,4,1,5365977,5468825,-2143222782,2912412,2914540,9,2937,2061,0,0,-2482,-341,-340,2656,125148,-11191,3490,133912,3823,0,273,1911,2,0,-2118,-1,0,0,0,-16,4159,0,0,85,19118659,0,0,0,0,2916668,57050802,57270536,57490270,0,46239,0,0,-11601004,8314155,77155,-1517609408,83446,-204043029,5,0,0,0,0,125006,5978,-494297,1,0
180,532600,3,,2924116,2912412,2914540,2912412,2914540,2914008,2912412,2924116,0,123679,0,-75574,5043,-47,8250,76418239,188246,-2070009338,15801,376492,2178652,3408992,526209,494187,0,1912,0,0,8091788,3,1,13107125,134,32005,31975,25,0,0,17,2917200,60225,52099,143554,124259,1279,1358,6824,44275636,15039354,0,42,0,2,-5,38,168968,125555,105,2466,0,3270,534,6824,44275636,15039354,0,4035,4157,3,1,5365977,5446618,-2143222782,2913476,2914540,5,4561,3186,0,0,-2513,-333,-332,2641,125553,-11191,3710,131747,3900,0,273,3003,2,0,-2118,-1,0,0,0,-16,4159,0,0,85,19118659,0,0,0,0,2916668,57050802,57270536,57490270,0,46239,0,0,-11867754,7889400,70666,-1454760862,83446,-204043029,5,0,0,0,0,125450,5090,188246,1,0
181,532600,3,,2924116,2912412,2914540,2912412,2914540,2914008,2912412,2924116,0,123679,0,-75574,5043,-47,8250,76418239,188246,-2070009338,15801,376492,2178652,3408992,526209,494187,0,1912,0,0,8091788,3,1,13107125,134,32005,31975,25,0,0,17,2917200,60225,52099,143554,124259,1279,1358,6824,44275636,15039354,0,42,0,2,-5,38,168968,125555,105,2466,0,3270,534,6824,44275636,15039354,0,4035,4157,3,1,5365977,5446618,-2143222782,2913476,2914540,5,4561,3186,0,0,-2513,-333,-332,2641,125553,-11191,3710,131747,3900,0,273,3003,2,0,-2118,-1,0,0,0,-16,4159,0,0,85,19118659,0,0,0,0,2916668,57050802,57270536,57490270,0,46239,0,0,-11867754,7889400,70666,-1454760862,83446,-204043029,5,0,0,0,0,125450,5090,188246,1,0
182,532866,3,,2924116,2912412,2914540,2912412,2914540,2914008,2912412,2924116,0,124553,0,-55593,4896,-77,8250,76613914,-292743,-638353570,15914,-585486,2178652,3408992,526209,494187,0,1912,0,0,8091788,3,1,13604008,134,32005,31975,25,0,0,17,2917200,60225,52099,143554,124259,1279,1358,6824,44275636,15039354,0,42,0,2,-5,38,174311,125974,105,2464,0,3270,531,6824,44275636,15039354,0,4050,4142,3,1,5365977,5426505,-2143222782,2917732,2917200,1,5420,3770,0,0,-2541,-330,-329,2640,125967,-11191,3850,130950,3937,0,273,4095,2,0,-2118,-1,0,0,0,-16,4159,0,0,85,19118659,0,0,0,0,2916668,57050802,57270536,57490270,0,46239,0,0,-12096266,7441110,64639,-1391463524,166892,-204043029,5,0,0,0,0,125869,4973,-292743,1,0
183,533066,3,,2924116,2912412,2914540,2912412,2914540,2914008,2912412,2924116,0,124553,0,-55593,4896,-77,8250,76613914,-292743,-638353570,15914,-585486,2178652,3408992,526209,494187,0,1912,0,0,8091788,3,1,13604008,134,32005,31975,25,0,0,17,2917200,60225,52099,143554,124259,1279,1358,6824,44275636,15039354,0,42,0,2,-5,38,174311,125974,105,2464,0,3270,531,6824,44275636,15039354,0,4050,4142,3,1,5365977,5426505,-2143222782,2917732,2917200,1,5420,3770,0,0,-2541,-330,-329,2640,125967,-11191,3850,130950,3937,0,273,4095,2,0,-2118,-1,0,0,0,-16,4159,0,0,85,19118659,0,0,0,0,2916668,57050802,57270536,57490270,0,46239,0,0,-12096266,7441110,64639,-1391463524,166892,-204043029,5,0,0,0,0,125869,4973,-292743,1,0
184,533133,3,,2924116,2912412,2914540,2912412,2914540,2914008,2912412,2924116,0,125408,0,-37452,4101,-240,8250,72346503,-1302551,793302198,16027,-2605102,2178652,3408992,526209,494187,0,1912,0,0,8091788,3,1,14104354,134,32005,31975,25,0,0,17,2917200,60225,52099,143554,124259,1279,1358,6824,44275636,15039354,0,42,0,2,-5,38,178201,126402,106,2330,0,3278,526,6824,44275636,15039354,0,4064,4127,3,1,5365977,5407650,-2143288318,2913476,2915072,12,5749,3981,0,0,-2570,-329,-328,2649,126370,0,3781,131153,3944,0,0,0,2,0,-2118,-1,0,0,0,-16,4159,0,0,85,19118659,0,0,0,0,2916668,57050802,57270536,57490270,0,46239,0,0,-12284576,6972722,59204,-1327725038,166892,-204043029,5,0,0,0,0,126296,4341,-1302551,1,0
185,533400,3,,2924116,2912412,2914540,2912412,2914540,2914008,2912412,2924116,0,126146,0,-23493,3053,-183,8250,66896733,-840742,-2070009330,16126,-1681484,2178652,3408992,526209,494187,0,1912,0,0,8091788,3,1,14607885,134,32005,31975,25,0,0,17,2917200,60225,52099,143554,124259,1279,1358,6824,44275636,15039354,0,42,0,2,-5,38,181086,126815,98,2414,0,3289,523,6824,44275636,15039354,0,4075,4116,2,1,5365977,5392615,-2143288318,2913476,2914540,8,5829,4019,0,0,-2597,-331,-330,2661,126758,0,3748,131582,3944,0,0,0,2,0,-2118,-1,0,0,0,-16,4159,0,0,85,19118659,0,0,0,0,2916668,57050802,57270536,57490270,0,46239,0,0,-12432827,6488515,55073,-1263580820,166892,-204043029,5,0,0,0,0,126717,3236,-840742,1,0
186,533600,3,,2924116,2912412,2914540,2912412,2914540,2914008,2912412,2924116,0,126146,0,-23493,3053,-183,8250,66896733,-840742,-2070009330,16126,-1681484,2178652,3408992,526209,494187,0,1912,0,0,8091788,3,1,14607885,134,32005,31975,25,0,0,17,2917200,60225,52099,143554,124259,1279,1358,6824,44275636,15039354,0,42,0,2,-5,38,181676,126815,98,2414,0,3292,522,6824,44275636,15039354,0,4078,4113,2,1,5365977,5389470,-2143288318,2913476,2914540,7,5837,4021,0,0,-2603,-331,-330,2664,126851,0,3748,131694,3944,0,0,0,2,0,-2118,-1,0,0,0,-16,4159,0,0,85,19118659,0,0,0,0,2916668,57050802,57270536,57490270,0,46239,0,0,-12432827,6488515,55073,-1263580820,166892,-204043029,5,0,0,0,0,126717,3236,-840742,1,0
187,533666,3,,2924116,2912412,2914540,2912412,2914540,2914008,2912412,2924116,0,126786,0,-12637,2373,-172,8250,63643176,-841680,-638353562,16211,-1683360,2178652,3408992,526209,494187,0,1912,0,0,8091788,3,1,15114145,134,32005,31975,25,0,0,17,2917200,60225,52099,143554,124259,1279,1358,6824,44275636,15039354,0,42,0,2,-5,38,183345,127189,91,2448,0,3300,519,6824,44275636,15039354,0,4084,4107,1,1,5365977,5381073,-2143288318,2915072,2917200,4,5872,4033,0,0,-2620,-333,-332,2673,127123,0,3715,131735,3951,0,0,0,2,0,-2118,-1,0,0,0,-16,4159,0,0,85,19118659,0,0,0,0,2916668,57050802,57270536,57490270,0,46239,0,0,-12538310,5991699,51914,-1199088958,250339,-204043029,5,0,0,0,0,127098,2545,-841680,1,0
188,533933,3,,2924116,2912412,2914540,2912412,2914540,2914008,2912412,2924116,0,126786,0,-12637,2373,-172,8250,63643176,-841680,-638353562,16211,-1683360,2178652,3408992,526209,494187,0,1912,0,0,8091788,3,1,15114145,134,32005,31975,25,0,0,17,2917200,60225,52099,143554,124259,1279,1358,6824,44275636,15039354,0,42,0,2,-5,38,183345,127189,91,2448,0,3300,519,6824,44275636,15039354,0,4084,4107,1,1,5365977,5381073,-2143288318,2915072,2917200,4,5872,4033,0,0,-2620,-333,-332,2673,127123,0,3715,131735,3951,0,0,0,2,0,-2118,-1,0,0,0,-16,4159,0,0,85,19118659,0,0,0,0,2916668,57050802,57270536,57490270,0,46239,0,0,-12538310,5991699,51914,-1199088958,250339,-204043029,5,0,0,0,0,127098,2545,-841680,1,0
189,533933,3,,2924116,2912412,2914540,2912412,2914540,2914008,2912412,2924116,0,127355,0,-4463,1709,-164,8250,60351618,-811674,793302206,16282,-1623348,2178652,3408992,526209,494187,0,1912,0,0,8091788,3,1,15622733,134,32005,31975,25,0,0,17,2917200,60225,52099,143554,124259,1279,1358,6824,44275636,15039354,0,42,0,2,-5,38,185097,127539,86,2477,0,3311,516,6824,44275636,15039354,0,4091,4100,1,1,5365977,5372231,-2143288318,2915072,2917200,15,5912,4047,0,0,-2641,-334,-333,2685,127466,0,3649,131618,3966,0,0,0,2,0,-2118,-1,0,0,0,-16,4159,0,0,85,19118659,0,0,0,0,2916668,57050802,57270536,57490270,0,46239,0,0,-12599236,5486084,49591,-1134300532,250339,-204043029,5,0,0,0,0,127453,1873,-811674,1,0
190,534200,3,,2924116,2912412,2914540,2912412,2914540,2914008,2912412,2924116,0,127797,0,1033,1028,-175,8250,56903838,-890105,-2070009322,16346,-1780210,2178652,3408992,526209,494187,0,1912,0,0,8091788,3,1,16133290,134,32005,31975,25,0,0,17,2917200,60225,52099,143554,124259,1279,1358,6824,44275636,15039354,0,42,0,2,-5,38,186342,127869,79,2484,0,3320,512,6824,44275636,15039354,0,4095,4096,0,1,5365977,5366060,-2143288318,2914008,2924116,11,5943,4057,0,0,-2659,-336,-335,2695,127795,0,3550,131588,3977,0,0,0,2,0,-2118,-1,0,0,0,-16,4159,0,0,85,19118659,0,0,0,0,2916668,57050802,57270536,57490270,0,46239,0,0,-12614705,4975763,48098,-1069261280,250339,-204043029,5,0,0,0,0,127790,1203,-890105,1,0
191,534200,3,,2924116,2912412,2914540,2912412,2914540,2914008,2912412,2924116,0,127797,0,1033,1028,-175,8250,56903838,-890105,-2070009322,16346,-1780210,2178652,3408992,526209,494187,0,1912,0,0,8091788,3,1,16133290,134,32005,31975,25,0,0,17,2917200,60225,52099,143554,124259,1279,1358,6824,44275636,15039354,0,42,0,2,-5,38,186342,127869,79,2484,0,3320,512,6824,44275636,15039354,0,4095,4096,0,1,5365977,5366060,-2143288318,2914008,2924116,11,5943,4057,0,0,-2659,-336,-335,2695,127795,0,3550,131588,3977,0,0,0,2,0,-2118,-1,0,0,0,-16,4159,0,0,85,19118659,0,0,0,0,2916668,57050802,57270536,57490270,0,46239,0,0,-12614705,4975763,48098,-1069261280,250339,-204043029,5,0,0,0,0,127790,1203,-890105,1,0
192,534466,3,,2924116,2926244,2914540,2912412,2914540,2914008,2926244,2924116,0,128198,0,3854,430,-118,8250,53981267,-536424,-638353554,16400,-1072848,2178652,3408992,526209,494187,0,1912,0,0,8091788,3,1,16645537,134,32005,31975,25,0,0,17,2917200,60225,52099,143554,124259,1279,1358,6824,44275636,15039354,0,42,0,2,-5,38,185277,128173,73,2557,0,3329,510,6824,44275636,15039354,0,4098,4093,0,1,5365977,5362612,-2143288318,2920392,2914540,7,5922,4062,0,0,-2675,-338,-337,2705,128101,0,1725,130682,4015,0,0,0,2,0,-2118,-1,0,0,0,-16,4159,0,0,85,19118659,0,0,0,0,2916668,57050802,57270536,57490270,0,46239,0,0,-12584103,4464853,47431,-1004006742,250339,-204043029,5,0,0,0,0,128100,548,-536424,1,0
193,534733,3,,2924116,2926244,2914540,2912412,2914540,2914008,2926244,2924116,0,128198,0,3854,430,-118,8250,53981267,-536424,-638353554,16400,-1072848,2178652,3408992,526209,494187,0,1912,0,0,8091788,3,1,16645537,134,32005,31975,25,0,0,17,2917200,60225,52099,143554,124259,1279,1358,6824,44275636,15039354,0,42,0,2,-5,38,185277,128173,73,2557,0,3329,510,6824,44275636,15039354,0,4098,4093,0,1,5365977,5362612,-2143288318,2914008,2914540,7,5922,4062,0,0,-2675,-338,-337,2705,128101,0,1725,130682,4015,0,0,0,2,0,-2118,-1,0,0,0,-16,4159,0,0,85,19118659,0,0,0,0,2916668,57050802,57270536,57490270,0,46239,0,0,-12584103,4464853,47431,-1004006742,250339,-204043029,5,0,0,0,0,128100,548,-536424,1,0
194,534733,3,,2924116,2926244,2914540,2912412,2914540,2914008,2926244,2924116,0,127784,0,4898,126,-55,8250,52623954,-305140,793302214,16400,-610280,2178652,3408992,526209,494187,0,1912,0,0,8091788,3,1,17158088,134,32005,31975,25,0,0,17,2917200,60225,52099,143554,124259,1279,1358,6824,44275636,15039354,0,42,0,2,-5,38,153295,127631,-119,2605,0,3321,512,6824,44275636,15039354,0,4099,4092,0,1,5365977,5361233,-2143288318,2913476,2914540,3,5884,4068,0,0,-2660,-336,-335,2696,127750,0,217,129744,4033,0,0,0,2,0,-2118,-1,0,0,0,-16,4159,0,0,85,19118659,0,0,0,0,2916668,57050802,57270536,57490270,0,46239,0,0,-12506690,3958802,47307,-938713476,250339,-204043029,5,0,0,0,0,127750,181,-305140,1,0
195,535000,3,,2924116,2926244,2914540,2912412,2914540,2914008,2926244,2924116,0,127084,0,4868,-168,-90,8250,50755826,-588365,-2070009314,16284,-1176730,2178652,3408992,526209,494187,0,1912,0,0,8091788,3,1,17667365,134,32005,31975,25,0,0,17,2917200,60225,52099,143554,124259,1279,1358,6824,44275636,15039354,0,42,0,2,-5,38,119735,126936,-109,2537,0,3302,519,6824,44275636,15039354,0,4099,4092,0,1,5365977,5360986,-2143288318,2913476,2914540,14,5865,4071,0,0,-2627,-332,-331,2675,127045,0,223,129230,4026,0,0,0,2,0,-2118,-1,0,0,0,-16,4159,0,0,85,19118659,0,0,0,0,2916668,57050802,57270536,57490270,0,46239,0,0,-12383349,3465363,47502,-873837282,166892,-204043029,5,0,0,0,0,127045,-78,-588365,1,0
196,535000,3,,2924116,2926244,2914540,2912412,2914540,2914008,2926244,2924116,0,127084,0,4868,-168,-90,8250,50755826,-588365,-2070009314,16284,-1176730,2178652,3408992,526209,494187,0,1912,0,0,8091788,3,1,17667365,134,32005,31975,25,0,0,17,2917200,60225,52099,143554,124259,1279,1358,6824,44275636,15039354,0,42,0,2,-5,38,119735,126936,-109,2537,0,3302,519,6824,44275636,15039354,0,4099,4092,0,1,5365977,5360986,-2143288318,2913476,2914540,14,5865,4071,0,0,-2627,-332,-331,2675,127045,0,223,129230,4026,0,0,0,2,0,-2118,-1,0,0,0,-16,4159,0,0,85,19118659,0,0,0,0,2916668,57050802,57270536,57490270,0,46239,0,0,-12383349,3465363,47502,-873837282,166892,-204043029,5,0,0,0,0,127045,-78,-588365,1,0
197,535266,3,,2924116,2926244,2914540,2912412,2914540,2914008,2926244,2924116,0,126564,0,3374,-585,-103,8250,48165942,-635074,-638353546,16220,-1270148,2178652,3408992,526209,494187,0,1912,0,0,8091788,3,1,18174454,134,32005,31975,25,0,0,17,2917200,60225,52099,143554,124259,1279,1358,6824,44275636,15039354,0,42,0,2,-5,38,85304,126447,-111,2501,0,3288,524,6824,44275636,15039354,0,4098,4093,0,1,5365977,5362070,-2143288318,2918264,2914008,10,5854,4073,0,0,-2604,-330,-329,2660,126558,0,219,128962,4019,0,0,0,2,0,-2118,-1,0,0,0,-16,4159,0,0,85,19118659,0,0,0,0,2916668,57050802,57270536,57490270,0,46239,0,0,-12216003,2987294,48136,-809239814,166892,-204043029,5,0,0,0,0,126558,-482,-635074,1,0
198,535466,3,,2924116,2926244,2914540,2912412,2914540,2914008,2926244,2924116,0,126564,0,3374,-585,-103,8250,48165942,-635074,-638353546,16220,-1270148,2178652,3408992,526209,494187,0,1912,0,0,8091788,3,1,18174454,134,32005,31975,25,0,0,17,2917200,60225,52099,143554,124259,1279,1358,6824,44275636,15039354,0,42,0,2,-5,38,85304,126447,-111,2501,0,3288,524,6824,44275636,15039354,0,4098,4093,0,1,5365977,5362070,-2143288318,2918264,2914008,10,5854,4073,0,0,-2604,-330,-329,2660,126558,0,219,128962,4019,0,0,0,2,0,-2118,-1,0,0,0,-16,4159,0,0,85,19118659,0,0,0,0,2916668,57050802,57270536,57490270,0,46239,0,0,-12216003,2987294,48136,-809239814,166892,-204043029,5,0,0,0,0,126558,-482,-635074,1,0
199,535533,3,,2924116,2926244,2914540,2912412,2914540,2914008,2926244,2924116,0,126026,0,434,-832,-42,8250,46728387,-257299,793302222,16158,-514598,2178652,3408992,526209,494187,0,1912,0,0,8091788,3,1,18679598,134,32005,31975,25,0,0,17,2917200,60225,52099,143554,124259,1279,1358,6824,44275636,15039354,0,42,0,2,-5,38,50759,125914,-223,2542,0,3276,528,6824,44275636,15039354,0,4096,4095,0,1,5365977,5364732,-2143288318,2925712,2918264,6,5840,4074,0,0,-2584,-327,-326,2647,126139,0,104,128648,4016,0,0,0,2,0,-2118,-1,0,0,0,-16,4159,0,0,85,19118659,0,0,0,0,2916668,57050802,57270536,57490270,0,46239,0,0,-12006384,2528090,49195,-744890116,166892,-204043029,5,0,0,0,0,126137,-790,-257299,1,0
200,535800,3,,2924116,2926244,2914540,2912412,2914540,2914008,2926244,2924116,0,125014,0,-3364,-1073,-62,8250,44978207,-457076,-2070009306,16024,-914152,2178652,3408992,526209,494187,0,1912,0,0,8091788,3,1,19180828,134,32005,31975,25,0,0,17,2917200,60225,52099,143554,124259,1279,1358,6824,44275636,15039354,0,42,0,2,-5,38,19210,125043,-65,2475,0,3248,538,6824,44275636,15039354,0,4094,4097,0,1,5365977,5368299,-2143288318,2925712,2923584,2,5797,4072,0,0,-2537,-322,-321,2617,125112,0,257,127901,4006,0,0,0,2,0,-2118,-1,0,0,0,-16,4159,0,0,85,19118659,0,0,0,0,2916668,57050802,57270536,57490270,0,46239,0,0,-11757255,2093196,50496,-681039020,83446,-204043029,5,0,0,0,0,125108,-1011,-457076,1,0
201,535800,3,,2924116,2926244,2914540,2912412,2914540,2914008,2926244,2924116,0,125014,0,-3364,-1073,-62,8250,44978207,-457076,-2070009306,16024,-914152,2178652,3408992,526209,494187,0,1912,0,0,8091788,3,1,19180828,134,32005,31975,25,0,0,17,2917200,60225,52099,143554,124259,1279,1358,6824,44275636,15039354,0,42,0,2,-5,38,19210,125043,-65,2475,0,3248,538,6824,44275636,15039354,0,4094,4097,0,1,5365977,5368299,-2143288318,2925712,2923584,2,5797,4072,0,0,-2537,-322,-321,2617,125112,0,257,127901,4006,0,0,0,2,0,-2118,-1,0,0,0,-16,4159,0,0,85,19118659,0,0,0,0,2916668,57050802,57270536,57490270,0,46239,0,0,-11757255,2093196,50496,-681039020,83446,-204043029,5,0,0,0,0,125108,-1011,-457076,1,0
202,536066,3,,2926244,2912412,2914540,2912412,2914540,2914008,2912412,2926244,0,124364,0,-8052,-1270,-45,8250,43553493,-329645,-638353538,15934,-659290,2178652,3408992,526209,494187,0,1912,0,0,8091788,3,1,19679183,134,32005,31975,25,0,0,17,2917200,60225,52099,143554,124259,1279,1358,6824,44275636,15039354,0,42,0,2,-5,38,159251,124534,-25,2465,0,3233,543,6824,44275636,15039354,0,4090,4101,0,1,5365977,5372782,-2143288318,2917732,2925712,13,5773,4072,0,0,-2510,-319,-318,2601,124565,0,294,127442,4003,0,0,0,2,0,-2118,-1,0,0,0,-16,4159,0,0,85,19118659,0,0,0,0,2916668,57050802,57270536,57490270,0,46239,0,0,-11470927,1684853,52043,-617554166,83446,-204043029,5,0,0,0,0,124559,-1225,-329645,1,0
203,536066,3,,2926244,2912412,2914540,2912412,2914540,2914008,2912412,2926244,0,124364,0,-8052,-1270,-45,8250,43553493,-329645,-638353538,15934,-659290,2178652,3408992,526209,494187,0,1912,0,0,8091788,3,1,19679183,134,32005,31975,25,0,0,17,2917200,60225,52099,143554,124259,1279,1358,6824,44275636,15039354,0,42,0,2,-5,38,159251,124534,-25,2465,0,3233,543,6824,44275636,15039354,0,4090,4101,0,1,5365977,5372782,-2143288318,2917732,2925712,13,5773,4072,0,0,-2510,-319,-318,2601,124565,0,294,127442,4003,0,0,0,2,0,-2118,-1,0,0,0,-16,4159,0,0,85,19118659,0,0,0,0,2916668,57050802,57270536,57490270,0,46239,0,0,-11470927,1684853,52043,-617554166,83446,-204043029,5,0,0,0,0,124559,-1225,-329645,1,0
204,536333,3,,2926244,2912412,2914540,2912412,2914540,2914008,2912412,2926244,0,123699,0,-13192,-1364,-55,8250,42758373,-425798,793302230,15854,-851596,2178652,3408992,526209,494187,0,1912,0,0,8091788,3,1,20174990,134,32005,31975,25,0,0,17,2917200,60225,52099,143554,124259,1279,1358,6824,44275636,15039354,0,42,0,2,-5,38,157129,123958,-87,2429,0,3218,548,6824,44275636,15039354,0,4086,4105,0,1,5365977,5377833,-2143288318,2911880,2925712,9,5745,4071,0,0,-2484,-317,-316,2585,124051,0,230,126959,4001,0,0,0,2,0,-2118,-1,0,0,0,-16,4159,0,0,85,19118659,0,0,0,0,2916668,57050802,57270536,57490270,0,46239,0,0,-11149764,1306036,53700,-554393898,0,-204043029,5,0,0,0,0,124045,-1309,-425798,1,0
205,536600,3,,2926244,2912412,2914540,2912412,2914540,2914008,2912412,2926244,0,123083,0,-18995,-1529,-40,8250,41111790,-354606,-2070009298,15783,-709212,2178652,3408992,526209,494187,0,1912,0,0,8091788,3,1,20668436,134,32005,31975,25,0,0,17,2917200,60225,52099,143554,124259,1279,1358,6824,44275636,15039354,0,42,0,2,-5,38,155417,123424,-194,2423,0,3242,546,6824,44275636,15039354,0,4082,4109,-1,1,5365977,5383463,-2143288318,2916668,2918264,5,5722,4071,0,0,-2463,-313,-313,2611,123626,0,119,126524,4001,0,0,0,2,0,-2118,-1,0,0,0,-16,4159,0,0,85,19118659,0,0,0,0,2916668,57050802,57270536,57490270,0,46239,0,0,-10796892,959203,55527,-491534396,0,-204043029,5,0,0,0,0,123618,-1489,-354606,1,0
206,536600,3,,2926244,2912412,2914540,2912412,2914540,2914008,2912412,2926244,0,123083,0,-18995,-1529,-40,8250,41111790,-354606,-2070009298,15783,-709212,2178652,3408992,526209,494187,0,1912,0,0,8091788,3,1,20668436,134,32005,31975,25,0,0,17,2917200,60225,52099,143554,124259,1279,1358,6824,44275636,15039354,0,42,0,2,-5,38,155417,123424,-194,2423,0,3242,546,6824,44275636,15039354,0,4082,4109,-1,1,5365977,5383463,-2143288318,2916668,2918264,5,5722,4071,0,0,-2463,-313,-313,2611,123626,0,119,126524,4001,0,0,0,2,0,-2118,-1,0,0,0,-16,4159,0,0,85,19118659,0,0,0,0,2916668,57050802,57270536,57490270,0,46239,0,0,-10796892,959203,55527,-491534396,0,-204043029,5,0,0,0,0,123618,-1489,-354606,1,0
207,536866,3,,2926244,2912412,2914540,2912412,2914540,2914008,2912412,2926244,0,122738,0,-25296,-1678,-90,8250,40206977,-467582,-638353530,15704,-935164,2178652,3408992,526209,494187,0,1912,0,0,8091788,3,1,21159456,134,32005,31975,25,0,0,17,2917200,60225,52099,143554,124259,1279,1358,6824,44275636,15039354,0,42,0,2,-5,38,154138,123346,102,2396,0,3243,549,6824,44275636,15039354,0,4077,4114,-1,1,5261740,5285403,-2143288318,2917732,2918264,1,5699,4068,0,0,-2486,-312,-312,2612,123254,0,414,126365,3994,0,0,0,2,0,-2118,-1,0,0,0,-16,4159,0,0,85,19118659,0,0,0,0,2916668,57050802,57270536,57490270,0,46239,0,0,-10415459,646988,57427,-428505970,-584125,-203910150,7,0,0,0,0,123244,-1588,-467582,1,0
208,537000,3,,2926244,2912412,2914540,2912412,2914540,2914008,2912412,2926244,0,122738,0,-25296,-1678,-90,8250,40206977,-467582,-638353530,15704,-935164,2178652,3408992,526209,494187,0,1912,0,0,8091788,3,1,21159456,134,32005,31975,25,0,0,17,2917200,60225,52099,143554,124259,1279,1358,6824,44275636,15039354,0,42,0,2,-5,38,154138,123346,102,2396,0,3243,549,6824,44275636,15039354,0,4077,4114,-1,1,5261740,5285403,-2143288318,2917732,2918264,1,5699,4068,0,0,-2486,-312,-312,2612,123254,0,414,126365,3994,0,0,0,2,0,-2118,-1,0,0,0,-16,4159,0,0,85,19118659,0,0,0,0,2916668,57050802,57270536,57490270,0,46239,0,0,-10415459,646988,57427,-428505970,-584125,-203910150,7,0,0,0,0,123244,-1588,-467582,1,0
209,537133,3,,2926244,2912412,2914540,2912412,2914540,2914008,2912412,2926244,0,122913,0,-33134,-2250,-138,8250,37575881,-629625,793302238,15725,-1259250,2178652,3408992,526209,494187,0,1912,0,0,8091788,3,1,21650810,134,32005,31975,25,0,0,17,2917200,60225,52099,143554,124259,1279,1358,6824,44275636,15039354,0,42,0,2,-5,38,153442,123699,91,2366,0,3208,552,6824,44275636,15039354,0,4072,4120,-1,1,5279362,5310315,-2143288318,2910816,2918264,12,5702,4063,0,0,-2504,-312,-314,2575,123626,0,403,126800,3992,0,0,0,2,0,-2118,-1,0,0,0,-16,4159,0,0,85,19118659,0,0,0,0,2916668,57050802,57270536,57490270,0,46239,0,0,-10006727,369627,58599,-364886246,-2753732,-200441648,7,0,0,0,0,123608,-2112,-629625,1,0
210,537400,3,,2926244,2912412,2914540,2912412,2914540,2914008,2912412,2926244,0,123328,0,-42022,-2197,34,8250,33903276,-999710,-2070009290,15777,-1999420,2178652,3408992,526209,494187,0,1912,0,0,8091788,3,1,22143445,134,32005,31975,25,0,0,17,2917200,60225,52099,143554,124259,1279,1358,6824,44275636,15039354,0,42,0,2,-5,38,152905,124183,103,2074,0,3054,569,6824,44275636,15039354,0,4070,4121,-1,1,6437708,6477516,-2143288318,2921988,2918264,8,5716,4058,0,0,-2040,-311,-316,2416,124100,0,414,127318,3991,0,0,0,2,0,-2118,-1,0,0,0,-16,4159,0,0,85,19118659,0,0,0,0,2916668,57050802,57270536,57490270,0,46239,0,0,-9573760,128371,58574,-308355703,-4673000,-192781215,8,0,0,0,0,124080,-2231,-999710,1,0
211,537400,3,,2926244,2912412,2914540,2912412,2914540,2914008,2912412,2926244,0,123328,0,-42022,-2197,34,8250,33903276,-999710,-2070009290,15777,-1999420,2178652,3408992,526209,494187,0,1912,0,0,8091788,3,1,22143445,134,32005,31975,25,0,0,17,2917200,60225,52099,143554,124259,1279,1358,6824,44275636,15039354,0,42,0,2,-5,38,152905,124183,103,2074,0,3054,569,6824,44275636,15039354,0,4070,4121,-1,1,6437708,6477516,-2143288318,2921988,2918264,8,5716,4058,0,0,-2040,-311,-316,2416,124100,0,414,127318,3991,0,0,0,2,0,-2118,-1,0,0,0,-16,4159,0,0,85,19118659,0,0,0,0,2916668,57050802,57270536,57490270,0,46239,0,0,-9573760,128371,58574,-308355703,-4673000,-192781215,8,0,0,0,0,124080,-2231,-999710,1,0
212,537666,3,,2926244,2912412,2914540,2912412,2914540,2914008,2912412,2926244,0,123722,0,-50925,-2132,374,8250,33112938,2870650,-638353522,15818,5741300,2178652,3408992,526209,494187,0,1912,0,0,8091788,3,1,22637630,134,32005,31975,25,0,0,17,2917200,60225,52099,143554,124259,1279,1358,6824,44275636,15039354,0,42,0,2,-5,38,152472,124763,162,2454,0,3036,569,6824,44275636,15039354,0,4065,4126,-1,1,6437708,6486314,-2143222782,2921988,2918264,4,5747,4069,0,0,-2080,-312,-319,2398,124626,0,85300,127841,3992,0,227,454,0,0,-91839,-1,0,0,0,-16,4159,0,0,85,19118659,0,0,0,0,2916668,57050802,57270536,57490270,0,46239,0,0,-9121528,-79391,57079,-255886167,-6341929,-181592011,8,0,0,0,0,124601,-2506,2870650,1,0
