frame,timestamp,car_index,car_number,value_000,value_001,value_002,value_003,value_004,value_005,value_006,value_007,value_008,value_009,value_010,value_011,value_012,value_013,value_014,value_015,value_016,value_017,value_018,value_019,value_020,value_021,value_022,value_023,value_024,value_025,value_026,value_027,value_028,value_029,value_030,value_031,value_032,value_033,value_034,value_035,value_036,value_037,value_038,value_039,value_040,value_041,value_042,value_043,value_044,value_045,value_046,value_047,value_048,value_049,value_050,value_051,value_052,value_053,value_054,value_055,value_056,value_057,value_058,value_059,value_060,value_061,value_062,value_063,value_064,value_065,value_066,value_067,value_068,value_069,value_070,value_071,value_072,value_073,value_074,value_075,value_076,value_077,value_078,value_079,value_080,value_081,value_082,value_083,value_084,value_085,value_086,value_087,value_088,value_089,value_090,value_091,value_092,value_093,value_094,value_095,value_096,value_097,value_098,value_099,value_100,value_101,value_102,value_103,value_104,value_105,value_106,value_107,value_108,value_109,value_110,value_111,value_112,value_113,value_114,value_115,value_116,value_117,value_118,value_119,value_120,value_121,value_122,value_123,value_124,value_125,value_126,value_127,value_128,value_129,value_130,value_131,value_132
1,2025-10-29T11:43:11.762,2,,2916668,2915604,2916668,2915604,2919328,2918796,2915604,2916668,0,11767,0,55398,138,-5,8250,-4072754,1103627,1143383884,1445,2207254,2183468,3349052,-16777216,-16777216,0,0,0,0,4424548,2,1,62349973,151,16777216,32510,42,0,0,0,2918264,62819,54969,147269,128269,1279,1346,6824,47818876,15039354,0,42,0,4,0,33,231710,11975,475,-194,0,1218,484,6824,47818876,15039354,0,4107,4084,0,1,20341512,20286255,4195330,2915604,2916668,5,0,0,0,0,189,-2,-2,862,11500,90000,484,112841,417,0,0,0,0,0,0,-1,0,0,0,-27,4097,0,-221,0,19136753,0,0,0,0,2920924,56611321,56831041,57050761,0,35167,0,0,969439,12411433,19963,2113955482,0,-157965158,20,0,0,0,0,11500,143,1103627,1,0
2,2025-10-29T11:43:11.863,2,,2916668,2915604,2916668,2915604,2919328,2918796,2915604,2916668,0,12725,0,55707,220,90,8250,-1746932,1830315,-1482648266,1567,3660630,2183468,3349052,-16777216,-16777216,0,0,0,0,4424548,2,1,62374943,151,16777216,32510,42,0,0,0,2918264,62819,54969,147269,128269,1279,1346,6824,47818876,15039354,0,42,0,4,0,33,230432,12933,482,-98,0,1221,488,6824,47818876,15039354,0,4107,4084,0,1,20341512,20285980,4195330,2915604,2916668,3,0,0,0,0,188,-3,-3,864,12451,90000,488,112841,451,0,0,0,0,0,0,-1,0,0,0,-27,4097,0,-221,0,19136753,0,0,0,0,2920924,56611321,56831041,57050761,0,35167,0,0,944549,12412270,19890,2114794586,0,-157965158,20,0,0,0,0,12451,130,1830315,1,0
3,2025-10-29T11:43:11.963,2,,2916668,2915604,2916668,2915604,2919328,2918796,2915604,2916668,0,13208,0,55936,238,18,8250,-288947,1457985,1421111630,1628,2915970,2183468,3349052,-16777216,-16777216,0,0,0,0,4424548,2,1,62388151,151,16777216,32510,42,0,0,0,2918264,62819,54969,147269,128269,1279,1346,6824,47818876,15039354,0,42,0,4,0,33,229750,13415,482,-169,0,1222,491,6824,47818876,15039354,0,4107,4084,0,1,20341512,20285805,4195330,2915604,2916668,2,0,0,0,0,187,-3,-3,865,12934,90000,491,112841,469,0,0,0,0,0,0,-1,0,0,0,-27,4097,0,-221,0,19136753,0,0,0,0,2920924,56611321,56831041,57050761,0,35167,0,0,931380,12412647,19836,2115238434,0,-157965158,20,0,0,0,0,12933,220,1457985,1,0
4,2025-10-29T11:43:12.062,2,,2916668,2915604,2916668,2915604,2919328,2918796,2915604,2916668,0,14178,0,56377,197,-26,8250,77243,-186432,-1520249470,1752,-372864,2183468,3349052,-16777216,-16777216,0,0,0,0,4424548,2,1,62416022,151,16777216,32510,42,0,0,0,2918264,62819,54969,147269,128269,1279,1346,6824,47818876,15039354,0,42,0,4,0,33,228297,14384,485,-212,0,1225,497,6824,47818876,15039354,0,4107,4084,0,1,20341512,20285345,4195330,2915604,2916668,15,0,0,0,0,186,-4,-4,867,13900,90000,497,112846,504,0,0,0,0,0,0,-1,0,0,0,-27,4097,0,-221,0,19136753,0,0,0,0,2920924,56611321,56831041,57050761,0,35167,0,0,903595,12413485,19732,2116175026,0,-157965158,20,0,0,0,0,13899,223,-186432,1,0
5,2025-10-29T11:43:12.162,2,,2916668,2915604,2916668,2915604,2919328,2918796,2915604,2916668,0,14667,0,56609,267,70,8250,1138890,1061647,1224564126,1814,2123294,2183468,3349052,-16777216,-16777216,0,0,0,0,4424548,2,1,62430689,151,16777216,32510,42,0,0,0,2918264,62819,54969,147269,128269,1279,1346,6824,47818876,15039354,0,42,0,4,0,33,227531,14875,491,-115,0,1227,499,6824,47818876,15039354,0,4107,4084,0,1,20341512,20285135,4195330,2915604,2916668,14,0,0,0,0,185,-4,-4,868,14385,90000,499,112853,522,0,0,0,0,0,0,-1,0,0,0,-27,4097,0,-221,0,19136753,0,0,0,0,2920924,56611321,56831041,57050761,0,35167,0,0,888974,12413926,19678,2116667902,0,-157965158,20,0,0,0,0,14384,197,1061647,1,0
6,2025-10-29T11:43:12.262,2,,2916668,2915604,2916668,2915604,2919328,2918796,2915604,2916668,0,15654,0,57140,252,-20,8250,1543367,-123177,-2037253224,1940,-246354,2183468,3349052,-16777216,-16777216,0,0,0,0,4424548,2,1,62461502,151,16777216,32510,42,0,0,0,2918264,62819,54969,147269,128269,1279,1346,6824,47818876,15039354,0,42,0,4,0,33,225860,15860,494,-204,0,1229,505,6824,47818876,15039354,0,4107,4084,0,1,20341512,20284634,4195330,2915604,2916668,12,0,0,0,0,184,-4,-4,870,15368,90000,505,112868,557,0,0,0,0,0,0,-1,0,0,0,-27,4097,0,-221,0,19136753,0,0,0,0,2920924,56611321,56831041,57050761,0,35167,0,0,858256,12414809,19553,2117703358,0,-157965158,20,0,0,0,0,15366,272,-123177,1,0
7,2025-10-29T11:43:12.362,2,,2916668,2915604,2916668,2915604,2919328,2918796,2915604,2916668,0,16149,0,57378,223,-29,8250,910258,-633109,546050422,2003,-1266218,2183468,3349052,-16777216,-16777216,0,0,0,0,4424548,2,1,62477651,151,16777216,32510,42,0,0,0,2918264,62819,54969,147269,128269,1279,1346,6824,47818876,15039354,0,42,0,4,0,33,225008,16355,495,-212,0,1230,508,6824,47818876,15039354,0,4107,4084,0,1,20341512,20284372,4195330,2915604,2916668,11,0,0,0,0,183,-5,-5,871,15862,90000,508,112906,575,0,0,0,0,0,0,-1,0,0,0,-27,4097,0,-221,0,19136753,0,0,0,0,2920924,56611321,56831041,57050761,0,35167,0,0,842158,12415290,19497,2118246038,0,-157965158,20,0,0,0,0,15860,252,-633109,1,0
8,2025-10-29T11:43:12.462,2,,2916668,2915604,2916668,2915604,2919328,2918796,2915604,2916668,0,17153,0,57939,301,2,8250,2128536,281440,1253616818,2131,562880,2183468,3349052,-16777216,-16777216,0,0,0,0,4424548,2,1,62511453,151,16777216,32510,42,0,0,0,2918264,62819,54969,147269,128269,1279,1346,6824,47818876,15039354,0,42,0,4,0,33,223221,17359,502,-179,0,1235,513,6824,47818876,15039354,0,4107,4084,0,1,20341512,20283873,4195330,2915604,2916668,9,0,0,0,0,181,-5,-5,874,16859,90000,513,112906,611,0,0,0,0,0,0,-1,0,0,0,-27,4097,0,-221,0,19136753,0,0,0,0,2920924,56611321,56831041,57050761,0,35167,0,0,808455,12416073,19365,2119381936,0,-157965158,20,0,0,0,0,16857,299,281440,1,0
9,2025-10-29T11:43:12.562,2,,2916668,2915604,2916668,2915604,2919328,2918796,2915604,2916668,0,17656,0,58226,273,-28,8250,1704577,-423959,-622120432,2195,-847918,2183468,3349052,-16777216,-16777216,0,0,0,0,4424548,2,1,62529109,151,16777216,32510,42,0,0,0,2918264,62819,54969,147269,128269,1279,1346,6824,47818876,15039354,0,42,0,4,0,33,222281,17861,502,-209,0,1237,516,6824,47818876,15039354,0,4107,4084,0,1,20341512,20283573,4195330,2915604,2916668,8,0,0,0,0,181,-6,-6,876,17361,90000,516,112906,629,0,0,0,0,0,0,-1,0,0,0,-27,4097,0,-221,0,19136753,0,0,0,0,2920924,56611321,56831041,57050761,0,35167,0,0,790852,12416489,19297,2119975258,0,-157965158,20,0,0,0,0,17359,301,-423959,1,0
10,2025-10-29T11:43:12.661,2,,2916668,2915604,2916668,2915604,2919328,2918796,2915604,2916668,0,18670,0,58746,294,57,8250,1362036,527898,-244410336,2324,1055796,2183468,3349052,-16777216,-16777216,0,0,0,0,4424548,2,1,62565939,151,16777216,32510,42,0,0,0,2918264,62819,54969,147269,128269,1279,1346,6824,47818876,15039354,0,42,0,4,0,33,220315,18876,510,-122,0,1240,521,6824,47818876,15039354,0,4107,4084,0,1,20341512,20283031,4195330,2915604,2916668,6,0,0,0,0,179,-7,-7,878,18367,90000,521,112906,666,0,0,0,0,0,0,-1,0,0,0,-27,4097,0,-221,0,19136753,0,0,0,0,2920924,56611321,56831041,57050761,0,35167,0,0,754137,12417433,19175,2121212912,0,-157965158,20,0,0,0,0,18366,237,527898,1,0
11,2025-10-29T11:43:12.762,2,,2916668,2915604,2916668,2915604,2919328,2918796,2915604,2916668,0,19181,0,59039,291,-3,8250,1292911,-69125,2009037010,2389,-138250,2183468,3349052,-16777216,-16777216,0,0,0,0,4424548,2,1,62585120,151,16777216,32510,42,0,0,0,2918264,62819,54969,147269,128269,1279,1346,6824,47818876,15039354,0,42,0,4,0,33,219289,19386,510,-181,0,1241,524,6824,47818876,15039354,0,4107,4084,0,1,20341512,20282766,4195330,2915604,2916668,5,0,0,0,0,178,-7,-7,879,18878,90000,524,112906,684,0,0,0,0,0,0,-1,0,0,0,-27,4097,0,-221,0,19136753,0,0,0,0,2920924,56611321,56831041,57050761,0,35167,0,0,735015,12417903,19106,2121857478,0,-157965158,20,0,0,0,0,18876,294,-69125,1,0
12,2025-10-29T11:43:12.862,2,,2916668,2915604,2916668,2915604,2919328,2918796,2915604,2916668,0,20210,0,59606,318,55,8250,1374625,670134,1342772526,2520,1340268,2183468,3349052,-16777216,-16777216,0,0,0,0,4424548,2,1,62625024,151,16777216,32510,42,0,0,0,2918264,62819,54969,147269,128269,1279,1346,6824,47818876,15039354,0,42,0,4,0,33,217149,20417,519,-121,0,1246,531,6824,47818876,15039354,0,4107,4084,0,1,20341512,20282196,4195330,2915604,2916668,3,0,0,0,0,176,-8,-8,883,19899,90000,531,112897,721,0,0,0,0,0,0,-1,0,0,0,-27,4097,0,-221,0,19136753,0,0,0,0,2920924,56611321,56831041,57050761,0,35167,0,0,695233,12418763,18972,2123198432,0,-157965158,20,0,0,0,0,19898,263,670134,1,0
13,2025-10-29T11:43:12.964,2,,2916668,2915604,2916668,2915604,2919328,2918796,2915604,2916668,0,20736,0,59922,314,-4,8250,1353793,-20832,-1520539004,2586,-41664,2183468,3349052,-16777216,-16777216,0,0,0,0,4424548,2,1,62645760,151,16777216,32510,42,0,0,0,2918264,62819,54969,147269,128269,1279,1346,6824,47818876,15039354,0,42,0,4,0,33,216035,20937,520,-179,0,1248,534,6824,47818876,15039354,0,4108,4083,0,1,20341512,20281906,4195330,2915604,2916668,2,0,0,0,0,175,-8,-8,884,20419,90000,534,112888,740,0,0,0,0,0,0,-1,0,0,0,-27,4097,0,-221,0,19136753,0,0,0,0,2920924,56611321,56831041,57050761,0,35167,0,0,674558,12419145,18898,2123895256,0,-157965158,20,0,0,0,0,20417,318,-20832,1,0
14,2025-10-29T11:43:13.062,2,,2916668,2915604,2916668,2915604,2919328,2918796,2915604,2916668,0,21782,0,60535,341,56,8250,1533827,734258,1342772528,2721,1468516,2183468,3349052,-16777216,-16777216,0,0,0,0,4424548,2,1,62688800,151,16777216,32510,42,0,0,0,2918264,62819,54969,147269,128269,1279,1346,6824,47818876,15039354,0,42,0,4,0,33,213698,21983,526,-117,0,1253,539,6824,47818876,15039354,0,4108,4083,0,1,20341512,20281290,4195330,2915604,2916668,15,0,0,0,0,173,-9,-9,888,21458,90000,539,112847,778,0,0,0,0,0,0,-1,0,0,0,-27,4097,0,-221,0,19136753,0,0,0,0,2920924,56611321,56831041,57050761,0,35167,0,0,631650,12419980,18754,2125341594,0,-157965158,20,0,0,0,0,21457,285,734258,1,0
15,2025-10-29T11:43:13.162,2,,2916668,2915604,2916668,2915604,2919328,2918796,2915604,2916668,0,22309,0,60871,330,-11,8250,1396249,-137578,-1520539002,2788,-275156,2183468,3349052,-16777216,-16777216,0,0,0,0,4424548,2,1,62711109,151,16777216,32510,42,0,0,0,2918264,62819,54969,147269,128269,1279,1346,6824,47818876,15039354,0,42,0,4,0,33,212483,22508,525,-183,0,1256,542,6824,47818876,15039354,0,4108,4083,0,1,20341512,20280977,4195330,2915604,2916668,14,0,0,0,0,172,-10,-10,890,21985,90000,542,112847,797,0,0,0,0,0,0,-1,0,0,0,-27,4097,0,-221,0,19136753,0,0,0,0,2920924,56611321,56831041,57050761,0,35167,0,0,609409,12420394,18675,2126091276,0,-157965158,20,0,0,0,0,21983,341,-137578,1,0
16,2025-10-29T11:43:13.267,2,,2916668,2915604,2916668,2915604,2919328,2918796,2915604,2916668,0,23368,0,61496,333,40,8250,1131853,449989,1342772530,2923,899978,2183468,3349052,-16777216,-16777216,0,0,0,0,4424548,2,1,62757313,151,16777216,32510,42,0,0,0,2918264,62819,54969,147269,128269,1279,1346,6824,47818876,15039354,0,42,0,4,0,33,209956,23568,533,-129,0,1260,549,6824,47818876,15039354,0,4108,4083,0,1,20341512,20280329,4195330,2915604,2916668,12,0,0,0,0,169,-11,-11,893,23036,90000,549,112832,836,0,0,0,0,0,0,-1,0,0,0,-27,4097,0,-221,0,19136753,0,0,0,0,2920924,56611321,56831041,57050761,0,35167,0,0,563345,12421118,18529,2127643938,0,-157965158,20,0,0,0,0,23035,293,449989,1,0
17,2025-10-29T11:43:13.362,2,,2916668,2915604,2916668,2915604,2919328,2918796,2915604,2916668,0,23904,0,61824,322,-11,8250,897060,-234793,-1520539000,2991,-469586,2183468,3349052,-16777216,-16777216,0,0,0,0,4424548,2,1,62781217,151,16777216,32510,42,0,0,0,2918264,62819,54969,147269,128269,1279,1346,6824,47818876,15039354,0,42,0,4,0,33,208646,24102,534,-179,0,1262,551,6824,47818876,15039354,0,4108,4083,0,1,20341512,20280016,4195330,2915604,2916668,11,0,0,0,0,168,-11,-11,895,23570,90000,551,112811,855,0,0,0,0,0,0,-1,0,0,0,-27,4097,0,-221,0,19136753,0,0,0,0,2920924,56611321,56831041,57050761,0,35167,0,0,539514,12421448,18451,2128447220,0,-157965158,20,0,0,0,0,23568,333,-234793,1,0
18,2025-10-29T11:43:13.461,2,,2916668,2915604,2916668,2915604,2919328,2918796,2915604,2916668,0,24981,0,62540,358,-18,8250,1465225,-239058,1342772532,3128,-478116,2183468,3349052,-16777216,-16777216,0,0,0,0,4424548,2,1,62830639,151,16777216,32510,42,0,0,0,2918264,62819,54969,147269,128269,1279,1346,6824,47818876,15039354,0,42,0,4,0,33,205918,25178,538,-184,0,1268,557,6824,47818876,15039354,0,4108,4083,0,1,20341512,20279339,4195330,2915604,2916668,9,0,0,0,0,166,-12,-12,899,24642,90000,557,112729,895,0,0,0,0,0,0,-1,0,0,0,-27,4097,0,-221,0,19136753,0,0,0,0,2920924,56611321,56831041,57050761,0,35167,0,0,490242,12422093,18282,2130108022,0,-157965158,20,0,0,0,0,24640,376,-239058,1,0
19,2025-10-29T11:43:13.562,2,,2916668,2915604,2916668,2915604,2919328,2918796,2915604,2916668,0,25520,0,62876,314,-44,8250,669326,-795899,-1520538998,3197,-1591798,2183468,3349052,-16777216,-16777216,0,0,0,0,4424548,2,1,62856159,151,16777216,32510,42,0,0,0,2918264,62819,54969,147269,128269,1279,1346,6824,47818876,15039354,0,42,0,4,0,33,204504,25716,538,-208,0,1272,559,6824,47818876,15039354,0,4108,4083,0,1,20341512,20278972,4195330,2915604,2916668,8,0,0,0,0,164,-13,-13,902,25180,90000,559,112729,914,0,0,0,0,0,0,-1,0,0,0,-27,4097,0,-221,0,19136753,0,0,0,0,2920924,56611321,56831041,57050761,0,35167,0,0,464801,12422412,18203,2130965608,0,-157965158,20,0,0,0,0,25178,358,-795899,1,0
20,2025-10-29T11:43:13.662,2,,2916668,2915604,2916668,2915604,2919328,2918796,2915604,2916668,0,26608,0,63514,300,-31,8250,101548,-638883,1342772534,3336,-1277766,2183468,3349052,-16777216,-16777216,0,0,0,0,4424548,2,1,62908830,151,16777216,32510,42,0,0,0,2918264,62819,54969,147269,128269,1279,1346,6824,47818876,15039354,0,42,0,4,0,33,201530,26805,545,-192,0,1276,566,6824,47818876,15039354,0,4108,4083,0,1,20341512,20278314,4195330,2915604,2916668,6,0,0,0,0,161,-14,-14,905,26262,90000,566,112684,954,0,0,0,0,0,0,-1,0,0,0,-27,4097,0,-221,0,19136753,0,0,0,0,2920924,56611321,56831041,57050761,0,35167,0,0,412291,12422902,18052,2132735592,0,-157965158,20,0,0,0,0,26260,331,-638883,1,0
21,2025-10-29T11:43:13.763,2,,2916668,2915604,2916668,2915604,2919328,2918796,2915604,2916668,0,27158,0,63817,307,7,8250,24887,-76661,-1520538996,3405,-153322,2183468,3349052,-16777216,-16777216,0,0,0,0,4424548,2,1,62935988,151,16777216,32510,42,0,0,0,2918264,62819,54969,147269,128269,1279,1346,6824,47818876,15039354,0,42,0,4,0,33,200026,27355,550,-153,0,1280,570,6824,47818876,15039354,0,4108,4083,0,1,20341512,20277998,4195330,2915604,2916668,5,0,0,0,0,160,-15,-15,908,26806,90000,570,112648,974,0,0,0,0,0,0,-1,0,0,0,-27,4097,0,-221,0,19136753,0,0,0,0,2920924,56611321,56831041,57050761,0,35167,0,0,385218,12423180,17981,2133648222,0,-157965158,20,0,0,0,0,26805,300,-76661,1,0
22,2025-10-29T11:43:13.861,2,,2916668,2915604,2916668,2915604,2919328,2918796,2915604,2916668,0,28263,0,64402,302,22,8250,-390263,180794,1342772536,3546,361588,2183468,3349052,-16777216,-16777216,0,0,0,0,4424548,2,1,62991961,151,16777216,32510,42,0,0,0,2918264,62819,54969,147269,128269,1279,1346,6824,47818876,15039354,0,42,0,4,0,33,196914,28459,554,-136,0,1285,575,6824,47818876,15039354,0,4108,4083,0,1,20341512,20277401,4195330,2915604,2916668,3,0,0,0,0,158,-16,-16,912,27906,90000,575,112462,1016,0,0,0,0,0,0,-1,0,0,0,-27,4097,0,-221,0,19136753,0,0,0,0,2920924,56611321,56831041,57050761,0,35167,0,0,329421,12423679,17843,2135529166,0,-157965158,20,0,0,0,0,27905,280,180794,1,0
23,2025-10-29T11:43:13.961,2,,2916668,2915604,2916668,2915604,2919328,2918796,2915604,2916668,0,28826,0,64690,274,-28,8250,-957993,-567730,-1520538994,3617,-1135460,2183468,3349052,-16777216,-16777216,0,0,0,0,4424548,2,1,63020787,151,16777216,32510,42,0,0,0,2918264,62819,54969,147269,128269,1279,1346,6824,47818876,15039354,0,42,0,4,0,33,195305,29014,555,-185,0,1288,578,6824,47818876,15039354,0,4109,4083,0,1,20341512,20277110,4195330,2915604,2916668,2,0,0,0,0,157,-16,-16,914,28460,90000,578,112312,1037,0,0,0,0,0,0,-1,0,0,0,-27,4097,0,-221,0,19136753,0,0,0,0,2920924,56611321,56831041,57050761,0,35167,0,0,300685,12423832,17775,2136497850,0,-157965158,20,0,0,0,0,28459,302,-567730,1,0
24,2025-10-29T11:43:14.064,2,,2916668,2915604,2916668,2915604,2919328,2918796,2915604,2916668,0,29943,0,65174,230,-1,8250,-2005083,-193870,1342772538,3761,-387740,2183468,3349052,-16777216,-16777216,0,0,0,0,4424548,2,1,63080114,151,16777216,32510,42,0,0,0,2918264,62819,54969,147269,128269,1279,1346,6824,47818876,15039354,0,42,0,4,0,33,191968,30131,561,-154,0,1296,585,6824,47818876,15039354,0,4109,4082,0,1,20341512,20276569,4195330,2915604,2916668,15,0,0,0,0,153,-18,-18,920,29570,90000,585,112301,1078,0,0,0,0,0,0,-1,0,0,0,-27,4097,0,-220,0,19136753,0,0,0,0,2920924,56611321,56831041,57050761,0,35167,0,0,241548,12424255,17662,2138491504,0,-157965158,20,0,0,0,0,29570,231,-193870,1,0
25,2025-10-29T11:43:14.162,2,,2916668,2915604,2916668,2915604,2919328,2918796,2915604,2916668,0,30508,0,65395,212,-18,8250,-2434076,-428993,-1520538992,3832,-857986,2183468,3349052,-16777216,-16777216,0,0,0,0,4424548,2,1,63110622,151,16777216,32510,42,0,0,0,2918264,62819,54969,147269,128269,1279,1346,6824,47818876,15039354,0,42,0,4,0,33,190249,30695,564,-170,0,1300,588,6824,47818876,15039354,0,4109,4082,0,1,20341512,20276338,4195330,2915604,2916668,14,0,0,0,0,152,-18,-18,923,30131,90000,588,112234,1099,0,0,0,0,0,0,-1,0,0,0,-27,4097,0,-220,0,19136753,0,0,0,0,2920924,56611321,56831041,57050761,0,35167,0,0,211137,12424424,17610,2139516710,0,-157965158,20,0,0,0,0,30131,230,-428993,1,0
26,2025-10-29T11:43:14.263,2,,2916668,2915604,2916668,2915604,2919328,2918796,2915604,2916668,0,31643,0,65830,205,-22,8250,-2703336,-405162,1342772540,3977,-810324,2183468,3349052,-16777216,-16777216,0,0,0,0,4424548,2,1,63173340,151,16777216,32510,42,0,0,0,2918264,62819,54969,147269,128269,1279,1346,6824,47818876,15039354,0,42,0,4,0,33,186702,31828,567,-170,0,1305,593,6824,47818876,15039354,0,4109,4082,0,1,20341512,20275898,4195330,2915604,2916668,12,0,0,0,0,148,-20,-20,927,31261,90000,593,112018,1143,0,0,0,0,0,0,-1,0,0,0,-27,4097,0,-220,0,19136753,0,0,0,0,2920924,56611321,56831041,57050761,0,35167,0,0,148620,12424564,17508,2141624318,0,-157965158,20,0,0,0,0,31261,227,-405162,1,0
27,2025-10-29T11:43:14.368,2,,2916668,2915604,2916668,2915604,2919328,2918796,2915604,2916668,0,32214,0,66030,195,-10,8250,-2934363,-231027,-1520538990,4050,-462054,2183468,3349052,-16777216,-16777216,0,0,0,0,4424548,2,1,63205554,151,16777216,32510,42,0,0,0,2918264,62819,54969,147269,128269,1279,1346,6824,47818876,15039354,0,42,0,4,0,33,184875,32398,570,-157,0,1310,597,6824,47818876,15039354,0,4109,4082,0,1,20341512,20275682,4195330,2915604,2916668,11,0,0,0,0,147,-21,-21,931,31828,90000,597,112018,1163,0,0,0,0,0,0,-1,0,0,0,-27,4097,0,-220,0,19136753,0,0,0,0,2920924,56611321,56831041,57050761,0,35167,0,0,116510,12424660,17461,2142706852,0,-157965158,20,0,0,0,0,31828,205,-231027,1,0
28,2025-10-29T11:43:14.462,2,,2916668,2915604,2916668,2915604,2919328,2918796,2915604,2916668,0,33363,0,66381,168,-1,8250,-3475310,-65432,1342772542,4196,-130864,2183468,3349052,-16777216,-16777216,0,0,0,0,4424548,2,1,63271703,151,16777216,32510,42,0,0,0,2918264,62819,54969,147269,128269,1279,1346,6824,47818876,15039354,0,42,0,4,0,33,181373,33547,576,-144,0,1318,603,6824,47818876,15039354,0,4109,4082,0,1,20341512,20275300,4195330,2916136,2916668,9,0,0,0,0,143,-22,-22,937,32971,90000,603,111871,1207,0,0,0,0,0,0,-1,0,0,0,-27,4097,0,-220,0,19136753,0,0,0,0,2920924,56611321,56831041,57050761,0,35167,0,0,50576,12424617,17378,2144929756,0,-157965158,20,0,0,0,0,32971,169,-65432,1,0
29,2025-10-29T11:43:14.565,2,,2916668,2915604,2916668,2915604,2919328,2918796,2915604,2916668,0,33941,0,66540,149,-19,8250,-3803124,-327814,-1520538988,4270,-655628,2183468,3349052,-16777216,-16777216,0,0,0,0,4424548,2,1,63305644,151,16777216,32510,42,0,0,0,2918264,62819,54969,147269,128269,1279,1346,6824,47818876,15039354,0,42,0,4,0,33,179436,34124,577,-160,0,1321,606,6824,47818876,15039354,0,4109,4082,0,1,20341512,20275131,4195330,2916136,2916668,8,0,0,0,0,141,-23,-23,939,33547,90000,606,111706,1230,0,0,0,0,0,0,-1,0,0,0,-27,4097,0,-220,0,19136753,0,0,0,0,2920924,56611321,56831041,57050761,0,35167,0,0,16745,12424562,17341,2146070326,0,-157965158,20,0,0,0,0,33547,168,-327814,1,0
30,2025-10-29T11:43:14.662,2,,2916668,2915604,2916668,2915604,2919328,2918796,2915604,2916668,0,35087,0,66781,95,-24,8250,-4728955,-423809,1342772544,4418,-847618,2183468,3349052,2703,-16777216,0,654,0,0,4424548,2,1,16168,150,16777216,32510,41,0,0,1,2918264,62819,54969,147269,128269,1279,1346,6824,47818876,15039354,0,42,0,4,0,33,175457,35286,582,-162,0,1331,613,6824,47818876,15039354,0,4109,4082,0,1,20341512,20274838,4195330,2916136,2916668,6,0,0,0,0,138,-25,-25,946,34704,90000,613,111706,1272,0,0,0,0,0,0,-1,0,0,0,-26,4097,0,-220,0,19136753,0,0,0,0,2920924,56611321,56831041,57050761,0,35167,0,0,-52636,12424366,17285,-2146565760,0,-157965158,0,0,0,0,0,34704,119,-423809,1,0
31,2025-10-29T11:43:14.764,2,,2916668,2915604,2916668,2915604,2919328,2918796,2915604,2916668,0,35689,0,66861,64,-31,8250,-5256760,-527805,-1520538986,4491,-1055610,2183468,3349052,2703,-16777216,0,654,0,0,4424548,2,1,51857,150,16777216,32510,41,0,0,1,2918264,62819,54969,147269,128269,1279,1346,6824,47818876,15039354,0,42,0,4,0,33,173431,35870,584,-167,0,1333,616,6824,47818876,15039354,0,4109,4082,0,1,20644179,20577398,4195330,2916136,2916668,5,0,0,0,0,136,-26,-26,948,35286,90000,616,111441,1296,0,0,0,0,0,0,-1,0,0,0,-26,4097,0,-220,0,19136753,0,0,0,0,2920924,56611321,56831041,57050761,0,35167,0,0,-88209,12424177,17266,-2145384034,0,-157965158,0,0,0,0,0,35286,95,-527805,1,0
32,2025-10-29T11:43:14.862,2,,2916668,2915604,2916668,2915604,2919328,2918796,2915604,2916668,0,36868,0,66905,-24,-47,8250,-6704873,-771914,1342772546,4643,-1543828,2183468,3349052,2703,-16777216,0,654,0,0,4424548,2,1,125002,150,16777216,32510,41,0,0,1,2918264,62819,54969,147269,128269,1279,1346,6824,47818876,15039354,0,42,0,4,0,33,169236,37048,590,-179,0,1342,623,6824,47818876,15039354,0,4109,4082,0,1,20644179,20577274,4195330,2916136,2916668,3,0,0,0,0,132,-27,-27,955,36458,90000,623,111408,1340,0,0,0,0,0,0,-1,0,0,0,-26,4097,0,-220,0,19136753,0,0,0,0,2920924,56611321,56831041,57050761,0,35167,0,0,-161116,12423848,17256,-2142962074,0,-157965158,0,0,0,0,0,36458,23,-771914,1,0
33,2025-10-29T11:43:14.964,2,,2916668,2915604,2916668,2915604,2919328,2918796,2915604,2916668,0,37461,0,66869,-48,-24,8250,-7095658,-390785,-1520538984,4719,-781570,2183468,3349052,2703,-16777216,0,654,0,0,4424548,2,1,162463,150,16777216,32510,41,0,0,1,2918264,62819,54969,147269,128269,1279,1346,6824,47818876,15039354,0,42,0,4,0,33,167082,37641,593,-154,0,1348,627,6824,47818876,15039354,0,4109,4082,0,1,20644179,20577274,4195330,2916136,2916668,2,0,0,0,0,130,-28,-28,959,37048,90000,627,111355,1362,0,0,0,0,0,0,-1,0,0,0,-26,4097,0,-220,0,19136753,0,0,0,0,2920924,56611321,56831041,57050761,0,35167,0,0,-198454,12423541,17264,-2141721674,0,-157965158,0,0,0,0,0,37048,-24,-390785,1,0
34,2025-10-29T11:43:15.061,2,,2916668,2915604,2916668,2915604,2919328,2918796,2915604,2916668,0,38656,0,66723,-92,-15,8250,-7723389,-183452,1342772548,4871,-366904,2183468,3349052,2703,-16777216,0,654,0,0,4424548,2,1,239176,150,16777216,32510,41,0,0,1,2918264,62819,54969,147269,128269,1279,1346,6824,47818876,15039354,0,42,0,4,0,33,162664,38835,599,-140,0,1357,634,6824,47818876,15039354,0,4109,4082,0,1,20644179,20577372,4195330,2916136,2916668,15,0,0,0,0,125,-30,-30,966,38236,90000,634,111124,1409,0,0,0,0,0,0,-1,0,0,0,-26,4097,0,-220,0,19136753,0,0,0,0,2920924,56611321,56831041,57050761,0,35167,0,0,-274917,12422983,17299,-2139181570,0,-157965158,0,0,0,0,0,38236,-77,-183452,1,0
35,2025-10-29T11:43:15.161,2,,2916668,2915604,2916668,2915604,2919328,2918796,2915604,2916668,0,39258,0,66617,-121,-29,8250,-8111302,-387913,-1520538982,4948,-775826,2183468,3349052,2703,-16777216,0,654,0,0,4424548,2,1,278434,150,16777216,32510,41,0,0,1,2918264,62819,54969,147269,128269,1279,1346,6824,47818876,15039354,0,42,0,4,0,33,160395,39436,601,-152,0,1361,637,6824,47818876,15039354,0,4109,4082,0,1,20644179,20577456,4195330,2926244,2916668,14,0,0,0,0,123,-31,-31,969,38835,90000,637,111124,1431,0,0,0,0,0,0,-1,0,0,0,-26,4097,0,-220,0,19136753,0,0,0,0,2920924,56611321,56831041,57050761,0,35167,0,0,-314045,12422505,17324,-2137881668,0,-157965158,0,0,0,0,0,38835,-92,-387913,1,0
36,2025-10-29T11:43:15.262,2,,2916668,2915604,2916668,2915604,2919328,2918796,2915604,2916668,0,40467,0,66321,-162,-7,8250,-8603501,-35488,1342772550,5102,-70976,2183468,3349052,2703,-16777216,0,654,0,0,4424548,2,1,358762,150,16777216,32510,41,0,0,1,2918264,62819,54969,147269,128269,1279,1346,6824,47818876,15039354,0,42,0,4,0,33,155740,40644,607,-127,0,1371,644,6824,47818876,15039354,0,4109,4082,0,1,20644179,20577700,4195330,2926244,2916668,12,0,0,0,0,120,-33,-33,976,40037,90000,644,111096,1476,0,0,0,0,0,0,-1,0,0,0,-26,4097,0,-220,0,19136753,0,0,0,0,2920924,56611321,56831041,57050761,0,35167,0,0,-394110,12421573,17393,-2135221866,0,-157965158,0,0,0,0,0,40037,-155,-35488,1,0
37,2025-10-29T11:43:15.363,2,,2916668,2915604,2916668,2915604,2919328,2918796,2915604,2916668,0,41075,0,66145,-190,-28,8250,-8929684,-326183,-1520538980,5179,-652366,2183468,3349052,2703,-16777216,0,654,0,0,4424548,2,1,399837,150,16777216,32510,41,0,0,1,2918264,62819,54969,147269,128269,1279,1346,6824,47818876,15039354,0,42,0,4,0,33,153353,41251,607,-145,0,1376,646,6824,47818876,15039354,0,4109,4082,0,1,20644179,20577858,4195330,2926244,2916668,11,0,0,0,0,117,-34,-34,980,40644,90000,646,111059,1499,0,0,0,0,0,0,-1,0,0,0,-26,4097,0,-220,0,19136753,0,0,0,0,2920924,56611321,56831041,57050761,0,35167,0,0,-435048,12420929,17435,-2133861800,0,-157965158,0,0,0,0,0,40644,-162,-326183,1,0
38,2025-10-29T11:43:15.463,2,,2916668,2915604,2916668,2915604,2919328,2918796,2915604,2916668,0,42300,0,65753,-215,-25,8250,-9050920,-241982,1342772552,5335,-483964,2183468,3349052,2703,-16777216,0,654,0,0,4424548,2,1,483823,150,16777216,32510,41,0,0,1,2918264,62819,54969,147269,128269,1279,1346,6824,47818876,15039354,0,42,0,4,0,33,148462,42474,612,-137,0,1386,653,6824,47818876,15039354,0,4109,4082,0,1,20644179,20578224,4195330,2926244,2916668,9,0,0,0,0,112,-36,-36,988,41862,90000,653,111056,1543,0,0,0,0,0,0,-1,0,0,0,-26,4097,0,-220,0,19136753,0,0,0,0,2920924,56611321,56831041,57050761,0,35167,0,0,-518755,12419523,17527,-2131080876,0,-157965158,0,0,0,0,0,41862,-190,-241982,1,0
39,2025-10-29T11:43:15.561,2,,2916668,2915604,2916668,2915604,2919328,2918796,2915604,2916668,0,42915,0,65521,-249,-34,8250,-9434519,-383599,-1520538978,5414,-767198,2183468,3349052,2703,-16777216,0,654,0,0,4424548,2,1,526738,150,16777216,32510,41,0,0,1,2918264,62819,54969,147269,128269,1279,1346,6824,47818876,15039354,0,42,0,4,0,33,145956,43089,615,-144,0,1390,657,6824,47818876,15039354,0,4109,4082,0,1,20644179,20578426,4195330,2926244,2916668,8,0,0,0,0,110,-37,-37,991,42474,90000,657,111065,1566,0,0,0,0,0,0,-1,0,0,0,-26,4097,0,-220,0,19136753,0,0,0,0,2920924,56611321,56831041,57050761,0,35167,0,0,-561524,12418643,17582,-2129659884,0,-157965158,0,0,0,0,0,42474,-215,-383599,1,0
40,2025-10-29T11:43:15.663,2,,2916668,2915604,2916668,2915604,2919328,2918796,2915604,2916668,0,44143,0,64985,-269,8,8250,-9412204,290366,1342772554,5572,580732,2183468,3349052,2703,-16777216,0,654,0,0,4424548,2,1,614414,150,16777216,32510,41,0,0,1,2918264,62819,54969,147269,128269,1279,1346,6824,47818876,15039354,0,42,0,4,0,33,140850,44325,620,-97,0,1403,662,6824,47818876,15039354,0,4108,4083,0,1,20644179,20578921,4195330,2926244,2916668,6,0,0,0,0,105,-39,-39,1001,43705,90000,662,111118,1611,0,0,0,0,0,0,-1,0,0,0,-26,4097,0,-220,0,19136753,0,0,0,0,2920924,56611321,56831041,57050761,0,35167,0,0,-648905,12416766,17708,-2126756776,0,-157965158,0,0,0,0,0,43705,-277,290366,1,0
41,2025-10-29T11:43:15.763,2,,2916668,2915604,2916668,2915604,2919328,2918796,2915604,2916668,0,44764,0,64707,-288,-19,8250,-9521724,-109520,-1520538976,5650,-219040,2183468,3349052,2703,-16777216,0,654,0,0,4424548,2,1,659178,150,16777216,32510,41,0,0,1,2918264,62819,54969,147269,128269,1279,1346,6824,47818876,15039354,0,42,0,4,0,33,138222,44946,621,-121,0,1408,666,6824,47818876,15039354,0,4108,4083,0,1,20644179,20579194,4195330,2926244,2916668,5,0,0,0,0,102,-41,-41,1004,44325,90000,666,111139,1633,0,0,0,0,0,0,-1,0,0,0,-26,4097,0,-220,0,19136753,0,0,0,0,2920924,56611321,56831041,57050761,0,35167,0,0,-693513,12415583,17773,-2125274560,0,-157965158,0,0,0,0,0,44325,-269,-109520,1,0
42,2025-10-29T11:43:15.862,2,,2916668,2915604,2916668,2915604,2919328,2918796,2915604,2916668,0,46016,0,64116,-281,25,8250,-9032464,570213,1342772556,5809,1140426,2183468,3349052,2703,-16777216,0,654,0,0,4424548,2,1,750582,150,16777216,32510,41,0,0,1,2918264,62819,54969,147269,128269,1279,1346,6824,47818876,15039354,0,42,0,4,0,33,132849,46198,629,-72,0,1419,674,6824,47818876,15039354,0,4108,4083,0,1,20644179,20579769,4195330,2925180,2916668,3,0,0,0,0,97,-43,-43,1013,45570,90000,674,111235,1677,0,0,0,0,0,0,-1,0,0,0,-26,4097,0,-220,0,19136753,0,0,0,0,2920924,56611321,56831041,57050761,0,35167,0,0,-784600,12413086,17912,-2122248012,0,-157965158,0,0,0,0,0,45569,-306,570213,1,0
43,2025-10-29T11:43:15.964,2,,2916668,2915604,2916668,2915604,2919328,2918796,2915604,2916668,0,46647,0,63837,-277,4,8250,-8778520,253944,-1520538974,5890,507888,2183468,3349052,2703,-16777216,0,654,0,0,4424548,2,1,797229,150,16777216,32510,41,0,0,1,2918264,62819,54969,147269,128269,1279,1346,6824,47818876,15039354,0,42,0,4,0,33,130099,46827,629,-90,0,1424,676,6824,47818876,15039354,0,4108,4083,0,1,20644179,20580063,4195330,2925180,2916668,2,0,0,0,0,94,-44,-44,1017,46198,90000,676,111247,1700,0,0,0,0,0,0,-1,0,0,0,-26,4097,0,-220,0,19136753,0,0,0,0,2920924,56611321,56831041,57050761,0,35167,0,0,-831076,12411511,17978,-2120703448,0,-157965158,0,0,0,0,0,46198,-281,253944,1,0
44,2025-10-29T11:43:16.062,2,,2916668,2915604,2916668,2915604,2919328,2918796,2915604,2916668,0,47914,0,63269,-288,-2,8250,-8542338,173685,1342772558,6051,347370,2183468,3349052,2703,-16777216,0,654,0,0,4424548,2,1,892423,150,16777216,32510,41,0,0,1,2918264,62819,54969,147269,128269,1279,1346,6824,47818876,15039354,0,42,0,4,0,33,124474,48092,633,-90,0,1437,683,6824,47818876,15039354,0,4108,4083,0,1,20644179,20580623,4195330,2925180,2916668,15,0,0,0,0,88,-47,-47,1026,47459,90000,683,111285,1746,0,0,0,0,0,0,-1,0,0,0,-26,4097,0,-219,0,19136753,0,0,0,0,2920924,56611321,56831041,57050761,0,35167,0,0,-925920,12408189,18111,-2117551406,0,-157965158,0,0,0,0,0,47459,-286,173685,1,0
45,2025-10-29T11:43:16.163,2,,2916668,2915604,2916668,2915604,2919328,2918796,2915604,2916668,0,48550,0,62994,-262,26,8250,-7946297,596041,-1520538972,6133,1192082,2183468,3349052,2703,-16777216,0,654,0,0,4424548,2,1,940973,150,16777216,32510,41,0,0,1,2918264,62819,54969,147269,128269,1279,1346,6824,47818876,15039354,0,42,0,4,0,33,121599,48729,637,-59,0,1443,687,6824,47818876,15039354,0,4108,4083,0,1,20644179,20580910,4195330,2925180,2916668,14,0,0,0,0,85,-48,-48,1031,48092,90000,687,111282,1770,0,0,0,0,0,0,-1,0,0,0,-26,4097,0,-219,0,19136753,0,0,0,0,2920924,56611321,56831041,57050761,0,35167,0,0,-974283,12406237,18176,-2115943830,0,-157965158,0,0,0,0,0,48092,-288,596041,1,0
46,2025-10-29T11:43:16.262,2,,2916668,2915604,2916668,2915604,2919328,2918796,2915604,2916668,0,49833,0,62490,-239,14,8250,-7236030,393615,1342772560,6296,787230,2183468,3349052,2703,-16777216,0,654,0,0,4424548,2,1,1039997,150,16777216,32510,41,0,0,1,2918264,62819,54969,147269,128269,1279,1346,6824,47818876,15039354,0,42,0,4,0,33,115721,50010,641,-66,0,1458,693,6824,47818876,15039354,0,4108,4083,0,1,20644179,20581443,4195330,2925180,2916668,12,0,0,0,0,80,-50,-50,1042,49369,90000,693,111212,1818,0,0,0,0,0,0,-1,0,0,0,-26,4097,0,-219,0,19136753,0,0,0,0,2920924,56611321,56831041,57050761,0,35167,0,0,-1072914,12401966,18295,-2112664970,0,-157965158,0,0,0,0,0,49369,-253,393615,1,0
47,2025-10-29T11:43:16.363,2,,2916668,2915604,2916668,2915604,2919328,2918796,2915604,2916668,0,50478,0,62259,-222,17,8250,-6802552,433478,-1520538970,6378,866956,2183468,3349052,2703,-16777216,0,654,0,0,4424548,2,1,1090475,150,16777216,32510,41,0,0,1,2918264,62819,54969,147269,128269,1279,1346,6824,47818876,15039354,0,42,0,4,0,33,112716,50654,644,-60,0,1463,698,6824,47818876,15039354,0,4108,4083,0,1,20644179,20581689,4195330,2925180,2916668,11,0,0,0,0,77,-52,-52,1046,50010,90000,698,111212,1841,0,0,0,0,0,0,-1,0,0,0,-26,4097,0,-219,0,19136753,0,0,0,0,2920924,56611321,56831041,57050761,0,35167,0,0,-1123183,12399573,18349,-2110993554,0,-157965158,0,0,0,0,0,50010,-239,433478,1,0
48,2025-10-29T11:43:16.466,2,,2916668,2915604,2916668,2915604,2919328,2918796,2915604,2916668,0,51775,0,61879,-162,25,8250,-5579611,529917,1342772562,6544,1059834,2183468,3349052,2703,-16777216,0,654,0,0,4424548,2,1,1193375,150,16777216,32510,41,0,0,1,2918264,62819,54969,147269,128269,1279,1346,6824,47818876,15039354,0,42,0,4,0,33,106572,51949,648,-46,0,1476,704,6824,47818876,15039354,0,4108,4083,0,1,20644179,20582125,4195330,2920392,2916668,9,0,0,0,0,71,-55,-55,1056,51301,90000,704,111034,1892,0,0,0,0,0,0,-1,0,0,0,-26,4097,0,-219,0,19136753,0,0,0,0,2920924,56611321,56831041,57050761,0,35167,0,0,-1225633,12394208,18439,-2107586352,0,-157965158,0,0,0,0,0,51301,-187,529917,1,0
49,2025-10-29T11:43:16.561,2,,2916668,2915604,2916668,2915604,2919328,2918796,2915604,2916668,0,52426,0,61729,-138,24,8250,-5058825,520786,-1520538968,6627,1041572,2183468,3349052,2703,-16777216,0,654,0,0,4424548,2,1,1245801,150,16777216,32510,41,0,0,1,2918264,62819,54969,147269,128269,1279,1346,6824,47818876,15039354,0,42,0,4,0,33,103434,52600,651,-43,0,1484,708,6824,47818876,15039354,0,4108,4083,0,1,20644179,20582300,4195330,2920392,2916668,8,1511,2540,0,0,67,-56,-56,1062,51949,90000,708,110876,1919,0,0,0,0,0,0,-1,0,0,0,-26,4097,0,-219,0,19136753,0,0,0,0,2920924,56611321,56831041,57050761,0,35167,0,0,-1277822,12391312,18474,-2105850436,0,-157965158,0,0,0,0,0,51949,-162,520786,1,0
50,2025-10-29T11:43:16.661,2,,2916668,2915604,2916668,2915604,2919328,2918796,2915604,2916668,0,53742,0,61500,-84,33,8250,-3978600,623683,1342772564,6794,1247366,2183468,3349052,2703,-16777216,0,654,0,0,4424548,2,1,1352625,150,16777216,32510,41,0,0,1,2918264,62819,54969,147269,128269,1279,1346,6824,47818876,15039354,0,42,0,4,0,33,97025,53916,660,-28,0,1482,716,6824,47818876,15039354,0,4108,4083,0,1,20644179,20582578,4195330,2920392,2916668,6,1601,2626,0,0,61,-55,-55,1061,53256,90000,716,110825,1968,0,0,0,0,0,0,-1,0,0,0,-26,4097,0,-219,0,19136753,0,0,0,0,2920924,56611321,56831041,57050761,0,35167,0,0,-1384124,12384741,18528,-2102313304,0,-157965158,0,0,0,0,0,53256,-117,623683,1,0
51,2025-10-29T11:43:16.761,2,,2916668,2915604,2916668,2915604,2919328,2918796,2915604,2916668,0,54404,0,61435,-46,38,8250,-3284184,694416,-1520538966,6879,1388832,2183468,3349052,2703,-16777216,0,654,0,0,4424548,2,1,1407029,150,16777216,32510,41,0,0,1,2918264,62819,54969,147269,128269,1279,1346,6824,47818876,15039354,0,42,0,4,0,33,93749,54578,662,-19,0,1489,719,6824,47818876,15039354,0,4108,4083,0,1,20644179,20582679,4195330,2920392,2916668,5,1647,2668,0,0,57,-57,-57,1066,53916,90000,719,110753,1993,0,0,0,0,0,0,-1,0,0,0,-26,4097,0,-219,0,19136753,0,0,0,0,2920924,56611321,56831041,57050761,0,35167,0,0,-1438248,12381160,18543,-2100511890,0,-157965158,0,0,0,0,0,53916,-84,694416,1,0
52,2025-10-29T11:43:16.863,2,,2916668,2915604,2916668,2915604,2919328,2918796,2915604,2916668,0,55735,0,61389,-1,21,8250,-2387415,429369,1342772566,7048,858738,2183468,3349052,2703,-16777216,0,654,0,0,4424548,2,1,1517832,150,16777216,32510,41,0,0,1,2918264,62819,54969,147269,128269,1279,1346,6824,47818876,15039354,0,42,0,4,0,33,87049,55907,666,-29,0,1502,726,6824,47818876,15039354,0,4108,4083,0,1,20644179,20582778,4195330,2920392,2916668,3,1737,2747,0,0,50,-59,-59,1076,55241,90000,726,110686,2044,0,0,0,0,0,0,-1,0,0,0,-26,4097,0,-219,0,19136753,0,0,0,0,2920924,56611321,56831041,57050761,0,35167,0,0,-1548445,12373360,18554,-2096843008,0,-157965158,0,0,0,0,0,55241,-22,429369,1,0
53,2025-10-29T11:43:16.962,2,,2916668,2915604,2916668,2915604,2919328,2918796,2915604,2916668,0,56404,0,61400,24,25,8250,-1926090,461325,-1520538964,7134,922650,2183468,3349052,2703,-16777216,0,654,0,0,4424548,2,1,1574236,150,16777216,32510,41,0,0,1,2918264,62819,54969,147269,128269,1279,1346,6824,47818876,15039354,0,42,0,4,0,33,83625,56576,669,-23,0,1510,730,6824,47818876,15039354,0,4108,4083,0,1,20644179,20582790,4195330,2920392,2916668,2,1784,2786,0,0,48,-61,-61,1082,55907,90000,730,110676,2069,0,0,0,0,0,0,-1,0,0,0,-26,4097,0,-219,0,19136753,0,0,0,0,2920924,56611321,56831041,57050761,0,35167,0,0,-1604515,12369040,18551,-2094975370,0,-157965158,0,0,0,0,0,55907,-1,461325,1,0
54,2025-10-29T11:43:17.061,2,,2916668,2915604,2916668,2915604,2919328,2918796,2915604,2916668,0,57750,0,61495,69,20,8250,-1062483,396782,1342772568,7305,793564,2183468,3349052,2703,-16777216,0,654,0,0,4424548,2,1,1689062,150,16777216,32510,41,0,0,1,2918264,62819,54969,147269,128269,1279,1346,6824,47818876,15039354,0,42,0,4,0,33,76624,57920,673,-20,0,1524,737,6824,47818876,15039354,0,4108,4083,0,1,20644179,20582743,4195330,2920392,2916668,15,1874,2859,0,0,40,-64,-64,1093,57247,90000,737,110702,2118,0,0,0,0,0,0,-1,0,0,0,-26,4097,0,-218,0,19136753,0,0,0,0,2920924,56611321,56831041,57050761,0,35167,0,0,-1718629,12359844,18529,-2091173278,0,-157965158,0,0,0,0,0,57247,49,396782,1,0
55,2025-10-29T11:43:17.162,2,,2916668,2915604,2916668,2915604,2919328,2918796,2915604,2916668,0,58427,0,61576,93,24,8250,-621069,441414,-1520538962,7392,882828,2183468,3349052,2703,-16777216,0,654,0,0,4424548,2,1,1747489,150,16777216,32510,41,0,0,1,2918264,62819,54969,147269,128269,1279,1346,6824,47818876,15039354,0,42,0,4,0,33,73045,58596,676,-13,0,1531,741,6824,47818876,15039354,0,4108,4083,0,1,20644179,20582684,4195330,2923584,2916668,14,1919,2893,0,0,37,-65,-65,1098,57920,90000,741,110735,2142,0,0,0,0,0,0,-1,0,0,0,-26,4097,0,-218,0,19136753,0,0,0,0,2920924,56611321,56831041,57050761,0,35167,0,0,-1776675,12354944,18510,-2089238658,0,-157965158,0,0,0,0,0,57920,69,441414,1,0
56,2025-10-29T11:43:17.262,2,,2916668,2915604,2916668,2915604,2919328,2918796,2915604,2916668,0,59785,0,61794,125,15,8250,41012,318938,1342772570,7565,637876,2183468,3349052,2703,-16777216,0,654,0,0,4424548,2,1,1866379,150,16777216,32510,41,0,0,1,2918264,62819,54969,147269,128269,1279,1346,6824,47818876,15039354,0,42,0,4,0,33,65731,59952,679,-14,0,1545,747,6824,47818876,15039354,0,4108,4083,0,1,20644179,20582502,4195330,2923584,2916668,12,2009,2959,0,0,29,-68,-68,1109,59273,90000,747,110859,2190,0,0,0,0,0,0,-1,0,0,0,-26,4097,0,-218,0,19136753,0,0,0,0,2920924,56611321,56831041,57050761,0,35167,0,0,-1894729,12344282,18459,-2085302000,0,-157965158,0,0,0,0,0,59273,110,318938,1,0
57,2025-10-29T11:43:17.361,2,,2916668,2915604,2916668,2915604,2919328,2918796,2915604,2916668,0,60467,0,61922,131,6,8250,236861,195849,-1520538960,7652,391698,2183468,3349052,2703,-16777216,0,654,0,0,4424548,2,1,1926846,150,16777216,32510,41,0,0,1,2918264,62819,54969,147269,128269,1279,1346,6824,47818876,15039354,0,42,0,4,0,33,61995,60633,681,-19,0,1552,751,6824,47818876,15039354,0,4108,4083,0,1,20644179,20582385,4195330,2923584,2916668,11,2054,2991,0,0,25,-70,-70,1115,59952,90000,751,110902,2214,0,0,0,0,0,0,-1,0,0,0,-26,4097,0,-218,0,19136753,0,0,0,0,2920924,56611321,56831041,57050761,0,35167,0,0,-1954743,12338564,18428,-2083299830,0,-157965158,0,0,0,0,0,59952,125,195849,1,0
58,2025-10-29T11:43:17.463,2,,2916668,2915604,2916668,2915604,2919328,2918796,2915604,2916668,0,61838,0,62193,136,-1,8250,554492,112872,1342772572,7827,225744,2183468,3349052,2703,-16777216,0,654,0,0,4424548,2,1,2049836,150,16777216,32510,41,0,0,1,2918264,62819,54969,147269,128269,1279,1346,6824,47818876,15039354,0,42,0,4,0,33,54362,62002,685,-18,0,1568,758,6824,47818876,15039354,0,4108,4083,0,1,20644179,20582123,4195330,2923584,2916668,9,2144,3052,0,0,17,-73,-73,1127,61317,90000,758,111294,2256,0,0,0,0,0,0,-1,0,0,0,-26,4097,0,-218,0,19136753,0,0,0,0,2920924,56611321,56831041,57050761,0,35167,0,0,-2076762,12326439,18365,-2079227414,0,-157965158,0,0,0,0,0,61317,137,112872,1,0
59,2025-10-29T11:43:17.563,2,,2916668,2915604,2916668,2915604,2919328,2918796,2915604,2916668,0,62527,0,62327,132,-4,8250,635469,80977,-1520538958,7915,161954,2183468,3349052,2703,-16777216,0,654,0,0,4424548,2,1,2112363,150,16777216,32510,41,0,0,1,2918264,62819,54969,147269,128269,1279,1346,6824,47818876,15039354,0,42,0,4,0,33,50465,62690,688,-17,0,1576,762,6824,47818876,15039354,0,4108,4083,0,1,20644179,20581986,4195330,2923584,2916668,8,2189,3081,0,0,13,-74,-74,1133,62002,90000,762,111320,2281,0,0,0,0,0,0,-1,0,0,0,-26,4097,0,-218,0,19136753,0,0,0,0,2920924,56611321,56831041,57050761,0,35167,0,0,-2138768,12320005,18333,-2077157034,0,-157965158,0,0,0,0,0,62002,136,80977,1,0
60,2025-10-29T11:43:17.663,2,,2916668,2915604,2916668,2915604,2919328,2918796,2915604,2916668,0,63908,0,62562,107,-8,8250,591973,58304,1342772574,8091,116608,2183468,3349052,2703,-16777216,0,654,0,0,4424548,2,1,2239488,150,16777216,32510,41,0,0,1,2918264,62819,54969,147269,128269,1279,1346,6824,47818876,15039354,0,42,0,4,0,33,42508,64068,689,-13,0,1591,767,6824,47818876,15039354,0,4108,4083,0,1,20644179,20581728,4195330,2923584,2916668,6,2277,3136,0,0,5,-78,-78,1145,63379,90000,767,111493,2328,0,0,0,0,0,0,-1,0,0,0,-26,4097,0,-218,0,19136753,0,0,0,0,2920924,56611321,56831041,57050761,0,35167,0,0,-2264772,12306368,18278,-2072947700,0,-157965158,0,0,0,0,0,63379,115,58304,1,0
61,2025-10-29T11:43:17.766,2,,2916668,2915604,2916668,2915604,2919328,2918796,2915604,2916668,0,64598,0,62660,89,-18,8250,517437,-74536,-1520538956,8180,-149072,2183468,3349052,2703,-16777216,0,654,0,0,4424548,2,1,2304086,150,16777216,32510,41,0,0,1,2918264,62819,54969,147269,128269,1279,1346,6824,47818876,15039354,0,42,0,4,0,33,38450,64755,687,-19,0,1599,766,6824,47818876,15039354,0,4108,4083,0,1,20644179,20581617,4195330,2923584,2916668,5,2322,3163,0,0,1,-79,-79,1151,64068,90000,766,111605,2351,0,0,0,0,0,0,-1,0,0,0,-26,4097,0,-218,0,19136753,0,0,0,0,2920924,56611321,56831041,57050761,0,35167,0,0,-2328768,12299152,18255,-2070808746,0,-157965158,0,0,0,0,0,64068,107,-74536,1,0
62,2025-10-29T11:43:17.867,2,,2916668,2915604,2916668,2915604,2919328,2918796,2915604,2916668,0,65972,0,62800,41,-34,8250,252025,-257802,1342772576,8356,-515604,2183468,3349052,2703,-16777216,0,654,0,0,4424548,2,1,2435344,150,16777216,32510,41,0,0,1,2918264,62819,54969,147269,128269,1279,1346,6824,47818876,15039354,0,42,0,4,0,33,30188,66122,682,-26,0,1616,766,6824,47818876,15039354,0,4108,4083,0,1,20644179,20581437,4195330,2926776,2916668,3,2410,3213,0,0,-8,-83,-83,1164,65440,90000,766,111667,2400,0,0,0,0,0,0,-1,0,0,0,-26,4097,0,-218,0,19136753,0,0,0,0,2920924,56611321,56831041,57050761,0,35167,0,0,-2458740,12283947,18222,-2066462560,0,-157965158,0,0,0,0,0,65440,75,-257802,1,0
63,2025-10-29T11:43:17.961,2,,2916668,2915604,2916668,2915604,2919328,2918796,2915604,2916668,0,66655,0,62811,-19,-60,8250,-331834,-583859,-1520538954,8444,-1167718,2183468,3349052,2703,-16777216,0,654,0,0,4424548,2,1,2501999,150,16777216,32510,41,0,0,1,2918264,62819,54969,147269,128269,1279,1346,6824,47818876,15039354,0,42,0,4,0,33,25991,66803,681,-48,0,1624,766,6824,47818876,15039354,0,4108,4083,0,1,20644179,20581379,4195330,2926776,2916668,2,2452,3236,0,0,-12,-84,-84,1170,66122,90000,766,111771,2423,0,0,0,0,0,0,-1,0,0,0,-26,4097,0,-218,0,19136753,0,0,0,0,2920924,56611321,56831041,57050761,0,35167,0,0,-2524716,12276004,18219,-2064255496,0,-157965158,0,0,0,0,0,66122,41,-583859,1,0
64,2025-10-29T11:43:18.061,2,,2916668,2915604,2916668,2915604,2919328,2918796,2915604,2916668,0,68017,0,62670,-128,-60,8250,-1228362,-503983,1342772578,8619,-1007966,2183468,3349052,2703,-16777216,0,654,0,0,4424548,2,1,2637353,150,16777216,32510,41,0,0,1,2918264,62819,54969,147269,128269,1279,1346,6824,47818876,15039354,0,42,0,4,0,33,17484,68158,676,-39,0,1640,765,6824,47818876,15039354,0,4108,4083,0,1,20644179,20581411,4195330,2926776,2916668,15,2537,3280,0,0,-21,-88,-88,1183,67482,90000,765,111977,2468,0,0,0,0,0,0,-1,0,0,0,-26,4097,0,-216,0,19136753,0,0,0,0,2920924,56611321,56831041,57050761,0,35167,0,0,-2658625,12259335,18252,-2059773686,0,-157965158,0,0,0,0,0,67482,-68,-503983,1,0
65,2025-10-29T11:43:18.161,2,,2916668,2915604,2916668,2915604,2919328,2918796,2915604,2916668,0,68694,0,62515,-183,-55,8250,-1641210,-412848,-1520538952,8706,-825696,2183468,3349052,2703,-16777216,0,654,0,0,4424548,2,1,2706047,150,16777216,32510,41,0,0,1,2918264,62819,54969,147269,128269,1279,1346,6824,47818876,15039354,0,42,0,4,0,33,13179,68832,674,-30,0,1650,765,6824,47818876,15039354,0,4108,4083,0,1,20644179,20581509,4195330,2926776,2916668,14,2578,3300,0,0,-25,-90,-90,1190,68158,90000,765,112194,2488,0,0,0,0,0,0,-1,0,0,0,-26,4097,0,-216,0,19136753,0,0,0,0,2920924,56611321,56831041,57050761,0,35167,0,0,-2726544,12250548,18289,-2057499106,0,-157965158,0,0,0,0,0,68158,-128,-412848,1,0
66,2025-10-29T11:43:18.264,2,,2916668,2915604,2916668,2915604,2919328,2918796,2915604,2916668,0,70042,0,62002,-328,-70,8250,-2862285,-560177,1342772580,8879,-1120354,2183468,3349052,2703,-16777216,0,654,0,0,4424548,2,1,2845458,150,16777216,32510,41,0,0,1,2918264,62819,54969,147269,128269,1279,1346,6824,47818876,15039354,0,42,0,4,0,33,4464,70174,670,-37,0,1666,764,6824,47818876,15039354,0,4108,4083,0,1,20644179,20581884,4195330,2926776,2916668,12,2659,3337,0,0,-33,-93,-93,1203,69504,90000,764,112488,2530,0,0,0,0,0,0,-1,0,0,0,-26,4097,0,-216,0,19136753,0,0,0,0,2920924,56611321,56831041,57050761,0,35167,0,0,-2864338,12232348,18410,-2052882960,0,-157965158,0,0,0,0,0,69504,-258,-560177,1,0
67,2025-10-29T11:43:18.361,2,,2915604,2918264,2915604,2918264,2919328,2918796,2918264,2915604,0,70712,0,61634,-409,-81,8250,-3530058,-667773,-1520538950,8965,-1335546,2183468,3349052,2703,-16777216,0,654,0,0,4424548,2,1,2916170,150,16777216,32510,41,0,0,1,2918264,62819,54969,147269,128269,1279,1346,6824,47818876,15039354,0,42,0,4,0,33,55,70841,667,-43,0,1675,763,6824,47818876,15039354,0,4108,4083,0,1,20644179,20582177,4195330,2926776,2916668,11,2698,3354,0,0,-38,-95,-95,1210,70174,90000,763,112565,2553,0,0,0,0,0,0,-1,0,0,0,-26,4097,0,-216,0,19136753,0,0,0,0,2920924,56611321,56831041,57050761,0,35167,0,0,-2934206,12222923,18496,-2050541562,0,-157965158,0,0,0,0,0,70174,-328,-667773,1,0
68,2025-10-29T11:43:18.461,2,,2915604,2918264,2915604,2918264,2919328,2918796,2918264,2915604,0,72048,0,60653,-567,-73,8250,-4723001,-499914,1342772582,9136,-999828,2183468,3349052,2703,-16777216,0,654,0,0,4424548,2,1,3059599,150,16777216,32510,41,0,0,1,2918264,62819,54969,147269,128269,1279,1346,6824,47818876,15039354,0,42,0,4,0,33,256655,72171,664,-26,0,1691,763,6824,47818876,15039354,0,4108,4083,0,1,20644179,20582996,4195330,2914008,2916668,9,2780,3391,0,0,-47,-98,-98,1223,71508,90000,763,112983,2592,0,0,0,0,0,0,-1,0,0,0,-26,4097,0,-216,0,19136753,0,0,0,0,2920924,56611321,56831041,57050761,0,35167,0,0,-3075840,12203157,18727,-2045792374,0,-157965158,0,0,0,0,0,71507,-494,-499914,1,0
69,2025-10-29T11:43:18.562,2,,2915604,2918264,2915604,2918264,2919328,2918796,2918264,2915604,0,72713,0,60056,-627,-60,8250,-5040756,-317755,-1520538948,9222,-635510,2183468,3349052,2703,-16777216,0,654,0,0,4424548,2,1,3132312,150,16777216,32510,41,0,0,1,2918264,62819,54969,147269,128269,1279,1346,6824,47818876,15039354,0,42,0,4,0,33,256919,72834,663,-8,0,1701,763,6824,47818876,15039354,0,4108,4083,0,1,20644179,20583526,4195330,2914008,2916668,8,2818,3406,0,0,-52,-100,-100,1230,72173,90000,763,113403,2606,0,0,0,0,0,0,-1,0,0,0,-26,4097,0,-216,0,19136753,0,0,0,0,2920924,56611321,56831041,57050761,0,35167,0,0,-3147613,12192889,18867,-2043384718,0,-157965158,0,0,0,0,0,72171,-567,-317755,1,0
70,2025-10-29T11:43:18.663,2,,2915604,2918264,2915604,2918264,2919328,2918796,2918264,2915604,0,74019,0,58639,-750,-21,8250,-5692747,213424,1342772584,9390,426848,2183468,3349052,2703,-16777216,0,654,0,0,4424548,2,1,3279690,150,16777216,32510,41,0,0,1,2918264,62819,54969,147269,128269,1279,1346,6824,47818876,15039354,0,42,0,4,0,33,257536,74151,657,40,0,1719,762,6824,47818876,15039354,0,4107,4084,0,1,20644179,20584801,4195330,2914008,2916668,6,2895,3436,0,0,-61,-104,-104,1244,73497,90000,762,113767,2646,0,0,0,0,0,0,-1,0,0,0,-26,4097,0,-216,0,19136753,0,0,0,0,2920924,56611321,56831041,57050761,0,35167,0,0,-3293013,12171528,19201,-2038504770,0,-157965158,0,0,0,0,0,73494,-729,213424,1,0
71,2025-10-29T11:43:18.765,2,,2915604,2918264,2915604,2918264,2919328,2918796,2918264,2915604,0,74677,0,57892,-744,6,8250,-5207931,484816,-1520538946,9474,969632,2183468,3349052,2703,-16777216,0,654,0,0,4424548,2,1,3354367,150,16777216,32510,41,0,0,1,2918264,62819,54969,147269,128269,1279,1346,6824,47818876,15039354,0,42,0,4,0,33,257824,74805,654,71,0,1727,762,6824,47818876,15039354,0,4107,4084,0,1,20644179,20585540,4195330,2914008,2916668,5,2937,3454,0,0,-65,-106,-106,1251,74154,90000,762,113928,2665,0,0,0,0,0,0,-1,0,0,0,-26,4097,0,-216,0,19136753,0,0,0,0,2920924,56611321,56831041,57050761,0,35167,0,0,-3366619,12160224,19377,-2036032082,0,-157965158,0,0,0,0,0,74151,-750,484816,1,0
72,2025-10-29T11:43:18.869,2,,2915604,2918264,2915604,2918264,2919328,2918796,2918264,2915604,0,75981,0,56484,-655,53,8250,-3509922,916163,1342772586,9642,1832326,2183468,3349052,2703,-16777216,0,654,0,0,4424548,2,1,3505678,150,16777216,32510,41,0,0,1,2918264,62819,54969,147269,128269,1279,1346,6824,47818876,15039354,0,42,0,4,0,33,258400,76103,648,127,0,1745,761,6824,47818876,15039354,0,4107,4084,0,1,20644179,20587013,4195330,2914008,2916668,3,3015,3484,0,0,-74,-109,-109,1265,75458,90000,761,114306,2703,0,0,0,0,0,0,-1,0,0,0,-26,4097,0,-216,0,19136753,0,0,0,0,2920924,56611321,56831041,57050761,0,35167,0,0,-3515656,12136599,19708,-2031021908,0,-157965158,0,0,0,0,0,75455,-708,916163,1,0
73,2025-10-29T11:43:18.966,2,,2915604,2918264,2915604,2918264,2919328,2918796,2918264,2915604,0,76629,0,55866,-580,75,8250,-2396467,1113455,-1520538944,9725,2226910,2183468,3349052,2703,-16777216,0,654,0,0,4424548,2,1,3582307,150,16777216,32510,41,0,0,1,2918264,62819,54969,147269,128269,1279,1346,6824,47818876,15039354,0,42,0,4,0,33,258671,76747,644,154,0,1754,761,6824,47818876,15039354,0,4107,4084,0,1,20644179,20587695,4195330,2914008,2916668,2,3055,3501,0,0,-79,-111,-111,1272,76105,90000,761,114359,2725,0,0,0,0,0,0,-1,0,0,0,-26,4097,0,-216,0,19136753,0,0,0,0,2920924,56611321,56831041,57050761,0,35167,0,0,-3591047,12124090,19853,-2028484586,0,-157965158,0,0,0,0,0,76103,-655,1113455,1,0
74,2025-10-29T11:43:19.063,2,,2915604,2918264,2915604,2918264,2919328,2918796,2918264,2915604,0,77915,0,54841,-422,102,8250,-281602,1315434,1342772588,9891,2630868,2183468,3349052,2703,-16777216,0,654,0,0,4424548,2,1,3737496,150,16777216,32510,41,0,0,1,2918264,62819,54969,147269,128269,1279,1346,6824,47818876,15039354,0,42,0,4,0,33,259284,78027,638,190,0,1772,760,6824,47818876,15039354,0,4107,4085,0,1,20644179,20588865,4195330,2914008,2916668,15,3133,3531,0,0,-88,-115,-115,1286,77390,90000,760,114637,2765,0,0,0,0,0,0,-1,0,0,0,-26,4097,0,-215,0,19136753,0,0,0,0,2920924,56611321,56831041,57050761,0,35167,0,0,-3743559,12097715,20095,-2023346004,0,-157965158,0,0,0,0,0,77389,-524,1315434,1,0
75,2025-10-29T11:43:19.164,2,,2915604,2918264,2915604,2918264,2919328,2918796,2918264,2915604,0,78535,0,54470,-319,103,8250,969827,1251429,-1520538942,9973,2502858,2183468,3349052,2703,-16777216,0,654,0,0,4424548,2,1,3816031,150,16777216,32510,41,0,0,1,2918264,62819,54969,147269,128269,1279,1346,6824,47818876,15039354,0,42,0,4,0,33,259566,78663,636,196,0,1779,760,6824,47818876,15039354,0,4106,4085,0,1,20644179,20589338,4195330,2924116,2916668,14,3172,3545,0,0,-93,-117,-117,1292,78028,90000,760,114799,2783,0,0,0,0,0,0,-1,0,0,0,-26,4097,0,-215,0,19136753,0,0,0,0,2920924,56611321,56831041,57050761,0,35167,0,0,-3820643,12083814,20182,-2020745570,0,-157965158,0,0,0,0,0,78027,-422,1251429,1,0
76,2025-10-29T11:43:19.263,2,,2915604,2918264,2915604,2918264,2919328,2918796,2918264,2915604,0,79806,0,53987,-178,56,8250,2529965,587294,1342772590,10134,1174588,2183468,3349052,2703,-16777216,0,654,0,0,4424548,2,1,3975009,150,16777216,32510,41,0,0,1,2918264,62819,54969,147269,128269,1279,1346,6824,47818876,15039354,0,42,0,4,0,33,260181,79930,633,158,0,1797,760,6824,47818876,15039354,0,4106,4085,0,1,20644179,20589986,4195330,2924116,2916668,12,3248,3571,0,0,-102,-121,-121,1306,79297,90000,760,115541,2811,0,0,0,0,0,0,-1,0,0,0,-26,4097,0,-215,0,19136753,0,0,0,0,2920924,56611321,56831041,57050761,0,35167,0,0,-3976456,12054429,20295,-2015481528,0,-157965158,0,0,0,0,0,79297,-234,587294,1,0
77,2025-10-29T11:43:19.362,2,,2915604,2918264,2915604,2918264,2919328,2918796,2918264,2915604,0,80440,0,53835,-126,52,8250,3087906,557941,-1520538940,10215,1115882,2183468,3349052,2703,-16777216,0,654,0,0,4424548,2,1,4055449,150,16777216,32510,41,0,0,1,2918264,62819,54969,147269,128269,1279,1346,6824,47818876,15039354,0,42,0,4,0,33,260500,80561,631,159,0,1807,759,6824,47818876,15039354,0,4106,4085,0,1,20644179,20590192,4195330,2924116,2916668,11,3284,3582,0,0,-107,-122,-122,1314,79930,90000,759,115652,2830,0,0,0,0,0,0,-1,0,0,0,-26,4097,0,-215,0,19136753,0,0,0,0,2920924,56611321,56831041,57050761,0,35167,0,0,-4055206,12039086,20331,-2012818018,0,-157965158,0,0,0,0,0,79930,-178,557941,1,0
78,2025-10-29T11:43:19.463,2,,2915604,2918264,2915604,2918264,2919328,2918796,2918264,2915604,0,81704,0,53568,-162,-39,8250,2631496,-443633,1342772592,10377,-887266,2183468,3349052,2703,-16777216,0,654,0,0,4424548,2,1,4218225,150,16777216,32510,41,0,0,1,2918264,62819,54969,147269,128269,1279,1346,6824,47818876,15039354,0,42,0,4,0,33,261160,81821,629,78,0,1826,758,6824,47818876,15039354,0,4106,4085,0,1,20644179,20590469,4195330,2924116,2916668,9,3355,3602,0,0,-117,-126,-126,1329,81192,90000,758,116153,2863,0,0,0,0,0,0,-1,0,0,0,-26,4097,0,-215,0,19136753,0,0,0,0,2920924,56611321,56831041,57050761,0,35167,0,0,-4214333,12006888,20394,-2007428216,0,-157965158,0,0,0,0,0,81192,-123,-443633,1,0
79,2025-10-29T11:43:19.562,2,,2915604,2918264,2915604,2918264,2919328,2918796,2918264,2915604,0,82334,0,53359,-257,-95,8250,1622366,-1009130,-1520538938,10458,-2018260,2183468,3349052,2703,-16777216,0,654,0,0,4424548,2,1,4300559,150,16777216,32510,41,0,0,1,2918264,62819,54969,147269,128269,1279,1346,6824,47818876,15039354,0,42,0,4,0,33,261500,82450,629,27,0,1835,758,6824,47818876,15039354,0,4106,4085,0,1,20644179,20590611,4195330,2924116,2916668,8,3390,3611,0,0,-122,-128,-128,1336,81821,90000,758,116190,2884,0,0,0,0,0,0,-1,0,0,0,-26,4097,0,-215,0,19136753,0,0,0,0,2920924,56611321,56831041,57050761,0,35167,0,0,-4294761,11990300,20443,-2004701992,0,-157965158,0,0,0,0,0,81821,-162,-1009130,1,0
80,2025-10-29T11:43:19.661,2,,2915604,2918264,2915604,2918264,2919328,2918796,2918264,2915604,0,83591,0,52653,-462,-115,8250,-214707,-1021538,1342772594,10619,-2043076,2183468,3349052,2703,-16777216,0,654,0,0,4424548,2,1,4467114,150,16777216,32510,41,0,0,1,2918264,62819,54969,147269,128269,1279,1346,6824,47818876,15039354,0,42,0,4,0,33,262191,83702,625,17,0,1852,757,6824,47818876,15039354,0,4106,4085,0,1,20644179,20591122,4195330,2924116,2916668,6,3457,3626,0,0,-132,-132,-132,1350,83077,90000,757,116512,2920,0,0,0,0,0,0,-1,0,0,0,-26,4097,0,-215,0,19136753,0,0,0,0,2920924,56611321,56831041,57050761,0,35167,0,0,-4457270,11955814,20609,-1999187060,0,-157965158,0,0,0,0,0,83077,-347,-1021538,1,0
81,2025-10-29T11:43:19.761,2,,2915604,2918264,2915604,2918264,2919328,2918796,2918264,2915604,0,84216,0,52092,-660,-198,8250,-2123066,-1908359,-1520538936,10699,-3816718,2183468,3349052,2703,-16777216,0,654,0,0,4424548,2,1,4551330,150,16777216,32510,41,0,0,1,2918264,62819,54969,147269,128269,1279,1346,6824,47818876,15039354,0,42,0,4,0,33,262543,84323,621,-62,0,1862,757,6824,47818876,15039354,0,4106,4085,0,1,20644179,20591526,4195330,2924116,2916668,5,3487,3630,0,0,-136,-134,-134,1358,83703,90000,757,116724,2937,0,0,0,0,0,0,-1,0,0,0,-26,4097,0,-215,0,19136753,0,0,0,0,2920924,56611321,56831041,57050761,0,35167,0,0,-4539405,11938192,20741,-1996398520,0,-157965158,0,0,0,0,0,83702,-462,-1908359,1,0
82,2025-10-29T11:43:19.861,2,,2915604,2918264,2915604,2918264,2919328,2918796,2918264,2915604,0,85459,0,50456,-989,-177,8250,-4753029,-1426794,1342772596,10859,-2853588,2183468,3349052,2703,-16777216,0,654,0,0,4424548,2,1,4721627,150,16777216,32510,41,0,0,1,2918264,62819,54969,147269,128269,1279,1346,6824,47818876,15039354,0,42,0,4,0,33,263234,85561,617,-31,0,1881,756,6824,47818876,15039354,0,4106,4085,0,1,20644179,20592823,4195330,2922520,2916668,3,3536,3628,0,0,-146,-138,-138,1373,84947,90000,756,116994,2973,0,0,0,0,0,0,-1,0,0,0,-26,4097,0,-215,0,19136753,0,0,0,0,2920924,56611321,56831041,57050761,0,35167,0,0,-4705338,11901783,21126,-1990759684,0,-157965158,0,0,0,0,0,84944,-812,-1426794,1,0
83,2025-10-29T11:43:19.962,2,,2915604,2918264,2915604,2918264,2919328,2918796,2918264,2915604,0,86075,0,49342,-1240,-251,8250,-6949450,-2196421,-1520538934,10939,-4392842,2183468,3349052,2703,-16777216,0,654,0,0,4424548,2,1,4807702,150,16777216,32510,41,0,0,1,2918264,62819,54969,147269,128269,1279,1346,6824,47818876,15039354,0,42,0,4,0,33,263514,86174,613,-100,0,1891,756,6824,47818876,15039354,0,4106,4085,0,1,20644179,20593723,4195330,2922520,2916668,2,3553,3624,0,0,-151,-140,-140,1381,85566,90000,756,117318,2987,0,0,0,0,0,0,-1,0,0,0,-26,4097,0,-215,0,19136753,0,0,0,0,2920924,56611321,56831041,57050761,0,35167,0,0,-4789189,11883249,21388,-1987909588,0,-157965158,0,0,0,0,0,85561,-989,-2196421,1,0
84,2025-10-29T11:43:20.064,2,,2915604,2918264,2915604,2918264,2919328,2918796,2918264,2915604,0,87109,0,46389,-1629,-110,8250,-9686693,-370990,1342772598,11093,-741980,2183468,3349052,2703,-16777216,0,654,0,0,4424548,2,1,4981478,150,16777216,32510,41,0,0,1,2918264,62819,54969,147269,128269,1279,1346,6824,47818876,15039354,0,42,0,4,0,33,264207,87393,610,45,0,1908,755,6824,47818876,15039354,0,4105,4086,0,1,20644179,20596216,4195330,2922520,2916668,15,3607,3622,0,0,-155,-144,-144,1395,86796,90000,755,117635,3021,0,0,0,0,0,0,-1,0,0,0,-26,4097,0,-213,0,19136753,0,0,0,0,2920924,56611321,56831041,57050761,0,35167,0,0,-4958066,11844009,22082,-1982192790,0,-157965158,1,0,0,0,0,86783,-1519,-370990,1,0
85,2025-10-29T11:43:20.162,2,,2915604,2918264,2915604,2918264,2919328,2918796,2918264,2915604,0,87867,0,44708,-1734,-105,8250,-10239593,-552900,-1520538932,11150,-1105800,2183468,3349052,2703,-16777216,0,654,0,0,4424548,2,1,5069345,150,16777216,32510,41,0,0,1,2918264,62819,54969,147269,128269,1279,1346,6824,47818876,15039354,0,42,0,4,0,33,264804,88002,609,41,0,1913,756,6824,47818876,15039354,0,4104,4087,0,1,21863530,21817141,4195330,2922520,2916668,14,4904,4899,0,0,-146,-146,-146,1399,87408,90000,756,117771,3039,0,0,0,0,0,0,-1,0,0,0,-26,4097,0,-213,0,19136753,0,0,0,0,2920924,56611321,56831041,57050761,0,35167,0,0,-5043579,11824546,22478,-1979445650,0,-157965158,1,0,0,0,0,87393,-1629,-552900,1,0
86,2025-10-29T11:43:20.265,2,,2915604,2918264,2915604,2918264,2919328,2918796,2918264,2915604,0,89079,0,41382,-1551,132,8250,-7095054,1932901,1342772600,11325,3865802,2183468,3349052,2703,-16777216,0,654,0,0,4424548,2,1,5246899,150,16777216,32510,41,0,0,1,2918264,62819,54969,147269,128269,1279,1346,6824,47818876,15039354,0,42,0,4,0,33,265536,89206,599,287,0,1915,756,6824,47818876,15039354,0,4104,4087,0,1,21863530,21820531,4195330,2922520,2916668,12,4987,4915,0,0,-155,-146,-146,1400,88622,90000,756,117918,3077,0,0,0,0,0,0,-1,0,0,0,-26,4097,0,-213,0,19136753,0,0,0,0,2920924,56611321,56831041,57050761,0,35167,0,0,-5216082,11783877,23260,-1973894466,0,-157965158,1,0,0,0,0,88607,-1683,1932901,1,0
87,2025-10-29T11:43:20.362,2,,2915604,2918264,2915604,2918264,2919328,2918796,2918264,2915604,0,89657,0,39872,-1469,82,8250,-5961476,1133578,-1520538930,11402,2267156,2183468,3349052,2703,-16777216,0,654,0,0,4424548,2,1,5336556,150,16777216,32510,41,0,0,1,2918264,62819,54969,147269,128269,1279,1346,6824,47818876,15039354,0,42,0,4,0,33,265968,89804,598,242,0,1923,755,6824,47818876,15039354,0,4103,4088,0,1,21863530,21822148,4195330,2922520,2916668,11,5020,4915,0,0,-160,-148,-148,1407,89219,90000,755,117968,3097,0,0,0,0,0,0,-1,0,0,0,-26,4097,0,-213,0,19136753,0,0,0,0,2920924,56611321,56831041,57050761,0,35167,0,0,-5303056,11762752,23616,-1971091362,0,-157965158,1,0,0,0,0,89206,-1551,1133578,1,0
88,2025-10-29T11:43:20.465,2,,2915604,2918264,2915604,2918264,2919328,2918796,2918264,2915604,0,90847,0,37208,-1180,159,8250,-2627107,1763654,1342772602,11552,3527308,2183468,3349052,2703,-16777216,0,654,0,0,4424548,2,1,5517657,150,16777216,32510,41,0,0,1,2918264,62819,54969,147269,128269,1279,1346,6824,47818876,15039354,0,42,0,4,0,33,266711,90989,591,329,0,1942,755,6824,47818876,15039354,0,4103,4088,0,1,21863530,21825062,4195330,2925712,2916668,9,5086,4915,0,0,-170,-152,-152,1422,90407,90000,755,118282,3130,0,0,0,0,0,0,-1,0,0,0,-26,4097,0,-213,0,19136753,0,0,0,0,2920924,56611321,56831041,57050761,0,35167,0,0,-5478327,11718392,24242,-1965429282,0,-157965158,1,0,0,0,0,90398,-1339,1763654,1,0
89,2025-10-29T11:43:20.563,2,,2915604,2918264,2915604,2918264,2919328,2918796,2918264,2915604,0,91416,0,36084,-1067,113,8250,-1513610,1113497,-1520538928,11628,2226994,2183468,3349052,2703,-16777216,0,654,0,0,4424548,2,1,5609073,150,16777216,32510,41,0,0,1,2918264,62819,54969,147269,128269,1279,1346,6824,47818876,15039354,0,42,0,4,0,33,267154,91578,589,287,0,1950,754,6824,47818876,15039354,0,4102,4089,0,1,21863530,21826322,4195330,2925712,2916668,8,5119,4915,0,0,-174,-154,-154,1429,90996,90000,754,118529,3144,0,0,0,0,0,0,-1,0,0,0,-26,4097,0,-213,0,19136753,0,0,0,0,2920924,56611321,56831041,57050761,0,35167,0,0,-5566636,11695337,24507,-1962571184,0,-157965158,1,0,0,0,0,90989,-1180,1113497,1,0
90,2025-10-29T11:43:20.662,2,,2915604,2918264,2915604,2918264,2919328,2918796,2918264,2915604,0,92591,0,34225,-805,117,8250,982984,1060958,1342772604,11776,2121916,2183468,3349052,2703,-16777216,0,654,0,0,4424548,2,1,5793669,150,16777216,32510,41,0,0,1,2918264,62819,54969,147269,128269,1279,1346,6824,47818876,15039354,0,42,0,4,0,33,267964,92749,585,301,0,1970,754,6824,47818876,15039354,0,4102,4089,0,1,21863530,21828441,4195330,2925712,2916668,6,5185,4915,0,0,-184,-158,-158,1445,92168,90000,754,118841,3176,0,0,0,0,0,0,-1,0,0,0,-26,4097,0,-213,0,19136753,0,0,0,0,2920924,56611321,56831041,57050761,0,35167,0,0,-5744506,11647061,24944,-1956799834,0,-157965158,1,0,0,0,0,92164,-922,1060958,1,0
91,2025-10-29T11:43:20.762,2,,2915604,2918264,2915604,2918264,2919328,2918796,2918264,2915604,0,93174,0,33490,-664,141,8250,2294865,1311881,-1520538926,11851,2623762,2183468,3349052,2703,-16777216,0,654,0,0,4424548,2,1,5886843,150,16777216,32510,41,0,0,1,2918264,62819,54969,147269,128269,1279,1346,6824,47818876,15039354,0,42,0,4,0,33,268375,93330,581,330,0,1979,753,6824,47818876,15039354,0,4102,4089,0,1,21863530,21829305,4195330,2925712,2916668,5,5217,4915,0,0,-189,-160,-160,1452,92752,90000,753,119082,3190,0,0,0,0,0,0,-1,0,0,0,-26,4097,0,-213,0,19136753,0,0,0,0,2920924,56611321,56831041,57050761,0,35167,0,0,-5834101,11622008,25117,-1953886770,0,-157965158,1,0,0,0,0,92749,-805,1311881,1,0
92,2025-10-29T11:43:20.864,2,,2915604,2918264,2915604,2918264,2919328,2918796,2918264,2915604,0,94335,0,32367,-466,92,8250,3916577,735963,1342772606,12001,1471926,2183468,3349052,2703,-16777216,0,654,0,0,4424548,2,1,6074934,150,16777216,32510,41,0,0,1,2918264,62819,54969,147269,128269,1279,1346,6824,47818876,15039354,0,42,0,4,0,33,269218,94487,577,290,0,1997,752,6824,47818876,15039354,0,4102,4089,0,1,21863530,21830651,4195330,2925712,2916668,3,5283,4915,0,0,-198,-164,-164,1467,93911,90000,752,119274,3224,0,0,0,0,0,0,-1,0,0,0,-26,4097,0,-213,0,19136753,0,0,0,0,2920924,56611321,56831041,57050761,0,35167,0,0,-6014501,11569783,25381,-1948006152,0,-157965158,1,0,0,0,0,93910,-558,735963,1,0
93,2025-10-29T11:43:20.962,2,,2915604,2918264,2915604,2918264,2919328,2918796,2918264,2915604,0,94913,0,31923,-422,44,8250,4156895,240318,-1520538924,12075,480636,2183468,3349052,2703,-16777216,0,654,0,0,4424548,2,1,6169847,150,16777216,32510,41,0,0,1,2918264,62819,54969,147269,128269,1279,1346,6824,47818876,15039354,0,42,0,4,0,33,269627,95064,577,247,0,2007,752,6824,47818876,15039354,0,4102,4089,0,1,21863530,21831163,4195330,2925712,2916668,2,5315,4915,0,0,-203,-166,-166,1475,94488,90000,752,119396,3241,0,0,0,0,0,0,-1,0,0,0,-26,4097,0,-213,0,19136753,0,0,0,0,2920924,56611321,56831041,57050761,0,35167,0,0,-6105342,11542766,25485,-1945038718,0,-157965158,1,0,0,0,0,94487,-466,240318,1,0
94,2025-10-29T11:43:21.061,2,,2915604,2918264,2915604,2918264,2919328,2918796,2918264,2915604,0,96040,0,31169,-342,29,8250,4728749,182164,1342772608,12220,364328,2183468,3349052,2703,-16777216,0,654,0,0,4424548,2,1,6361354,150,16777216,32510,41,0,0,1,2918264,62819,54969,147269,128269,1279,1346,6824,47818876,15039354,0,42,0,4,0,33,270553,96210,572,241,0,2025,751,6824,47818876,15039354,0,4101,4090,0,1,21863530,21832004,4195330,2925712,2916668,15,5379,4915,0,0,-212,-170,-170,1490,95638,90000,751,119435,3279,0,0,0,0,0,0,-1,0,0,0,-26,4097,0,-211,0,19136753,0,0,0,0,2920924,56611321,56831041,57050761,0,35167,0,0,-6288219,11486869,25662,-1939051298,0,-157965158,1,0,0,0,0,95638,-371,182164,1,0
95,2025-10-29T11:43:21.166,2,,2915604,2918264,2915604,2918264,2919328,2918796,2918264,2915604,0,96613,0,30815,-366,-24,8250,4400806,-327943,-1520538922,12293,-655886,2183468,3349052,2703,-16777216,0,654,0,0,4424548,2,1,6457967,150,16777216,32510,41,0,0,1,2918264,62819,54969,147269,128269,1279,1346,6824,47818876,15039354,0,42,0,4,0,33,271005,96782,572,193,0,2034,751,6824,47818876,15039354,0,4101,4090,0,1,21863530,21832361,4195330,2923052,2916668,14,5410,4915,0,0,-217,-172,-172,1497,96210,90000,751,119494,3297,0,0,0,0,0,0,-1,0,0,0,-26,4097,0,-211,0,19136753,0,0,0,0,2920924,56611321,56831041,57050761,0,35167,0,0,-6380282,11458028,25746,-1936030716,0,-157965158,1,0,0,0,0,96210,-342,-327943,1,0
96,2025-10-29T11:43:21.266,2,,2915604,2918264,2915604,2918264,2919328,2918796,2918264,2915604,0,97753,0,30034,-432,-49,8250,3833055,-424228,1342772610,12439,-848456,2183468,3349052,2703,-16777216,0,654,0,0,4424548,2,1,6652904,150,16777216,32510,41,0,0,1,2918264,62819,54969,147269,128269,1279,1346,6824,47818876,15039354,0,42,0,4,0,33,271925,97919,568,179,0,2053,750,6824,47818876,15039354,0,4101,4090,0,1,21863530,21833089,4195330,2923052,2916668,12,5474,4915,0,0,-228,-176,-176,1513,97351,90000,750,119631,3333,0,0,0,0,0,0,-1,0,0,0,-26,4097,0,-211,0,19136753,0,0,0,0,2920924,56611321,56831041,57050761,0,35167,0,0,-6565696,11398734,25929,-1929936058,0,-157965158,1,0,0,0,0,97351,-383,-424228,1,0
97,2025-10-29T11:43:21.364,2,,2915604,2909752,2915604,2918264,2919328,2918796,2909752,2915604,0,98321,0,29571,-495,-63,8250,3337619,-495436,-1520538920,12512,-990872,2183468,3349052,2703,-16777216,0,654,0,0,4424548,2,1,6751225,150,16777216,32510,41,0,0,1,2918264,62819,54969,147269,128269,1279,1346,6824,47818876,15039354,0,42,0,4,0,33,272389,98485,566,170,0,2063,750,6824,47818876,15039354,0,4101,4090,0,1,21863530,21833496,4195330,2923052,2916668,11,5509,4915,0,0,-233,-178,-178,1521,97919,90000,750,119881,3345,0,0,0,0,0,0,-1,0,0,0,-26,4097,0,-211,0,19136753,0,0,0,0,2920924,56611321,56831041,57050761,0,35167,0,0,-6659012,11368192,26038,-1926862076,0,-157965158,1,0,0,0,0,97919,-432,-495436,1,0
98,2025-10-29T11:43:21.468,2,,2909752,2918264,2915604,2918264,2919328,2918796,2918264,2909752,0,99445,0,28582,-477,26,8250,3972007,484279,1342772612,12657,968558,2183468,3349052,2703,-16777216,0,654,0,0,4424548,2,1,6949556,150,16777216,32510,41,0,0,1,2918264,62819,54969,147269,128269,1279,1346,6824,47818876,15039354,0,42,0,4,0,33,88329,99604,557,269,0,2081,749,6824,47818876,15039354,0,4101,4090,0,1,21863530,21834458,4195330,2923052,2916668,9,5563,4915,0,0,-243,-182,-182,1536,99048,90000,749,120253,3373,0,0,0,0,0,0,-1,0,0,0,-26,4097,0,-211,0,19136753,0,0,0,0,2920924,56611321,56831041,57050761,0,35167,0,0,-6846902,11305521,26271,-1920661304,0,-157965158,1,0,0,0,0,99047,-503,484279,1,0
99,2025-10-29T11:43:21.566,2,,2909752,2918264,2915604,2918264,2919328,2918796,2918264,2909752,0,100000,0,28161,-364,113,8250,5291418,1319411,-1520538918,12729,2638822,2183468,3349052,2703,-16777216,0,654,0,0,4424548,2,1,7049556,150,16777216,32510,41,0,0,1,2918264,62819,54969,147269,128269,1279,1346,6824,47818876,15039354,0,42,0,4,0,33,273765,100155,551,360,0,2091,749,6824,47818876,15039354,0,4101,4090,0,1,21863530,21834948,4195330,2923052,2916668,8,5600,4915,0,0,-247,-184,-184,1544,99605,90000,749,120376,3389,0,0,0,0,0,0,-1,0,0,0,-26,4097,0,-211,0,19136753,0,0,0,0,2920924,56611321,56831041,57050761,0,35167,0,0,-6941377,11273141,26370,-1917534828,0,-157965158,1,0,0,0,0,99604,-477,1319411,1,0
100,2025-10-29T11:43:21.661,2,,2915604,2918264,2915604,2918264,2919328,2918796,2918264,2915604,0,101012,0,27600,-233,29,8250,-114830,-3598636,1342772614,12873,-7197272,2183468,3349052,2703,-16777216,0,654,0,0,4424548,2,1,7251140,150,16777216,32510,41,0,0,1,2918264,62819,54969,147269,128269,1279,1346,6824,47818876,15039354,0,42,0,4,0,33,274350,101300,575,-166,0,1952,765,6824,47818876,15039354,0,4096,4096,0,0,0,0,4195330,2923052,2916668,6,5664,4915,0,0,195,-184,-189,1430,100725,90000,765,120465,3424,0,0,0,0,0,0,-1,0,0,0,-26,4097,0,-211,0,19136753,0,0,0,0,2920924,56611321,56831041,57050761,0,35167,0,0,-7131763,11206967,25361,-1916370183,-6759161,-157965158,2,0,0,0,0,100725,-262,-3598636,1,0
101,2025-10-29T11:43:21.761,2,,2915604,2918264,2915604,2918264,2919328,2918796,2918264,2915604,0,101585,0,27315,-337,-104,8250,-3909738,-3794908,-1520538916,12929,-7589816,2178652,3349052,2703,-16777216,0,654,0,0,4424548,2,1,7352725,150,16777216,32510,41,0,0,1,2918264,62819,54969,147269,128269,1279,1346,6824,47818876,15039354,0,42,0,4,0,38,275152,101871,571,-299,0,1960,765,6824,47818876,15039354,0,4096,4096,0,0,0,0,4260866,2923052,2916668,5,5705,4915,0,0,195,-183,-191,1437,101300,90000,10479,120465,3444,0,273,273,1,0,-3187,-1,0,0,0,-26,4097,0,-221,0,19119915,0,0,0,0,2920924,56611321,56831041,57050761,0,35167,0,0,-7227689,11173542,24641,-1916370183,-2753732,-157965158,2,0,0,0,0,101300,-233,-3794908,1,0
102,2025-10-29T11:43:21.866,2,,2915604,2918264,2915604,2918264,2919328,2918796,2918264,2915604,0,102957,0,26426,-602,-182,8250,7051637,5790694,1342772616,13112,11581388,2178652,3349052,2703,-16777216,0,654,0,0,4424548,2,1,7558119,150,16777216,32510,41,0,0,1,2918264,62819,54969,147269,128269,1279,1346,6824,47818876,15039354,0,42,0,4,0,38,275892,102910,505,756,0,2295,730,6824,47818876,15039354,0,4108,4083,0,1,9039866,9012929,4260866,2916136,2916668,3,5761,4915,0,0,-938,-196,-195,1716,102405,90000,10426,120235,3488,0,273,819,1,0,-3187,-1,0,0,0,-26,4097,0,-221,0,19119915,0,0,0,0,2920924,56611321,56831041,57050761,0,35167,0,0,-7420714,11104848,24851,-1903442409,417232,-158196584,3,0,0,0,0,102405,-420,5790694,1,0
103,2025-10-29T11:43:21.965,2,,2915604,2918264,2915604,2918264,2919328,2918796,2918264,2915604,0,103463,0,25695,-861,-259,8250,9849399,2797762,-1520538914,13178,5595524,2178652,3349052,2703,-16777216,0,654,0,0,4424548,2,1,7661582,150,16777216,32510,41,0,0,1,2918264,62819,54969,147269,128269,1279,1346,6824,47818876,15039354,0,42,0,4,0,38,276347,103415,505,689,0,2306,729,6824,47818876,15039354,0,4108,4084,0,1,9039866,9013440,4260866,2916136,2916668,2,5790,4915,0,0,-948,-198,-197,1725,102911,90000,10459,120029,3511,0,273,1092,1,0,-3187,-1,0,0,0,-26,4097,0,-221,0,19119915,0,0,0,0,2920924,56611321,56831041,57050761,0,35167,0,0,-7517430,11068943,25133,-1895618961,834464,-158553976,3,0,0,0,0,102910,-602,2797762,1,0
104,2025-10-29T11:43:22.061,2,,2915604,2918264,2915604,2918264,2919328,2918796,2918264,2915604,0,104440,0,23603,-1281,-259,8250,12473103,329736,1342772618,13304,659472,2178652,3349052,2703,-16777216,0,654,0,0,4424548,2,1,7869962,150,16777216,32510,41,0,0,1,2918264,62819,54969,147269,128269,1279,1346,6824,47818876,15039354,0,42,0,4,0,38,277172,104410,498,710,0,2327,728,6824,47818876,15039354,0,4107,4084,0,1,9039866,9015112,4260866,2916136,2916668,15,5845,4915,0,0,-969,-203,-201,1744,103917,90000,10498,119677,3556,0,273,1638,1,0,-3187,-1,0,0,0,-26,4097,0,-221,0,19119915,0,0,0,0,2920924,56611321,56831041,57050761,0,35167,0,0,-7711181,10993792,25993,-1879862119,1418589,-159722822,3,0,0,0,0,103912,-1022,329736,1,0
105,2025-10-29T11:43:22.165,2,,2915604,2918264,2915604,2918264,2919328,2918796,2918264,2915604,0,104910,0,22233,-1460,-179,8250,12951613,478510,-1520538912,13368,957020,2178652,3349052,2703,-16777216,0,654,0,0,4424548,2,1,7974872,150,16777216,32510,41,0,0,1,2918264,62819,54969,147269,128269,1279,1346,6824,47818876,15039354,0,42,0,4,0,38,277609,104902,492,801,0,2338,728,6824,47818876,15039354,0,4106,4085,0,1,9039866,9016263,4260866,2916136,2916668,14,5872,4915,0,0,-980,-205,-203,1753,104417,90000,10528,119412,3581,0,273,1911,1,0,-3187,-1,0,0,0,-26,4097,0,-221,0,19119915,0,0,0,0,2920924,56611321,56831041,57050761,0,35167,0,0,-7808198,10954557,26570,-1871929253,1668928,-160521462,3,0,0,0,0,104410,-1281,478510,1,0
106,2025-10-29T11:43:22.261,2,,2915604,2918264,2915604,2918264,2919328,2918796,2918264,2915604,0,105869,0,18780,-2005,-284,8250,10958914,-1224309,1342772620,13492,-2448618,2178652,3349052,2703,-16777216,0,654,0,0,4424548,2,1,8186145,150,16777216,32510,41,0,0,1,2918264,62819,54969,147269,128269,1279,1346,6824,47818876,15039354,0,42,0,4,0,38,278398,105883,489,714,0,2362,726,6824,47818876,15039354,0,4105,4086,0,1,9039866,9019223,4260866,2916136,2916668,12,5925,4915,0,0,-998,-210,-207,1774,105408,90000,10585,118576,3640,0,273,2457,1,0,-3187,-1,0,0,0,-26,4097,0,-221,0,19119915,0,0,0,0,2920924,56611321,56831041,57050761,0,35167,0,0,-8002498,10872763,28032,-1855953655,2253053,-162506902,3,0,0,0,0,105394,-1721,-1224309,1,0
107,2025-10-29T11:43:22.364,2,,2915604,2918264,2915604,2918264,2919328,2918796,2918264,2915604,0,106328,0,16726,-2103,-98,8250,11306671,347757,-1520538910,13551,695514,2178652,3349052,2703,-16777216,0,654,0,0,4424548,2,1,8292473,150,16777216,32510,41,0,0,1,2918264,62819,54969,147269,128269,1279,1346,6824,47818876,15039354,0,42,0,4,0,38,278799,106362,479,910,0,2374,726,6824,47818876,15039354,0,4104,4087,0,1,9039866,9021086,4260866,2916136,2916668,11,5950,4915,0,0,-1008,-212,-209,1784,105901,90000,10604,118241,3667,0,273,2730,1,0,-3187,-1,0,0,0,-26,4097,0,-221,0,19119915,0,0,0,0,2920924,56611321,56831041,57050761,0,35167,0,0,-8099710,10830164,28908,-1847913565,2503392,-163678906,3,0,0,0,0,105883,-2005,347757,1,0
108,2025-10-29T11:43:22.462,2,,2915604,2918796,2915604,2918796,2919328,2918796,2918796,2915604,0,107219,0,12169,-2468,-196,8250,9808898,-927829,1342772622,13668,-1855658,2178652,3349052,2703,-16777216,0,654,0,0,4424548,2,1,8506473,150,16777216,32510,41,0,0,1,2918264,62819,54969,147269,128269,1279,1346,6824,47818876,15039354,0,42,0,4,0,38,279602,107315,476,829,0,2399,724,6824,47818876,15039354,0,4102,4089,-1,1,9039866,9025327,4260866,2925180,2916668,9,6001,4915,0,0,-1025,-216,-212,1805,106863,90000,10663,117441,3726,0,273,3276,1,0,-3187,-1,0,0,0,-26,4097,0,-221,0,19119915,0,0,0,0,2920924,56611321,56831041,57050761,0,35167,0,0,-8294068,10741327,30898,-1831731761,2920624,-166338560,3,0,0,0,0,106839,-2272,-927829,1,0
109,2025-10-29T11:43:22.561,2,,2915604,2918796,2915604,2918796,2919328,2918796,2918796,2915604,0,107664,0,9688,-2495,-27,8250,10354781,545883,-1520538908,13724,1091766,2178652,3349052,2703,-16777216,0,654,0,0,4424548,2,1,8614137,150,16777216,32510,41,0,0,1,2918264,62819,54969,147269,128269,1279,1346,6824,47818876,15039354,0,42,0,4,0,38,280600,107781,466,1006,0,2410,723,6824,47818876,15039354,0,4101,4090,-1,1,9039866,9027697,4260866,2925180,2916668,8,6026,4915,0,0,-1033,-218,-214,1815,107343,90000,10689,117281,3747,0,273,3549,1,0,-3187,-1,0,0,0,-26,4097,0,-221,0,19119915,0,0,0,0,2920924,56611321,56831041,57050761,0,35167,0,0,-8391165,10695050,32005,-1823590651,3087517,-167806463,3,0,0,0,0,107315,-2468,545883,1,0
110,2025-10-29T11:43:22.666,2,,2915604,2918796,2915604,2918796,2919328,2918796,2918796,2915604,0,108546,0,4420,-2795,-172,8250,8830119,-976395,1342772624,13837,-1952790,2178652,3349052,2703,-16777216,0,654,0,0,4424548,2,1,8830789,150,16777216,32510,41,0,0,1,2918264,62819,54969,147269,128269,1279,1346,6824,47818876,15039354,0,42,0,4,0,38,270135,108713,465,877,0,2435,722,6824,47818876,15039354,0,4099,4092,-1,1,9039866,9032737,4260866,2925180,2916668,6,6076,4915,0,0,-1049,-223,-218,1837,108279,90000,10717,116259,3813,0,273,4095,1,0,-3187,-1,0,0,0,-26,4097,0,-221,0,19119915,0,0,0,0,2920924,56611321,56831041,57050761,0,35167,0,0,-8585057,10598639,34409,-1807208313,3421303,-170979126,3,0,0,0,0,108248,-2623,-976395,1,0
111,2025-10-29T11:43:22.764,2,,2915604,2918796,2915604,2918796,2919328,2918796,2918796,2915604,0,108979,0,1612,-2821,-26,8250,9160497,330378,-1520538906,13894,660756,2178652,3349052,2703,-16777216,0,654,0,0,4424548,2,1,8939768,150,16777216,32510,41,0,0,1,2918264,62819,54969,147269,128269,1279,1346,6824,47818876,15039354,0,42,0,1,0,38,261617,109166,453,1030,0,2447,718,6824,47818876,15039354,0,4098,4093,-1,1,9039866,9035446,4195330,2925180,2916668,5,6097,4915,0,0,-1056,-225,-220,1848,108748,0,10731,116109,3835,0,0,0,1,0,-3187,-1,0,0,0,-26,4097,0,-221,0,19119915,0,0,0,0,2920924,56611321,56831041,57050761,0,35167,0,0,-8681819,10548509,35710,-1798967767,3588196,-172663968,3,0,0,0,0,108713,-2795,330378,1,0
112,2025-10-29T11:43:22.866,2,,2915604,2918796,2915604,2918796,2919328,2918796,2918796,2915604,0,109797,0,-4288,-3057,-95,8250,7974713,-384343,1342772626,14000,-768686,2178652,3349052,2703,-16777216,0,654,0,0,4424548,2,1,9158943,150,16777216,32510,41,0,0,1,2918264,62819,54969,147269,128269,1279,1346,6824,47818876,15039354,0,42,0,1,0,38,241725,110059,442,976,0,2474,709,6824,47818876,15039354,0,4095,4096,-1,1,9039866,9041145,4195330,2925180,2916668,3,6142,4915,0,0,-1071,-229,-224,1871,109657,0,10751,148224,3029,0,0,0,1,0,-3187,-1,0,0,0,-26,4097,0,-221,0,19119915,0,0,0,0,2920924,56611321,56831041,57050761,0,35167,0,0,-8874774,10444338,38480,-1782394651,3838535,-176176378,3,0,0,0,0,109617,-2962,-384343,1,0
113,2025-10-29T11:43:22.964,2,,2915604,2918796,2915604,2918796,2919328,2918796,2918796,2915604,0,110204,0,-7281,-2929,128,8250,9512237,1537524,-1520538904,14054,3075048,2178652,3349052,2703,-16777216,0,654,0,0,4424548,2,1,9269147,150,16777216,32510,41,0,0,1,2918264,62819,54969,147269,128269,1279,1346,6824,47818876,15039354,0,42,0,1,0,38,229635,110485,426,1206,0,2486,704,6824,47818876,15039354,0,4094,4097,-1,1,9039866,9044154,4195330,2925180,2916668,2,6176,4915,0,0,-1078,-231,-226,1882,110101,0,10826,148217,3041,0,0,0,1,0,-3187,-1,0,0,0,-26,4097,0,-221,0,19119915,0,0,0,0,2920924,56611321,56831041,57050761,0,35167,0,0,-8970885,10390193,39920,-1774061475,3921981,-177988659,3,0,0,0,0,110059,-3057,1537524,1,0
114,2025-10-29T11:43:23.062,2,,2915604,2918796,2915604,2918796,2919328,2918796,2918796,2915604,0,111036,0,-12947,-2754,70,8250,7131827,-1978950,1342772628,14157,-3957900,2178652,3349052,2703,-16777216,0,654,0,0,4424548,2,1,9490784,150,16777216,32510,41,0,0,1,2918264,62819,54969,147269,128269,1279,1346,6824,47818876,15039354,0,42,0,1,0,38,205476,111368,445,754,0,2385,709,6824,47818876,15039354,0,4092,4099,0,1,13115030,13125188,4195330,2925180,2916668,15,6226,4915,0,0,-684,-235,-229,1794,110958,0,10960,148205,3065,0,0,0,1,0,-3187,-1,0,0,0,-26,4097,0,-219,0,19119915,0,0,0,0,2920924,56611321,56831041,57050761,0,35167,0,0,-9162229,10277867,42787,-1761196295,4088874,-181662589,4,0,0,0,0,110923,-2824,-1978950,1,0
115,2025-10-29T11:43:23.161,2,,2915604,2918796,2915604,2918796,2919328,2918796,2918796,2915604,0,111448,0,-15571,-2494,260,8250,7691046,559219,-1520538902,14212,1118438,2178652,3349052,2703,-16777216,0,654,0,0,4424548,2,1,9602232,150,16777216,32510,41,0,0,1,2918264,62819,54969,147269,128269,1279,1346,6824,47818876,15039354,0,42,0,1,0,38,193539,111800,432,947,0,2397,705,6824,47818876,15039354,0,4091,4100,0,1,13115030,13127977,4195330,2925180,2916668,14,6250,4915,0,0,-687,-237,-231,1804,111402,0,10977,148200,3078,0,0,0,1,0,-3187,-1,0,0,0,-26,4097,0,-219,0,19119915,0,0,0,0,2920924,56611321,56831041,57050761,0,35167,0,0,-9257590,10219899,44193,-1755387583,4172321,-183508477,4,0,0,0,0,111368,-2754,559219,1,0
116,2025-10-29T11:43:23.263,2,,2915604,2918796,2915604,2918796,2919328,2918796,2918796,2915604,0,112270,0,-20010,-1935,289,8250,10114025,1411841,1342772630,14320,2823682,2178652,3349052,2703,-16777216,0,654,0,0,4424548,2,1,9826378,150,16777216,32510,41,0,0,1,2918264,62819,54969,147269,128269,1279,1346,6824,47818876,15039354,0,42,0,1,0,38,169838,112645,419,984,0,2418,697,6824,47818876,15039354,0,4090,4101,0,1,13115030,13132960,4195330,2925180,2916668,12,6298,4915,0,0,-695,-240,-234,1822,112248,0,11033,148179,3102,0,0,0,1,0,-3187,-1,0,0,0,-26,4097,0,-219,0,19119915,0,0,0,0,2920924,56611321,56831041,57050761,0,35167,0,0,-9447512,10100213,46817,-1743705009,4088874,-187165312,4,0,0,0,0,112226,-2224,1411841,1,0
117,2025-10-29T11:43:23.366,2,,2915604,2918796,2915604,2918796,2919328,2918796,2918796,2915604,0,112657,0,-21776,-1597,338,8250,12098695,1984670,-1520538900,14370,3969340,2178652,3349052,2703,-16777216,0,654,0,0,4424548,2,1,9939035,150,16777216,32510,41,0,0,1,2918264,62819,54969,147269,128269,1279,1346,6824,47818876,15039354,0,42,0,1,0,38,158173,113056,411,1038,0,2429,693,6824,47818876,15039354,0,4089,4102,0,1,13115030,13135040,4195330,2925180,2916668,11,6321,4915,0,0,-700,-242,-236,1832,112661,0,11027,148159,3114,0,0,0,1,0,-3187,-1,0,0,0,-26,4097,0,-219,0,19119915,0,0,0,0,2920924,56611321,56831041,57050761,0,35167,0,0,-9541943,10038426,48006,-1737833285,4088874,-188952572,4,0,0,0,0,112645,-1935,1984670,1,0
118,2025-10-29T11:43:23.461,2,,2915604,2918796,2915604,2918796,2919328,2918796,2918796,2915604,0,113438,0,-24302,-925,340,8250,16106327,2048822,1342772632,14472,4097644,2178652,3349052,2703,-16777216,0,654,0,0,4424548,2,1,10165537,150,16777216,32510,41,0,0,1,2918264,62819,54969,147269,128269,1279,1346,6824,47818876,15039354,0,42,0,1,0,38,135088,113860,400,1048,0,2451,684,6824,47818876,15039354,0,4088,4103,0,1,13115030,13138237,4195330,2925180,2916668,9,6366,4915,0,0,-708,-244,-239,1851,113467,0,11092,148053,3138,0,0,0,1,0,-3187,-1,0,0,0,-26,4097,0,-219,0,19119915,0,0,0,0,2920924,56611321,56831041,57050761,0,35167,0,0,-9729626,9910901,50075,-1726027915,3838535,-192391978,4,0,0,0,0,113460,-1265,2048822,1,0
119,2025-10-29T11:43:23.562,2,,2915604,2918796,2915604,2918796,2919328,2918796,2918796,2915604,0,113833,0,-25031,-533,392,8250,18621332,2515005,-1520538898,14520,5030010,2178652,3349052,2703,-16777216,0,654,0,0,4424548,2,1,10279370,150,16777216,32510,41,0,0,1,2918264,62819,54969,147269,128269,1279,1346,6824,47818876,15039354,0,42,0,1,0,38,122206,114252,392,1104,0,2460,681,6824,47818876,15039354,0,4088,4103,0,1,13115030,13139332,4195330,2925180,2916668,8,6387,4915,0,0,-712,-246,-241,1859,113863,0,11123,147947,3152,0,0,0,1,0,-3187,-1,0,0,0,-26,4097,0,-219,0,19119915,0,0,0,0,2920924,56611321,56831041,57050761,0,35167,0,0,-9822832,9845178,50929,-1720094897,3671642,-194015938,4,0,0,0,0,113860,-925,2515005,1,0
120,2025-10-29T11:43:23.666,2,,2915604,2918796,2915604,2918796,2919328,2918796,2918796,2915604,0,114605,0,-25256,280,378,8250,23711488,2252047,1342772634,14620,4504094,2178652,3349052,2703,-16777216,0,654,0,0,4424548,2,1,10508196,150,16777216,32510,41,0,0,1,2918264,62819,54969,147269,128269,1279,1346,6824,47818876,15039354,0,42,0,1,0,38,88014,115020,382,1098,0,2481,673,6824,47818876,15039354,0,4088,4103,0,1,13115030,13140377,4195330,2925180,2916668,6,6430,4915,0,0,-720,-249,-244,1877,114638,0,11193,147729,3178,0,0,0,1,0,-3187,-1,0,0,0,-26,4097,0,-219,0,19119915,0,0,0,0,2920924,56611321,56831041,57050761,0,35167,0,0,-10007663,9709540,52191,-1708168399,3254410,-197025360,4,0,0,0,0,114638,-98,2252047,1,0
121,2025-10-29T11:43:23.764,2,,2915604,2918796,2915604,2918796,2919328,2918796,2918796,2915604,0,114982,0,-24767,698,418,8250,26302212,2590724,-1520538896,14669,5181448,2178652,3349052,2703,-16777216,0,654,0,0,4424548,2,1,10623178,150,16777216,32510,41,0,0,1,2918264,62819,54969,147269,128269,1279,1346,6824,47818876,15039354,0,42,0,1,0,38,68291,115395,375,1141,0,2490,670,6824,47818876,15039354,0,4088,4103,0,1,13115030,13140286,4195330,2925180,2916668,5,6451,4915,0,0,-723,-251,-246,1885,115020,0,11224,147276,3198,0,0,0,1,0,-3187,-1,0,0,0,-26,4097,0,-219,0,19119915,0,0,0,0,2920924,56611321,56831041,57050761,0,35167,0,0,-10099288,9639712,52586,-1702175495,3004071,-198381735,4,0,0,0,0,115020,280,2590724,1,0
122,2025-10-29T11:43:23.866,2,,2915604,2918796,2915604,2918796,2919328,2918796,2918796,2915604,0,115716,0,-22427,1679,527,8250,32599386,3435068,1342772636,14765,6870136,2178652,3349052,2703,-16777216,0,654,0,0,4424548,2,1,10854247,150,16777216,32510,41,0,0,1,2918264,62819,54969,147269,128269,1279,1346,6824,47818876,15039354,0,42,0,1,0,38,29319,116123,360,1259,0,2508,662,6824,47818876,15039354,0,4088,4103,0,1,13115030,13138872,4195330,2926244,2916668,3,6485,4915,0,0,-732,-253,-249,1902,115768,0,10955,146405,3238,0,0,0,1,0,-3187,-1,0,0,0,-26,4097,0,-219,0,19119915,0,0,0,0,2920924,56611321,56831041,57050761,0,35167,0,0,-10280699,9495912,52820,-1690132091,2336499,-200741986,4,0,0,0,0,115763,1152,3435068,1,0
123,2025-10-29T11:43:23.961,2,,2918796,2915072,2918796,2915072,2919328,2918796,2915072,2918796,0,116105,0,-20555,2065,386,8250,34705321,2105935,-1520538894,14812,4211870,2178652,3349052,2703,-16777216,0,654,0,0,4424548,2,1,10970352,150,16777216,32510,41,0,0,1,2918264,62819,54969,147269,128269,1279,1346,6824,47818876,15039354,0,42,0,1,0,38,10138,116485,362,1123,0,2517,659,6824,47818876,15039354,0,4089,4103,0,1,13115030,13137457,4195330,2926244,2916668,2,6495,4915,0,0,-737,-254,-251,1910,116135,0,10240,146012,3257,0,0,0,1,0,-3187,-1,0,0,0,-26,4097,0,-219,0,19119915,0,0,0,0,2920924,56611321,56831041,57050761,0,35167,0,0,-10370400,9421874,52638,-1684080655,2002714,-201718085,4,0,0,0,0,116123,1679,2105935,1,0
124,2025-10-29T11:43:24.065,2,,2918796,2915072,2918796,2915072,2919328,2918796,2915072,2918796,0,116835,0,-15323,3189,584,8250,41896626,3729112,1342772638,14907,7458224,2178652,3349052,2703,-16777216,0,654,0,0,4424548,2,1,11203647,150,16777216,32510,41,0,0,1,2918264,62819,54969,147269,128269,1279,1346,6824,47818876,15039354,0,42,0,1,0,38,99819,117179,344,1329,0,2535,652,6824,47818876,15039354,0,4090,4101,0,1,13115030,13133250,4195330,2926244,2916668,15,6525,4915,0,0,-745,-257,-254,1926,116864,0,10080,143206,3341,0,0,0,1,0,-3187,-1,0,0,0,-26,4097,0,-216,0,19119915,0,0,0,0,2920924,56611321,56831041,57050761,0,35167,0,0,-10547727,9269705,51619,-1671921231,1168249,-203199106,4,0,0,0,0,116835,2605,3729112,1,0
125,2025-10-29T11:43:24.164,2,,2918796,2915072,2918796,2915072,2919328,2918796,2915072,2918796,0,117207,0,-11913,3631,442,8250,44302848,2406222,-1520538892,14955,4812444,2178652,3349052,2703,-16777216,0,654,0,0,4424548,2,1,11320854,150,16777216,32510,41,0,0,1,2918264,62819,54969,147269,128269,1279,1346,6824,47818876,15039354,0,42,0,1,0,38,84586,117524,345,1193,0,2544,649,6824,47818876,15039354,0,4091,4100,0,1,13115030,13130353,4195330,2926244,2916668,14,6532,4915,0,0,-751,-258,-256,1934,117222,0,9348,142551,3366,0,0,0,1,0,-3187,-1,0,0,0,-26,4097,0,-216,0,19119915,0,0,0,0,2920924,56611321,56831041,57050761,0,35167,0,0,-10635269,9191516,50757,-1665812359,751017,-203676905,4,0,0,0,0,117179,3189,2406222,1,0
126,2025-10-29T11:43:24.268,2,,2918796,2915072,2918796,2915072,2919328,2918796,2915072,2918796,0,117841,0,-3949,4311,318,8250,49002819,2927174,1342772640,15052,5854348,2178652,3349052,2703,-16777216,0,654,0,0,4424548,2,1,11556290,150,16777216,32510,41,0,0,1,2918264,62819,54969,147269,128269,1279,1346,6824,47818876,15039354,0,42,0,1,0,38,54693,118192,324,1282,0,2631,634,6824,47818876,15039354,0,4093,4098,1,1,13115030,13123131,4326402,2926244,2916668,12,6472,4915,0,0,-964,-260,-259,2012,117935,1944,3838,140114,3445,0,0,0,1,0,-3187,-1,0,0,0,-26,4097,0,-216,0,19119915,0,0,0,0,2920924,56611321,56831041,57050761,0,35167,0,0,-10808165,9031298,48447,-1652305815,0,-204043029,5,0,0,0,0,117868,3993,2927174,1,0
127,2025-10-29T11:43:24.367,2,,2918796,2915072,2918796,2915072,2919328,2918796,2915072,2918796,0,117195,0,483,4554,243,8250,58402228,9399409,-1520538890,15084,18798818,2178652,3349052,2703,-16777216,0,654,0,0,4424548,2,1,11673485,150,16777216,32510,41,0,0,1,2918264,62819,54969,147269,128269,1279,1346,6824,47818876,15039354,0,42,0,1,0,38,39913,116343,-1849,2480,0,3087,575,6824,47818876,15039354,0,4092,4099,3,1,5365974,5369923,4326402,2926244,2916668,11,6319,4915,0,0,-2237,-261,-261,2449,118270,2986,-1588,139082,3480,0,0,0,1,0,-3187,-1,0,0,0,-26,4097,0,-216,0,19119915,0,0,0,0,2920924,56611321,56831041,57050761,0,35167,0,0,-10892120,8949357,47084,-1637376489,0,-204043029,5,0,0,0,0,118192,4311,9399409,1,0
128,2025-10-29T11:43:24.463,2,,2918796,2915072,2918796,2915072,2919328,2918796,2915072,2918796,0,113268,0,8859,3838,-341,8250,61223974,615370,1342772642,14682,1230740,2178652,3349052,2703,-16777216,0,654,0,0,4424548,2,1,11901459,150,16777216,32510,41,0,0,1,2918264,62819,54969,147269,128269,1279,1346,6824,47818876,15039354,0,42,0,1,0,38,12470,113307,324,1685,0,2949,627,6824,47818876,15039354,0,4099,4092,3,1,5365974,5361124,4260866,2922520,2916668,9,6144,4915,0,0,-2026,-238,-238,2312,113060,2986,2480,137432,3367,0,273,546,1,0,1408,-1,0,0,0,-26,4097,0,-216,0,19119915,0,0,0,0,2920924,56611321,56831041,57050761,0,35167,0,0,-11050211,8785191,44516,-1608335163,0,-204043029,5,0,0,0,0,112983,4179,615370,1,0
129,2025-10-29T11:43:24.561,2,,2915072,2914540,2915072,2914540,2919328,2918796,2914540,2915072,0,113660,0,12483,3410,-428,8250,60355581,-868393,-1520538888,14498,-1736786,2178652,3349052,2703,-16777216,0,654,0,0,4424548,2,1,12015119,150,16777216,32510,41,0,0,1,2918264,62819,54969,147269,128269,1279,1346,6824,47818876,15039354,0,42,0,1,0,38,404,113629,322,1613,0,2959,625,6824,47818876,15039354,0,4102,4089,2,1,5365974,5357115,4260866,2922520,2916668,8,6170,4915,0,0,-2041,-240,-240,2321,113371,2986,2298,136537,3399,0,273,819,1,0,1408,-1,0,0,0,-26,4097,0,-216,0,19119915,0,0,0,0,2920924,56611321,56831041,57050761,0,35167,0,0,-11126715,8701364,43409,-1593856155,0,-204043029,5,0,0,0,0,113307,3838,-868393,1,0
130,2025-10-29T11:43:24.666,2,,2915072,2914540,2915072,2914540,2919328,2918796,2914540,2915072,0,112655,0,18804,2904,-260,8250,59719537,-581824,1342772644,14600,-1163648,2178652,3349052,2703,-16777216,0,654,0,0,4424548,2,1,12241834,150,16777216,32510,41,0,0,1,2918264,62819,54969,147269,128269,1279,1346,6824,47818876,15039354,0,42,0,0,0,38,158545,110650,-3289,1810,0,2976,619,6824,47818876,15039354,0,4108,4083,2,1,5365974,5350204,4326402,2922520,2916668,6,6120,4915,0,0,-2070,-243,-243,2338,113982,46324,-11135,134777,3462,0,273,1092,1,0,1408,-1,0,0,0,-26,4097,0,-216,0,19119915,0,0,0,0,2920924,56611321,56831041,57050761,0,35167,0,0,-11274413,8530140,41484,-1564975211,0,-204043029,5,0,0,0,0,113939,3164,-581824,1,0
131,2025-10-29T11:43:24.766,2,,2915072,2914540,2915072,2914540,2919328,2918796,2914540,2915072,0,109456,0,21778,3045,141,8250,61409134,1689597,-1520538886,14420,3379194,2178652,3349052,2703,-16777216,0,654,0,0,4424548,2,1,12351290,150,16777216,32510,41,0,0,1,2918264,62819,54969,147269,128269,1279,1346,6824,47818876,15039354,0,42,0,0,0,38,148551,107452,-3198,2080,0,2889,652,6824,47818876,15039354,0,4110,4081,2,1,5365974,5347170,4260866,2922520,2916668,5,6058,4915,0,0,-1939,-228,-228,2253,110688,46324,-5452,134541,3368,0,273,273,1,0,2867,-1,0,0,0,-26,4097,0,-216,0,19119915,0,0,0,0,2920924,56611321,56831041,57050761,0,35167,0,0,-11343097,8445398,40582,-1551031747,83446,-204043029,5,0,0,0,0,110650,2904,1689597,1,0
132,2025-10-29T11:43:24.866,2,,2915072,2914540,2915072,2914540,2919328,2918796,2914540,2915072,0,106630,0,27704,2808,-191,8250,60012986,-1282644,1342772646,13822,-2565288,2178652,3349052,2703,-16777216,0,654,0,0,4424548,2,1,12565905,150,16777216,32510,41,0,0,1,2918264,62819,54969,147269,128269,1279,1346,6824,47818876,15039354,0,42,0,0,0,38,138115,104581,-3047,1633,0,2767,682,6824,47818876,15039354,0,4115,4077,2,1,5365974,5341174,4326402,2922520,2916668,3,5887,4915,0,0,-1824,-217,-216,2138,107669,36165,-5269,133371,3305,0,273,546,1,0,2867,-1,0,0,0,-26,4097,0,-216,0,19119915,0,0,0,0,2920924,56611321,56831041,57050761,0,35167,0,0,-11472505,8275344,38789,-1523692205,83446,-204043029,5,0,0,0,0,107628,2999,-1282644,1,0
133,2025-10-29T11:43:24.962,2,,2915072,2914540,2915072,2914540,2919328,2918796,2914540,2915072,0,105041,0,31001,3787,979,8250,67816841,7803855,-1520538884,13648,15607710,2178652,3349052,2703,-16777216,0,654,0,0,4424548,2,1,12670946,150,16777216,32510,41,0,0,1,2918264,62819,54969,147269,128269,1279,1346,6824,47818876,15039354,0,42,0,0,0,38,135774,104377,-204,2688,0,2688,687,6824,47818876,15039354,0,4117,4074,2,1,5365974,5338270,4260866,2922520,2916668,2,5848,4915,0,0,-1709,-204,-203,2064,104618,36165,1202,133164,3216,0,292,292,0,0,49930,-1,0,0,0,-26,4097,0,-216,0,19119915,0,0,0,0,2920924,56611321,56831041,57050761,0,35167,0,0,-11532978,8190101,37790,-1510311163,83446,-204043029,5,0,0,0,0,104581,2808,7803855,1,0
134,2025-10-29T11:43:25.061,2,,2915072,2914540,2915072,2914540,2919328,2918796,2914540,2915072,0,105102,0,40162,5000,232,8250,76149296,982941,1342772648,13425,1965882,2178652,3349052,2703,-16777216,0,654,0,0,4424548,2,1,12880934,150,16777216,32510,41,0,0,1,2918264,62819,54969,147269,128269,1279,1346,6824,47818876,15039354,0,42,0,0,0,38,134253,104584,411,1928,0,2678,689,6824,47818876,15039354,0,4123,4069,3,1,5365974,5330696,4260866,2922520,2916668,15,5880,4915,0,0,-1696,-203,-202,2055,104282,36165,2627,132253,3226,0,292,876,0,0,49930,-1,0,0,0,-26,4097,0,-214,0,19119915,0,0,0,0,2920924,56611321,56831041,57050761,0,35167,0,0,-11646549,8014909,35009,-1483561051,83446,-204043029,5,0,0,0,0,104173,4768,982941,1,0
135,2025-10-29T11:43:25.164,2,,2915072,2914540,2915072,2914540,2919328,2918796,2914540,2915072,0,105599,0,45041,4758,-242,8250,73516855,-2632441,-1520538882,13453,-5264882,2178652,3349052,2703,-16777216,0,654,0,0,4424548,2,1,12986533,150,16777216,32510,41,0,0,1,2918264,62819,54969,147269,128269,1279,1346,6824,47818876,15039354,0,42,0,0,0,38,133781,105009,425,1472,0,2691,687,6824,47818876,15039354,0,4126,4065,3,1,5365974,5325812,4260866,2922520,2916668,14,5897,4915,0,0,-1714,-205,-204,2067,104703,36165,2529,131729,3251,0,292,1168,0,0,49930,-1,0,0,0,-26,4097,0,-214,0,19119915,0,0,0,0,2920924,56611321,56831041,57050761,0,35167,0,0,-11700747,7925127,33529,-1470108923,83446,-204043029,5,0,0,0,0,104584,5000,-2632441,1,0
136,2025-10-29T11:43:25.264,2,,2915072,2914540,2915072,2914540,2919328,2918796,2914540,2915072,0,106674,0,53582,3616,-737,8250,64152329,-5829224,1342772650,13585,-11658448,2178652,3349052,2703,-16777216,0,654,0,0,4424548,2,1,13199340,150,16777216,32510,41,0,0,1,2918264,62819,54969,147269,128269,1279,1346,6824,47818876,15039354,0,42,0,0,0,38,132803,105877,438,1013,0,2714,685,6824,47818876,15039354,0,4134,4058,3,1,5365974,5316377,4260866,2922520,2916668,12,5913,4915,0,0,-1750,-208,-207,2088,105528,36165,2269,131124,3293,0,292,1752,0,0,49930,-1,0,0,0,-26,4097,0,-214,0,19119915,0,0,0,0,2920924,56611321,56831041,57050761,0,35167,0,0,-11805528,7741973,30947,-1442999703,83446,-204043029,5,0,0,0,0,105439,4353,-5829224,1,0
137,2025-10-29T11:43:25.365,2,,2915072,2914540,2915072,2914540,2919328,2918796,2914540,2915072,0,107173,0,56990,3200,-416,8250,61297460,-2854869,-1520538880,13654,-5709738,2178652,3349052,2703,-16777216,0,654,0,0,4424548,2,1,13306513,150,16777216,32510,41,0,0,1,2918264,62819,54969,147269,128269,1279,1346,6824,47818876,15039354,0,42,0,0,0,38,132248,106300,423,1351,0,2726,685,6824,47818876,15039354,0,4137,4055,2,1,5365974,5312392,4260866,2922520,2916668,11,5934,4915,0,0,-1767,-210,-209,2099,105938,36165,2128,130836,3314,0,292,2044,0,0,49930,-1,0,0,0,-26,4097,0,-214,0,19119915,0,0,0,0,2920924,56611321,56831041,57050761,0,35167,0,0,-11856216,7648738,29923,-1429347067,83446,-204043029,5,0,0,0,0,105877,3616,-2854869,1,0
138,2025-10-29T11:43:25.465,2,,2915072,2914540,2915072,2914540,2919328,2918796,2914540,2915072,0,108151,0,62480,2468,-187,8250,56789746,-759833,1342772652,13779,-1519666,2178652,3349052,2703,-16777216,0,654,0,0,4424548,2,1,13522316,150,16777216,32510,41,0,0,1,2918264,62819,54969,147269,128269,1279,1346,6824,47818876,15039354,0,42,0,0,0,38,131121,107131,407,1616,0,2748,683,6824,47818876,15039354,0,4142,4050,2,1,5365974,5306056,4260866,2922520,2916668,9,6003,4915,0,0,-1803,-213,-212,2120,106757,36165,1884,130447,3351,0,292,2628,0,0,49930,-1,0,0,0,-26,4097,0,-214,0,19119915,0,0,0,0,2920924,56611321,56831041,57050761,0,35167,0,0,-11953722,7458854,28288,-1401856189,166892,-204043029,5,0,0,0,0,106724,2655,-759833,1,0
139,2025-10-29T11:43:25.564,2,,2915072,2914540,2915072,2914540,2919328,2918796,2914540,2915072,0,108598,0,64928,2427,-41,8250,57086997,297251,-1520538878,13843,594502,2178652,3349052,2703,-16777216,0,654,0,0,4424548,2,1,13630914,150,16777216,32510,41,0,0,1,2918264,62819,54969,147269,128269,1279,1346,6824,47818876,15039354,0,42,0,0,0,38,130525,107530,399,1778,0,2759,682,6824,47818876,15039354,0,4144,4048,1,1,5365974,5303494,4260866,2922520,2916668,8,6042,4915,0,0,-1819,-214,-213,2130,107159,36165,1813,130394,3365,0,292,2920,0,0,49930,-1,0,0,0,-26,4097,0,-214,0,19119915,0,0,0,0,2920924,56611321,56831041,57050761,0,35167,0,0,-12000136,7362074,27563,-1388022023,166892,-204043029,5,0,0,0,0,107131,2468,297251,1,0
140,2025-10-29T11:43:25.664,2,,2915072,2914540,2915072,2914540,2919328,2918796,2914540,2915072,0,109490,0,69265,2009,-110,8250,54839822,-322272,1342772654,13959,-644544,2178652,3349052,2703,-16777216,0,654,0,0,4424548,2,1,13849462,150,16777216,32510,41,0,0,1,2918264,62819,54969,147269,128269,1279,1346,6824,47818876,15039354,0,42,0,0,0,38,129455,108331,394,1742,0,2780,680,6824,47818876,15039354,0,4147,4044,1,1,5365974,5298773,4260866,2922520,2916668,6,6119,4915,0,0,-1852,-218,-217,2150,107957,36165,1640,130407,3390,0,292,3504,0,0,49930,-1,0,0,0,-26,4097,0,-214,0,19119915,0,0,0,0,2920924,56611321,56831041,57050761,0,35167,0,0,-12088000,7164924,26291,-1360181463,166892,-204043029,5,0,0,0,0,107937,2119,-322272,1,0
141,2025-10-29T11:43:25.767,2,,2915072,2914540,2915072,2914540,2919328,2918796,2914540,2915072,0,109896,0,71241,1943,-66,8250,54795191,-44631,-1520538876,14015,-89262,2178652,3349052,2703,-16777216,0,654,0,0,4424548,2,1,13959358,150,16777216,32510,41,0,0,1,2918264,62819,54969,147269,128269,1279,1346,6824,47818876,15039354,0,42,0,0,0,38,128957,108634,303,1802,0,2790,680,6824,47818876,15039354,0,4149,4043,1,1,5365974,5296709,4260866,2920392,2915604,5,6158,4915,0,0,-1868,-219,-218,2159,108349,36165,522,130462,3401,0,292,3796,0,0,49930,-1,0,0,0,-26,4097,0,-214,0,19119915,0,0,0,0,2920924,56611321,56831041,57050761,0,35167,0,0,-12129314,7064626,25715,-1346181947,166892,-204043029,5,0,0,0,0,108331,2009,-44631,1,0
142,2025-10-29T11:43:25.862,2,,2915072,2914540,2915072,2914540,2919328,2918796,2914540,2915072,0,110711,0,75106,2094,248,8250,56714943,2284223,1342772656,14118,4568446,2178652,3349052,2703,-16777216,0,654,0,0,4424548,2,1,14180368,150,16777216,32510,41,0,0,1,2918264,62819,54969,147269,128269,1279,1346,6824,47818876,15039354,0,42,0,0,0,38,128057,109393,370,2145,0,2808,675,6824,47818876,15039354,0,4152,4040,1,1,5365974,5292838,4195330,2920392,2915604,3,6277,4915,439,87,-1897,-222,-221,2176,109038,0,672,130641,3418,0,0,0,0,0,49930,-1,0,0,0,-26,4097,0,-214,0,19119915,0,0,0,0,2920924,56611321,56831041,57050761,0,35167,0,0,-12206150,6860601,24593,-1318027757,166892,-204043029,5,0,0,0,0,109023,1846,2284223,1,0
143,2025-10-29T11:43:25.961,2,,2915072,2914540,2915072,2914540,2919328,2918796,2914540,2915072,0,111131,0,77474,2643,549,8250,61155165,4440222,-1520538874,14171,8880444,2178652,3349052,2703,-16777216,0,654,0,0,4424548,2,1,14291499,150,16777216,32510,41,0,0,1,2918264,62819,54969,147269,128269,1279,1346,6824,47818876,15039354,0,42,0,0,0,38,127610,109745,352,2461,0,2812,669,6824,47818876,15039354,0,4154,4038,1,1,5365974,5290868,4195330,2920392,2915604,2,6325,4915,815,161,-1912,-221,-220,2180,109413,0,700,130741,3427,0,0,0,0,0,49930,-1,0,0,0,-26,4097,0,-214,0,19119915,0,0,0,0,2920924,56611321,56831041,57050761,0,35167,0,0,-12241186,6756779,23901,-1303870915,166892,-204043029,5,0,0,0,0,109393,2094,4440222,1,0
144,2025-10-29T11:43:26.066,2,,2915072,2914540,2915072,2914540,2919328,2918796,2914540,2915072,0,111967,0,83607,3309,151,8250,66011850,944538,1342772658,14279,1889076,2178652,3349052,2703,-16777216,0,654,0,0,4424548,2,1,14515019,150,16777216,32510,41,0,0,1,2918264,62819,54969,147269,128269,1279,1346,6824,47818876,15039354,0,42,0,0,0,38,126804,110455,360,2093,0,2820,662,6824,47818876,15039354,0,4158,4034,2,1,5365974,5285600,4195330,2920392,2915604,15,6372,4915,1348,264,-1942,-221,-220,2188,110140,0,748,130869,3445,0,0,0,0,0,49930,-1,0,0,0,-26,4097,0,-212,0,19119915,0,0,0,0,2920924,56611321,56831041,57050761,0,35167,0,0,-12303742,6545616,22088,-1275396979,166892,-204043029,5,0,0,0,0,110095,3158,944538,1,0
145,2025-10-29T11:43:26.165,2,,2915072,2914540,2915072,2914540,2919328,2918796,2914540,2915072,0,112385,0,86963,3404,95,8250,66579127,567277,-1520538872,14332,1134554,2178652,3349052,2703,-16777216,0,654,0,0,4424548,2,1,14627404,150,16777216,32510,41,0,0,1,2918264,62819,54969,147269,128269,1279,1346,6824,47818876,15039354,0,42,0,0,0,38,126385,110812,357,2053,0,2828,658,6824,47818876,15039354,0,4160,4032,2,1,5365974,5282367,4195330,2920392,2915604,14,6375,4915,1532,299,-1958,-221,-220,2195,110504,0,730,130930,3455,0,0,0,0,0,49930,-1,0,0,0,-26,4097,0,-212,0,19119915,0,0,0,0,2920924,56611321,56831041,57050761,0,35167,0,0,-12331552,6438520,21094,-1261080391,166892,-204043029,5,0,0,0,0,110455,3309,567277,1,0
146,2025-10-29T11:43:26.265,2,,2915072,2914540,2915072,2914540,2919328,2918796,2914540,2915072,0,113271,0,93732,3310,-102,8250,65761991,-786391,1342772660,14442,-1572782,2178652,3349052,2703,-16777216,0,654,0,0,4424548,2,1,14853504,150,16777216,32510,41,0,0,1,2918264,62819,54969,147269,128269,1279,1346,6824,47818876,15039354,0,42,0,0,0,38,125502,111523,355,1888,0,2843,651,6824,47818876,15039354,0,4166,4027,2,1,5365974,5275603,4195330,2923584,2915604,12,6374,4915,1807,350,-1990,-223,-222,2210,111220,0,690,130918,3478,0,0,0,0,0,49930,-1,0,0,0,-26,4097,0,-212,0,19119915,0,0,0,0,2920924,56611321,56831041,57050761,0,35167,0,0,-12380642,6221628,19090,-1232277791,166892,-204043029,5,0,0,0,0,111168,3412,-786391,1,0
147,2025-10-29T11:43:26.363,2,,2915072,2914540,2915072,2914540,2919328,2918796,2914540,2915072,0,113689,0,96890,3005,-305,8250,63536454,-2225537,-1520538870,14499,-4451074,2178652,3349052,2703,-16777216,0,654,0,0,4424548,2,1,14967193,150,16777216,32510,41,0,0,1,2918264,62819,54969,147269,128269,1279,1346,6824,47818876,15039354,0,42,0,0,0,38,124916,111881,358,1700,0,2851,648,6824,47818876,15039354,0,4168,4024,2,1,5365974,5272242,4195330,2923584,2915604,11,6382,4915,1902,367,-2005,-224,-223,2217,111572,0,645,130865,3490,0,0,0,0,0,49930,-1,0,0,0,-26,4097,0,-212,0,19119915,0,0,0,0,2920924,56611321,56831041,57050761,0,35167,0,0,-12402069,6111990,18160,-1217795089,166892,-204043029,5,0,0,0,0,111523,3310,-2225537,1,0
148,2025-10-29T11:43:26.467,2,,2915072,2914540,2915072,2914540,2919328,2918796,2914540,2915072,0,114521,0,102363,2470,-265,8250,60124889,-1631713,1342772662,14609,-3263426,2178652,3349052,2703,-16777216,0,654,0,0,4424548,2,1,15195845,150,16777216,32510,41,0,0,1,2918264,62819,54969,147269,128269,1279,1346,6824,47818876,15039354,0,42,0,0,0,38,123675,112539,307,1772,0,2868,640,6824,47818876,15039354,0,4173,4019,2,1,5365974,5266214,4195330,2923584,2915604,9,6402,4915,2068,396,-2037,-226,-225,2234,112265,0,533,130706,3517,0,0,0,0,0,49930,-1,0,0,0,-26,4097,0,-212,0,19119915,0,0,0,0,2920924,56611321,56831041,57050761,0,35167,0,0,-12438947,5890585,16560,-1188667393,250339,-204043029,5,0,0,0,0,112232,2735,-1631713,1,0
149,2025-10-29T11:43:26.563,2,,2915072,2914540,2915072,2914540,2919328,2918796,2914540,2915072,0,114893,0,104701,2206,-264,8250,58554000,-1570889,-1520538868,14659,-3141778,2178652,3349052,2703,-16777216,0,654,0,0,4424548,2,1,15310738,150,16777216,32510,41,0,0,1,2918264,62819,54969,147269,128269,1279,1346,6824,47818876,15039354,0,42,0,0,0,38,122977,112880,341,1786,0,2876,637,6824,47818876,15039354,0,4175,4017,1,1,5365974,5263611,4195330,2923584,2915604,8,6412,4915,2138,408,-2050,-227,-226,2241,112566,0,676,130665,3527,0,0,0,0,0,49930,-1,0,0,0,-26,4097,0,-212,0,19119915,0,0,0,0,2920924,56611321,56831041,57050761,0,35167,0,0,-12454318,5778940,15883,-1174031315,250339,-204043029,5,0,0,0,0,112539,2470,-1570889,1,0
150,2025-10-29T11:43:26.667,2,,2915072,2914540,2915072,2914540,2919328,2918796,2914540,2915072,0,115667,0,108493,1625,-251,8250,55177995,-1355510,1342772664,14758,-2711020,2178652,3349052,2703,-16777216,0,654,0,0,4424548,2,1,15541700,150,16777216,32510,41,0,0,1,2918264,62819,54969,147269,128269,1279,1346,6824,47818876,15039354,0,42,0,0,0,38,121572,113500,281,1829,0,2893,630,6824,47818876,15039354,0,4179,4014,1,1,5365974,5259232,4195330,2923584,2915604,6,6438,4915,2264,429,-2080,-229,-228,2257,113234,0,510,130431,3555,0,0,0,0,0,49930,-1,0,0,0,-26,4097,0,-212,0,19119915,0,0,0,0,2920924,56611321,56831041,57050761,0,35167,0,0,-12478819,5553883,14804,-1144609351,250339,-204043029,5,0,0,0,0,113219,1876,-1355510,1,0
151,2025-10-29T11:43:26.762,2,,2915072,2914540,2915072,2914540,2919328,2918796,2914540,2915072,0,115505,0,110016,1421,-204,8250,54169419,-1008576,-1520538866,14805,-2017152,2178652,3349052,2703,-16777216,0,654,0,0,4424548,2,1,15657205,150,16777216,32510,41,0,0,1,2918264,62819,54969,147269,128269,1279,1346,6824,47818876,15039354,0,42,0,0,0,38,120764,112829,-671,1888,0,2900,627,6824,47818876,15039354,0,4180,4013,1,1,5365974,5257481,4195330,2923584,2915604,5,6440,4915,2313,437,-2092,-230,-229,2264,113511,0,-441,130273,3568,0,0,0,0,0,49930,-1,0,0,0,-26,4097,0,-212,0,19119915,0,0,0,0,2920924,56611321,56831041,57050761,0,35167,0,0,-12487787,5441077,14380,-1129895311,250339,-204043029,5,0,0,0,0,113500,1625,-1008576,1,0
152,2025-10-29T11:43:26.865,2,,2915072,2914540,2915072,2914540,2919328,2918796,2914540,2915072,0,115122,0,112519,1075,-180,8250,52272859,-1007634,1342772666,14750,-2015268,2178652,3349052,2703,-16777216,0,654,0,0,4424548,2,1,15887559,150,16777216,32510,41,0,0,1,2918264,62819,54969,147269,128269,1279,1346,6824,47818876,15039354,0,42,0,0,0,38,120815,112574,-353,1890,0,2883,634,6824,47818876,15039354,0,4182,4011,0,1,5365974,5254620,4195330,2923584,2915604,3,6426,4915,2363,448,-2070,-227,-226,2248,112933,0,-126,129888,3561,0,0,0,0,0,49930,-1,0,0,0,-26,4097,0,-212,0,19119915,0,0,0,0,2920924,56611321,56831041,57050761,0,35167,0,0,-12498968,5215782,13699,-1100550799,250339,-204043029,5,0,0,0,0,112927,1255,-1007634,1,0
153,2025-10-29T11:43:26.962,2,,2915072,2914540,2915072,2914540,2919328,2918796,2914540,2915072,0,114897,0,113532,950,-125,8250,51598732,-674127,-1520538864,14735,-1348254,2178652,3349052,2703,-16777216,0,654,0,0,4424548,2,1,16002456,150,16777216,32510,41,0,0,1,2918264,62819,54969,147269,128269,1279,1346,6824,47818876,15039354,0,42,0,0,0,38,121541,112438,-136,1931,0,2874,637,6824,47818876,15039354,0,4183,4010,0,1,5365974,5253455,4195330,2923584,2915604,2,6412,4915,2381,452,-2056,-226,-225,2239,112579,0,90,129671,3555,0,0,0,0,0,49930,-1,0,0,0,-26,4097,0,-212,0,19119915,0,0,0,0,2920924,56611321,56831041,57050761,0,35167,0,0,-12501177,5103325,13432,-1085914213,250339,-204043029,5,0,0,0,0,112574,1075,-674127,1,0
154,2025-10-29T11:43:27.066,2,,2915072,2914540,2915072,2914540,2919328,2918796,2914540,2915072,0,114434,0,115279,796,-77,8250,50791732,-452237,1342772668,14674,-904474,2178652,3349052,2703,-16777216,0,654,0,0,4424548,2,1,16231532,150,16777216,32510,41,0,0,1,2918264,62819,54969,147269,128269,1279,1346,6824,47818876,15039354,0,42,0,0,0,38,124612,111986,-29,1957,0,2858,643,6824,47818876,15039354,0,4185,4008,0,1,5365974,5251530,4195330,2926776,2920392,15,6385,4915,2419,461,-2034,-223,-222,2224,112018,0,194,129363,3546,0,0,0,0,0,49930,-1,0,0,0,-26,4097,0,-209,0,19119915,0,0,0,0,2920924,56611321,56831041,57050761,0,35167,0,0,-12498641,4879158,12984,-1056732503,250339,-204043029,5,0,0,0,0,112015,873,-452237,1,0
155,2025-10-29T11:43:27.161,2,,2915072,2914540,2915072,2914540,2919328,2918796,2914540,2915072,0,114233,0,116027,699,-97,8250,50174649,-617083,-1520538862,14647,-1234166,2178652,3349052,2703,-16777216,0,654,0,0,4424548,2,1,16345765,150,16777216,32510,41,0,0,1,2918264,62819,54969,147269,128269,1279,1346,6824,47818876,15039354,0,42,0,0,0,38,126931,111614,-372,1936,0,2858,643,6824,47818876,15039354,0,4185,4008,0,1,5365974,5250695,4195330,2926776,2920392,14,6374,4915,2435,465,-2033,-223,-222,2223,111988,0,-149,129191,3550,0,0,0,0,0,49930,-1,0,0,0,-26,4097,0,-209,0,19119915,0,0,0,0,2920924,56611321,56831041,57050761,0,35167,0,0,-12493904,4767487,12799,-1042180503,250339,-204043029,5,0,0,0,0,111986,796,-617083,1,0
156,2025-10-29T11:43:27.266,2,,2915072,2914540,2915072,2914540,2919328,2918796,2914540,2915072,0,113933,0,117269,540,-82,8250,49136092,-537041,1342772670,14599,-1074082,2178652,3349052,2703,-16777216,0,654,0,0,4424548,2,1,16573755,150,16777216,32510,41,0,0,1,2918264,62819,54969,147269,128269,1279,1346,6824,47818876,15039354,0,42,0,0,0,38,132748,111311,-285,1936,0,2847,647,6824,47818876,15039354,0,4187,4006,0,1,5365974,5249286,4195330,2916136,2920392,12,6358,4915,2459,471,-2018,-221,-220,2213,111597,0,-64,128914,3545,0,0,0,0,0,49930,-1,0,0,0,-26,4097,0,-209,0,19119915,0,0,0,0,2920924,56611321,56831041,57050761,0,35167,0,0,-12477642,4545062,12506,-1013137137,250339,-204043029,5,0,0,0,0,111596,622,-537041,1,0
157,2025-10-29T11:43:27.361,2,,2915072,2914540,2915072,2914540,2919328,2918796,2914540,2915072,0,113870,0,117761,444,-96,8250,48456376,-679716,-1520538860,14583,-1359432,2178652,3349052,2703,-16777216,0,654,0,0,4424548,2,1,16687625,150,16777216,32510,41,0,0,1,2918264,62819,54969,147269,128269,1279,1346,6824,47818876,15039354,0,42,0,0,0,38,135850,111485,174,1910,0,2839,650,6824,47818876,15039354,0,4187,4006,0,1,5365974,5248705,4195330,2916136,2920392,11,6353,4915,2472,474,-2006,-220,-219,2206,111312,0,394,128800,3539,0,0,0,0,0,49930,-1,0,0,0,-26,4097,0,-209,0,19119915,0,0,0,0,2920924,56611321,56831041,57050761,0,35167,0,0,-12466130,4434283,12399,-998631379,250339,-204043029,5,0,0,0,0,111311,540,-679716,1,0
158,2025-10-29T11:43:27.466,2,,2915072,2914540,2915072,2914540,2919328,2918796,2914540,2915072,0,113611,0,118444,235,-108,8250,47044264,-763401,1342772672,14560,-1526802,2178652,3349052,2703,-16777216,0,654,0,0,4424548,2,1,16914989,150,16777216,32510,41,0,0,1,2918264,62819,54969,147269,128269,1279,1346,6824,47818876,15039354,0,42,0,0,0,38,141799,111166,98,1889,0,2832,653,6824,47818876,15039354,0,4188,4005,0,1,5365974,5247819,4195330,2916136,2920392,9,6346,4915,2494,479,-1997,-219,-218,2199,111068,0,317,128553,3538,0,0,0,0,0,49930,-1,0,0,0,-26,4097,0,-209,0,19119915,0,0,0,0,2920924,56611321,56831041,57050761,0,35167,0,0,-12436389,4213938,12277,-969667759,250339,-204043029,5,0,0,0,0,111068,343,-763401,1,0
159,2025-10-29T11:43:27.564,2,,2915072,2914540,2915072,2914540,2919328,2918796,2914540,2915072,0,113482,0,118623,122,-113,8250,46290382,-753882,-1520538858,14542,-1507764,2178652,3349052,2703,-16777216,0,654,0,0,4424548,2,1,17028471,150,16777216,32510,41,0,0,1,2918264,62819,54969,147269,128269,1279,1346,6824,47818876,15039354,0,42,0,0,0,38,144635,110806,-360,1888,0,2835,651,6824,47818876,15039354,0,4188,4005,0,1,5365974,5247530,4195330,2916136,2920392,8,6345,4915,2501,481,-2001,-219,-218,2202,111166,0,-141,128424,3545,0,0,0,0,0,49930,-1,0,0,0,-26,4097,0,-209,0,19119915,0,0,0,0,2920924,56611321,56831041,57050761,0,35167,0,0,-12418218,4104463,12264,-955211427,250339,-204043029,5,0,0,0,0,111166,235,-753882,1,0
160,2025-10-29T11:43:27.663,2,,2915072,2914540,2915072,2914540,2919328,2918796,2914540,2915072,0,113045,0,118658,-77,-89,8250,44932262,-583726,1342772674,14499,-1167452,2178652,3349052,2703,-16777216,0,654,0,0,4424548,2,1,17254791,150,16777216,32510,41,0,0,1,2918264,62819,54969,147269,128269,1279,1346,6824,47818876,15039354,0,42,0,0,0,38,150181,110347,-421,1896,0,2824,656,6824,47818876,15039354,0,4188,4005,0,1,5365974,5247284,4195330,2926776,2920392,6,6338,4915,2514,485,-1985,-218,-217,2191,110768,0,-203,128182,3539,0,0,0,0,0,49930,-1,0,0,0,-26,4097,0,-209,0,19119915,0,0,0,0,2920924,56611321,56831041,57050761,0,35167,0,0,-12375422,3887341,12339,-926380801,250339,-204043029,5,0,0,0,0,110768,12,-583726,1,0
161,2025-10-29T11:43:27.762,2,,2915072,2914540,2915072,2914540,2919328,2918796,2914540,2915072,0,112760,0,118538,-164,-87,8250,44305870,-626392,-1520538856,14470,-1252784,2178652,3349052,2703,-16777216,0,654,0,0,4424548,2,1,17367551,150,16777216,32510,41,0,0,1,2918264,62819,54969,147269,128269,1279,1346,6824,47818876,15039354,0,42,0,0,0,38,153116,110216,-131,1881,0,2812,660,6824,47818876,15039354,0,4188,4005,0,1,5365974,5247316,4195330,2926776,2920392,5,6329,4915,2514,486,-1968,-216,-215,2180,110347,0,85,127980,3531,0,0,0,0,0,49930,-1,0,0,0,-26,4097,0,-209,0,19119915,0,0,0,0,2920924,56611321,56831041,57050761,0,35167,0,0,-12350809,3779858,12418,-912016443,250339,-204043029,5,0,0,0,0,110347,-77,-626392,1,0
162,2025-10-29T11:43:27.861,2,,2915072,2914540,2915072,2914540,2919328,2918796,2914540,2915072,0,112394,0,118068,-288,-44,8250,43435146,-296301,1342772676,14415,-592602,2178652,3349052,2703,-16777216,0,654,0,0,4424548,2,1,17592561,150,16777216,32510,41,0,0,1,2918264,62819,54969,147269,128269,1279,1346,6824,47818876,15039354,0,42,0,0,0,38,159467,109777,-289,1912,0,2805,663,6824,47818876,15039354,0,4188,4005,0,1,5365974,5247640,4195330,2926776,2920392,3,6301,4915,2520,489,-1956,-215,-214,2173,110066,0,-74,127512,3535,0,0,0,0,0,49930,-1,0,0,0,-26,4097,0,-209,0,19119915,0,0,0,0,2920924,56611321,56831041,57050761,0,35167,0,0,-12295218,3566964,12644,-883352697,166892,-204043029,5,0,0,0,0,110066,-244,-296301,1,0
163,2025-10-29T11:43:27.965,2,,2915072,2914540,2915072,2914540,2919328,2918796,2914540,2915072,0,112155,0,117759,-330,-42,8250,43117448,-317698,-1520538854,14386,-635396,2178652,3349052,2703,-16777216,0,654,0,0,4424548,2,1,17704716,150,16777216,32510,41,0,0,1,2918264,62819,54969,147269,128269,1279,1346,6824,47818876,15039354,0,42,0,0,0,38,162827,109602,-175,1903,0,2797,666,6824,47818876,15039354,0,4188,4005,0,1,5365974,5247906,4195330,2926244,2926776,2,6289,4915,2521,490,-1945,-214,-213,2166,109777,0,39,127253,3533,0,0,0,0,0,49930,-1,0,0,0,-26,4097,0,-209,0,19119915,0,0,0,0,2920924,56611321,56831041,57050761,0,35167,0,0,-12264264,3461734,12779,-869065411,166892,-204043029,5,0,0,0,0,109777,-288,-317698,1,0
164,2025-10-29T11:43:28.063,2,,2915072,2918264,2915072,2918264,2919328,2918796,2918264,2915072,0,111654,0,117033,-382,-12,8250,42670539,-126656,1342772678,14323,-253312,2178652,3349052,2703,-16777216,0,654,0,0,4424548,2,1,17928273,150,16777216,32510,41,0,0,1,2918264,62819,54969,147269,128269,1279,1346,6824,47818876,15039354,0,42,0,0,0,38,165732,109116,-218,1915,0,2786,671,6824,47818876,15039354,0,4187,4006,0,1,5365974,5248565,4195330,2926244,2926776,15,6262,4915,2520,492,-1927,-212,-211,2155,109334,0,-6,126887,3529,0,0,0,0,0,49930,-1,0,0,0,-26,4097,0,-207,0,19119915,0,0,0,0,2920924,56611321,56831041,57050761,0,35167,0,0,-12196112,3253976,13081,-840586761,166892,-204043029,5,0,0,0,0,109334,-370,-126656,1,0
165,2025-10-29T11:43:28.161,2,,2915072,2918264,2915072,2918264,2919328,2918796,2918264,2915072,0,111467,0,116638,-409,-27,8250,42404416,-266123,-1520538852,14292,-532246,2178652,3349052,2703,-16777216,0,654,0,0,4424548,2,1,18039740,150,16777216,32510,41,0,0,1,2918264,62819,54969,147269,128269,1279,1346,6824,47818876,15039354,0,42,0,0,0,38,164890,108969,-147,1891,0,2780,673,6824,47818876,15039354,0,4187,4006,0,1,5365974,5248941,4195330,2926244,2926776,14,6253,4915,2519,493,-1918,-211,-210,2149,109116,0,64,126698,3527,0,0,0,0,0,49930,-1,0,0,0,-26,4097,0,-207,0,19119915,0,0,0,0,2920924,56611321,56831041,57050761,0,35167,0,0,-12158964,3151461,13240,-826387117,166892,-204043029,5,0,0,0,0,109116,-382,-266123,1,0
166,2025-10-29T11:43:28.262,2,,2915072,2918264,2915072,2918264,2919328,2918796,2918264,2915072,0,111287,0,115743,-492,-47,8250,41681654,-397147,1342772680,14253,-794294,2178652,3349052,2703,-16777216,0,654,0,0,4424548,2,1,18262381,150,16777216,32510,41,0,0,1,2918264,62819,54969,147269,128269,1279,1346,6824,47818876,15039354,0,42,0,0,0,38,163406,108892,-6,1862,0,2774,676,6824,47818876,15039354,0,4186,4007,0,1,5365974,5249763,4195330,2923052,2926776,12,6245,4915,2518,494,-1909,-210,-209,2144,108898,0,204,126488,3526,0,0,0,0,0,49930,-1,0,0,0,-26,4097,0,-207,0,19119915,0,0,0,0,2920924,56611321,56831041,57050761,0,35167,0,0,-12078464,2949077,13589,-798025155,166892,-204043029,5,0,0,0,0,108898,-445,-397147,1,0
167,2025-10-29T11:43:28.368,2,,2915072,2918264,2915072,2918264,2919328,2918796,2918264,2915072,0,111336,0,115239,-516,-24,8250,41498347,-183307,-1520538850,14245,-366614,2178652,3349052,2703,-16777216,0,654,0,0,4424548,2,1,18373717,150,16777216,32510,41,0,0,1,2918264,62819,54969,147269,128269,1279,1346,6824,47818876,15039354,0,42,0,0,0,38,162778,108996,104,1885,0,2774,676,6824,47818876,15039354,0,4186,4007,0,1,5365974,5250231,4195330,2923052,2926776,11,6247,4915,2521,495,-1909,-210,-209,2144,108893,0,314,126471,3526,0,0,0,0,0,49930,-1,0,0,0,-26,4097,0,-207,0,19119915,0,0,0,0,2920924,56611321,56831041,57050761,0,35167,0,0,-12035138,2849125,13779,-783842199,166892,-204043029,5,0,0,0,0,108892,-492,-183307,1,0
168,2025-10-29T11:43:28.466,2,,2915072,2918264,2915072,2918264,2919328,2918796,2918264,2915072,0,111235,0,114084,-647,-73,8250,40530009,-544090,1342772682,14244,-1088180,2178652,3349052,2703,-16777216,0,654,0,0,4424548,2,1,18596236,150,16777216,32510,41,0,0,1,2918264,62819,54969,147269,128269,1279,1346,6824,47818876,15039354,0,42,0,0,0,38,161526,108906,70,1833,0,2771,676,6824,47818876,15039354,0,4185,4008,0,1,5365974,5251280,4195330,2925712,2923052,9,6246,4915,2526,496,-1906,-210,-209,2142,108837,0,280,126441,3525,0,0,0,0,0,49930,-1,0,0,0,-26,4097,0,-207,0,19119915,0,0,0,0,2920924,56611321,56831041,57050761,0,35167,0,0,-11942481,2652071,14201,-755495777,166892,-204043029,5,0,0,0,0,108836,-574,-544090,1,0
169,2025-10-29T11:43:28.562,2,,2915072,2918264,2915072,2918264,2919328,2918796,2918264,2915072,0,111178,0,113420,-681,-34,8250,40328237,-201772,-1520538848,14238,-403544,2178652,3349052,2703,-16777216,0,654,0,0,4424548,2,1,18707414,150,16777216,32510,41,0,0,1,2918264,62819,54969,147269,128269,1279,1346,6824,47818876,15039354,0,42,0,0,0,38,160908,108772,-134,1875,0,2774,676,6824,47818876,15039354,0,4184,4008,0,1,5365974,5251890,4195330,2925712,2923052,8,6245,4915,2530,497,-1909,-210,-209,2144,108907,0,76,126434,3528,0,0,0,0,0,49930,-1,0,0,0,-26,4097,0,-207,0,19119915,0,0,0,0,2920924,56611321,56831041,57050761,0,35167,0,0,-11893208,2555044,14438,-741332949,166892,-204043029,5,0,0,0,0,108906,-647,-201772,1,0
170,2025-10-29T11:43:28.663,2,,2915072,2918264,2915072,2918264,2919328,2918796,2918264,2915072,0,111113,0,111901,-840,-81,8250,39201263,-554357,1342772684,14226,-1108714,2178652,3349052,2703,-16777216,0,654,0,0,4424548,2,1,18929672,150,16777216,32510,41,0,0,1,2918264,62819,54969,147269,128269,1279,1346,6824,47818876,15039354,0,42,0,0,0,38,159819,108757,-90,1825,0,2771,676,6824,47818876,15039354,0,4183,4009,0,1,5365974,5253274,4195330,2925712,2923052,6,6222,4915,2533,498,-1906,-210,-209,2142,108849,0,120,126426,3526,0,0,0,0,0,49930,-1,0,0,0,-26,4097,0,-207,0,19119915,0,0,0,0,2920924,56611321,56831041,57050761,0,35167,0,0,-11788907,2364092,14966,-713019777,166892,-204043029,5,0,0,0,0,108847,-759,-554357,1,0
171,2025-10-29T11:43:28.765,2,,2915072,2918264,2915072,2918264,2919328,2918796,2918264,2915072,0,111112,0,111043,-877,-37,8250,38984352,-216911,-1520538846,14222,-433822,2178652,3349052,2703,-16777216,0,654,0,0,4424548,2,1,19040784,150,16777216,32510,41,0,0,1,2918264,62819,54969,147269,128269,1279,1346,6824,47818876,15039354,0,42,0,0,0,38,159325,108848,91,1865,0,2769,678,6824,47818876,15039354,0,4183,4010,0,1,5365974,5254073,4195330,2923584,2925712,5,6219,4915,2533,498,-1902,-210,-209,2139,108760,0,301,126453,3522,0,0,0,0,0,49930,-1,0,0,0,-26,4097,0,-207,0,19119915,0,0,0,0,2920924,56611321,56831041,57050761,0,35167,0,0,-11733866,2270236,15260,-698865355,166892,-204043029,5,0,0,0,0,108757,-840,-216911,1,0
172,2025-10-29T11:43:28.862,2,,2915072,2918264,2915072,2918264,2919328,2918796,2918264,2915072,0,111111,0,109158,-1016,-77,8250,38048532,-532473,1342772686,14222,-1064946,2178652,3349052,2703,-16777216,0,654,0,0,4424548,2,1,19263008,150,16777216,32510,41,0,0,1,2918264,62819,54969,147269,128269,1279,1346,6824,47818876,15039354,0,42,0,0,0,38,158424,108900,92,1826,0,2771,677,6824,47818876,15039354,0,4181,4011,0,1,5365974,5255839,4195330,2923584,2925712,3,6230,4915,2538,499,-1903,-210,-209,2141,108812,0,302,126576,3521,0,0,0,0,0,49930,-1,0,0,0,-26,4097,0,-207,0,19119915,0,0,0,0,2920924,56611321,56831041,57050761,0,35167,0,0,-11618175,2085872,15893,-670556515,83446,-204043029,5,0,0,0,0,108808,-939,-532473,1,0
173,2025-10-29T11:43:28.963,2,,2915072,2918264,2915072,2918264,2919328,2918796,2918264,2915072,0,111174,0,108106,-1088,-72,8250,37586387,-462145,-1520538844,14222,-924290,2178652,3349052,2703,-16777216,0,654,0,0,4424548,2,1,19374182,150,16777216,32510,41,0,0,1,2918264,62819,54969,147269,128269,1279,1346,6824,47818876,15039354,0,42,0,0,0,38,157982,108931,31,1834,0,2773,676,6824,47818876,15039354,0,4181,4012,0,1,5365974,5256816,4195330,2923584,2925712,2,6237,4915,2543,500,-1906,-210,-209,2143,108904,0,241,126617,3522,0,0,0,0,0,49930,-1,0,0,0,-26,4097,0,-207,0,19119915,0,0,0,0,2920924,56611321,56831041,57050761,0,35167,0,0,-11557514,1995401,16241,-656394195,83446,-204043029,5,0,0,0,0,108900,-1016,-462145,1,0
174,2025-10-29T11:43:29.066,2,,2915072,2918264,2915072,2918264,2919328,2918796,2918264,2915072,0,111231,0,105882,-1151,-46,8250,37297233,-269131,1342772688,14233,-538262,2178652,3349052,2703,-16777216,0,654,0,0,4424548,2,1,19596612,150,16777216,32510,41,0,0,1,2918264,62819,54969,147269,128269,1279,1346,6824,47818876,15039354,0,42,0,0,0,38,157171,109046,45,1863,0,2775,675,6824,47818876,15039354,0,4179,4014,0,1,5365974,5258964,4195330,2924116,2925712,15,6251,4915,2545,500,-1909,-211,-210,2145,109006,0,256,126761,3522,0,0,0,0,0,49930,-1,0,0,0,-26,4097,0,-204,0,19119915,0,0,0,0,2920924,56611321,56831041,57050761,0,35167,0,0,-11430669,1818117,16972,-628059113,83446,-204043029,5,0,0,0,0,109001,-1105,-269131,1,0
175,2025-10-29T11:43:29.163,2,,2915072,2918264,2915072,2918264,2919328,2918796,2918264,2915072,0,111222,0,104688,-1237,-86,8250,36720477,-576756,-1520538842,14237,-1153512,2178652,3349052,2703,-16777216,0,654,0,0,4424548,2,1,19707834,150,16777216,32510,41,0,0,1,2918264,62819,54969,147269,128269,1279,1346,6824,47818876,15039354,0,42,0,0,0,38,156797,109032,-14,1825,0,2776,674,6824,47818876,15039354,0,4178,4015,0,1,5365974,5260092,4195330,2924116,2925712,14,6257,4915,2550,501,-1911,-211,-210,2146,109052,0,197,126835,3521,0,0,0,0,0,49930,-1,0,0,0,-26,4097,0,-204,0,19119915,0,0,0,0,2920924,56611321,56831041,57050761,0,35167,0,0,-11364552,1731404,17359,-613890679,83446,-204043029,5,0,0,0,0,109046,-1151,-576756,1,0
176,2025-10-29T11:43:29.263,2,,2915072,2918264,2915072,2918264,2919328,2918796,2918264,2915072,0,111273,0,102168,-1317,-74,8250,36280188,-493079,1342772690,14239,-986158,2178652,3349052,2703,-16777216,0,654,0,0,4424548,2,1,19930348,150,16777216,32510,41,0,0,1,2918264,62819,54969,147269,128269,1279,1346,6824,47818876,15039354,0,42,0,0,0,38,156118,109146,8,1839,0,2778,674,6824,47818876,15039354,0,4176,4017,0,1,5365974,5262526,4195330,2926244,2925712,12,6267,4915,2551,501,-1913,-211,-210,2148,109145,0,219,127018,3519,0,0,0,0,0,49930,-1,0,0,0,-26,4097,0,-204,0,19119915,0,0,0,0,2920924,56611321,56831041,57050761,0,35167,0,0,-11227010,1561983,18173,-585544895,83446,-204043029,5,0,0,0,0,109138,-1243,-493079,1,0
177,2025-10-29T11:43:29.364,2,,2915072,2918264,2915072,2918264,2919328,2918796,2918264,2915072,0,111357,0,100796,-1427,-110,8250,35508286,-771902,-1520538840,14243,-1543804,2178652,3349052,2703,-16777216,0,654,0,0,4424548,2,1,20041705,150,16777216,32510,41,0,0,1,2918264,62819,54969,147269,128269,1279,1346,6824,47818876,15039354,0,42,0,0,0,38,155831,109385,239,1802,0,2778,674,6824,47818876,15039354,0,4175,4018,-1,1,5365974,5263806,4195330,2926244,2925712,11,6274,4915,2551,501,-1912,-211,-210,2148,109153,0,450,127124,3516,0,0,0,0,0,49930,-1,0,0,0,-26,4097,0,-204,0,19119915,0,0,0,0,2920924,56611321,56831041,57050761,0,35167,0,0,-11155631,1479266,18610,-571359263,83446,-204043029,5,0,0,0,0,109146,-1317,-771902,1,0
178,2025-10-29T11:43:29.463,2,,2915072,2918264,2915072,2918264,2919328,2918796,2918264,2915072,0,111459,0,97823,-1581,-112,8250,34385679,-962337,1342772692,14262,-1924674,2178652,3349052,2703,-16777216,0,654,0,0,4424548,2,1,20264584,150,16777216,32510,41,0,0,1,2918264,62819,54969,147269,128269,1279,1346,6824,47818876,15039354,0,42,0,0,0,38,155224,109523,208,1806,0,2822,666,6824,47818876,15039354,0,4173,4020,-1,1,5365974,5266626,4195330,2926244,2925712,9,6284,4915,2560,502,-1918,-211,-211,2190,109324,0,419,127256,3518,0,0,0,0,0,49930,-1,0,0,0,-26,4097,0,-204,0,19119915,0,0,0,0,2920924,56611321,56831041,57050761,0,35167,0,0,-11007777,1318039,19551,-542966983,0,-204043029,5,0,0,0,0,109315,-1469,-962337,1,0
179,2025-10-29T11:43:29.562,2,,2915072,2918264,2915072,2918264,2919328,2918796,2918264,2915072,0,111476,0,96170,-1725,-144,8250,33298598,-1087081,-1520538838,14267,-2174162,2178652,3349052,2703,-16777216,0,654,0,0,4424548,2,1,20376060,150,16777216,32510,41,0,0,1,2918264,62819,54969,147269,128269,1279,1346,6824,47818876,15039354,0,42,0,0,0,38,154961,109392,-131,1782,0,2829,664,6824,47818876,15039354,0,4172,4021,-1,1,5365974,5268151,4195330,2926244,2925712,8,6287,4915,2561,502,-1926,-212,-212,2196,109534,0,81,127346,3522,0,0,0,0,0,49930,-1,0,0,0,-26,4097,0,-204,0,19119915,0,0,0,0,2920924,56611321,56831041,57050761,0,35167,0,0,-10931444,1239571,20071,-528766193,0,-204043029,5,0,0,0,0,109523,-1581,-1087081,1,0
180,2025-10-29T11:43:29.664,2,,2915072,2918264,2915072,2918264,2919328,2918796,2918264,2915072,0,111412,0,92936,-980,902,8250,39209540,7066026,1342772694,14268,14132052,2178652,3349052,2703,-16777216,0,654,0,0,4424548,2,1,20598944,150,16777216,32510,41,0,0,1,2918264,62819,54969,147269,128269,1279,1346,6824,47818876,15039354,0,42,0,1,0,38,154417,109317,-311,2831,0,2831,663,6824,47818876,15039354,0,4169,4023,-1,1,5365974,5271607,4326402,2926244,2925712,6,6292,4915,2556,501,-1929,-212,-212,2198,109644,4905,-99,127541,3520,0,0,0,0,0,49930,-1,0,0,0,-26,4097,0,-204,0,19119915,0,0,0,0,2920924,56611321,56831041,57050761,0,35167,0,0,-10773863,1087540,21083,-500373275,0,-204043029,5,0,0,0,0,109628,-1882,7066026,1,0
181,2025-10-29T11:43:29.765,2,,2915072,2918264,2915072,2918264,2919328,2918796,2918264,2915072,0,111440,0,91638,-1616,-636,8250,33936015,-5273525,-1520538836,14261,-10547050,2178652,3349052,2703,-16777216,0,654,0,0,4424548,2,1,20710384,150,16777216,32510,41,0,0,1,2918264,62819,54969,147269,128269,1279,1346,6824,47818876,15039354,0,42,0,1,0,38,154300,109722,405,1280,0,2822,666,6824,47818876,15039354,0,4168,4025,0,1,5365974,5273038,4260866,2920392,2921456,5,6297,4915,2560,502,-1916,-211,-211,2190,109321,4905,822,126129,3550,0,273,273,0,0,1063,-1,0,0,0,-26,4097,0,-204,0,19119915,0,0,0,0,2920924,56611321,56831041,57050761,0,35167,0,0,-10692508,1014206,21488,-486177071,0,-204043029,5,0,0,0,0,109317,-980,-5273525,1,0
182,2025-10-29T11:43:29.861,2,,2915072,2918264,2915072,2918264,2919328,2918796,2918264,2915072,0,111583,0,89276,-1678,-963,8250,33177486,-7782650,1342772696,14272,-15565300,2178652,3349052,2703,-16777216,0,654,0,0,4424548,2,1,20933468,150,16777216,32510,41,0,0,1,2918264,62819,54969,147269,128269,1279,1346,6824,47818876,15039354,0,42,0,1,0,38,153930,109921,417,959,0,2827,665,6824,47818876,15039354,0,4166,4026,0,1,5365974,5275502,4260866,2920392,2921456,3,6293,4915,2572,504,-1922,-211,-211,2194,109506,5196,752,126247,3552,0,273,273,0,0,2444,-1,0,0,0,-26,4097,0,-204,0,19119915,0,0,0,0,2920924,56611321,56831041,57050761,0,35167,0,0,-10524932,872715,22218,-457758675,0,-204043029,5,0,0,0,0,109504,-715,-7782650,1,0
183,2025-10-29T11:43:29.964,2,,2915072,2918264,2915072,2918264,2919328,2918796,2918264,2915072,0,111486,0,88035,-803,875,8250,40332028,7154542,-1520538834,14282,14309084,2178652,3349052,2703,-16777216,0,654,0,0,4424548,2,1,21044954,150,16777216,32510,41,0,0,1,2918264,62819,54969,147269,128269,1279,1346,6824,47818876,15039354,0,42,0,1,0,38,153758,109587,-334,2850,0,2850,659,6824,47818876,15039354,0,4165,4027,-1,1,5365974,5276698,4326402,2923584,2922520,2,6297,4915,2579,505,-1975,-213,-213,2216,109933,5760,-121,126318,3564,0,273,273,0,0,2444,-1,0,0,0,-26,4097,0,-204,0,19119915,0,0,0,0,2920924,56611321,56831041,57050761,0,35167,0,0,-10439061,804583,22602,-443317064,0,-204043029,6,0,0,0,0,109921,-1678,7154542,1,0
184,2025-10-29T11:43:30.062,2,,2915072,2918264,2915072,2918264,2919328,2918796,2918264,2915072,0,111646,0,85129,-1115,832,8250,38628209,7175013,1342772698,14312,14350026,2178652,3349052,2703,-16777216,0,654,0,0,4424548,2,1,21268414,150,16777216,32510,41,0,0,1,2918264,62819,54969,147269,128269,1279,1346,6824,47818876,15039354,0,42,0,1,0,38,153251,109660,-347,2810,0,2810,663,6824,47818876,15039354,0,4164,4028,-1,1,5279331,5192671,4326402,2923584,2922520,15,6303,4915,2584,505,-1978,-213,-213,2178,110024,6180,-134,126488,3562,0,273,273,0,0,4823,-1,0,0,0,-26,4097,0,-202,0,19119915,0,0,0,0,2920924,56611321,56831041,57050761,0,35167,0,0,-10262845,673212,23412,-414383261,-500679,-203535544,7,0,0,0,0,110007,-1947,7175013,1,0
185,2025-10-29T11:43:30.163,2,,2915072,2918264,2915072,2918264,2919328,2918796,2918264,2915072,0,111665,0,83425,-2293,-1178,8250,29519056,-9109153,-1520538832,14291,-18218306,2178652,3349052,2703,-16777216,0,654,0,0,4424548,2,1,21380079,150,16777216,32510,41,0,0,1,2918264,62819,54969,147269,128269,1279,1346,6824,47818876,15039354,0,42,0,1,0,38,153044,110085,425,785,0,2799,667,6824,47818876,15039354,0,4163,4029,0,1,5279331,5194202,4260866,2923584,2922520,14,6307,4915,2575,504,-1963,-212,-212,2167,109665,6180,844,126547,3549,0,273,273,0,0,6535,-1,0,0,0,-26,4097,0,-202,0,19119915,0,0,0,0,2920924,56611321,56831041,57050761,0,35167,0,0,-10172840,610160,23830,-399925017,-834465,-202912144,7,0,0,0,0,109660,-1115,-9109153,1,0
186,2025-10-29T11:43:30.262,2,,2915072,2918264,2915072,2918264,2919328,2918796,2918264,2915072,0,111758,0,79379,-2867,-1401,8250,25801399,-10824353,1342772700,14297,-21648706,2178652,3349052,2703,-16777216,0,654,0,0,4424548,2,1,21603532,150,16777216,32510,41,0,0,1,2918264,62819,54969,147269,128269,1279,1346,6824,47818876,15039354,0,42,0,1,0,38,152618,110272,432,571,0,2799,666,6824,47818876,15039354,0,4160,4032,-1,1,5279331,5197786,4260866,2923584,2922520,12,6315,4915,2566,502,-1972,-212,-213,2167,109849,6711,788,126552,3555,0,273,273,0,0,8111,-1,0,0,0,-26,4097,0,-202,0,19119915,0,0,0,0,2920924,56611321,56831041,57050761,0,35167,0,0,-9989070,489163,24730,-370992601,-1251697,-200965823,7,0,0,0,0,109840,-1466,-10824353,1,0
187,2025-10-29T11:43:30.367,2,,2915072,2918264,2915072,2918264,2919328,2918796,2918264,2915072,0,111807,0,76921,-2049,818,8250,32969957,7168558,-1520538830,14305,14337116,2178652,3349052,2703,-16777216,0,654,0,0,4424548,2,1,21715339,150,16777216,32510,41,0,0,1,2918264,62819,54969,147269,128269,1279,1346,6824,47818876,15039354,0,42,0,1,0,38,152404,110058,-214,2808,0,2808,662,6824,47818876,15039354,0,4158,4034,-2,1,5279331,5199952,4326402,2923584,2922520,11,6322,4915,2557,500,-1990,-214,-215,2176,110309,6454,46,126587,3568,0,273,273,0,0,8111,-1,0,0,0,-26,4097,0,-202,0,19119915,0,0,0,0,2920924,56611321,56831041,57050761,0,35167,0,0,-9895412,431137,25248,-356515971,-1502036,-199660925,7,0,0,0,0,110272,-2867,7168558,1,0
188,2025-10-29T11:43:30.462,2,,2915072,2918264,2915072,2918264,2919328,2918796,2918264,2915072,0,111507,0,71837,-1995,1067,8250,32223721,6954871,1342772702,14318,13909742,2178652,3349052,2703,-16777216,0,654,0,0,4424548,2,1,21938709,150,16777216,32510,41,0,0,1,2918264,62819,54969,147269,128269,1279,1346,6824,47818876,15039354,0,42,0,1,0,38,151799,110258,-214,2679,0,2679,675,6824,47818876,15039354,0,4154,4038,-2,1,5279331,5204965,4326402,2924116,2926776,9,6310,4915,2539,496,-1612,-214,-216,2056,110514,5804,86,126738,3570,0,273,273,0,0,10320,-1,0,0,0,-26,4097,0,-202,0,19119915,0,0,0,0,2920924,56611321,56831041,57050761,0,35167,0,0,-9704494,320764,26198,-330080308,-1919268,-196427795,8,0,0,0,0,110472,-3062,6954871,1,0
189,2025-10-29T11:43:30.563,2,,2915072,2918264,2915072,2918264,2919328,2918796,2918264,2915072,0,111705,0,69302,-3076,-1081,8250,21504710,-10719011,-1520538828,14273,-21438022,2178652,3349052,2703,-16777216,0,654,0,0,4424548,2,1,22050414,150,16777216,32510,41,0,0,1,2918264,62819,54969,147269,128269,1279,1346,6824,47818876,15039354,0,42,0,1,0,38,151843,110704,446,509,0,2664,679,6824,47818876,15039354,0,4142,4050,-1,1,6437500,6365663,4260866,2924116,2926776,8,6314,4915,2516,493,-1590,-213,-215,2042,110276,5804,659,126853,3560,0,273,273,0,0,11853,-1,0,0,0,-26,4097,0,-202,0,19119915,0,0,0,0,2920924,56611321,56831041,57050761,0,35167,0,0,-9607372,268052,26601,-318219310,-2169607,-194516385,8,0,0,0,0,110258,-1995,-10719011,1,0
190,2025-10-29T11:43:30.666,2,,2915072,2918264,2915072,2918264,2919328,2918796,2918264,2915072,0,111790,0,64157,-3186,-1172,8250,19172593,-10526135,1342772704,14306,-21052270,2178652,3349052,2703,-16777216,0,654,0,0,4424548,2,1,22273969,150,16777216,32510,41,0,0,1,2918264,62819,54969,147269,128269,1279,1346,6824,47818876,15039354,0,42,0,1,0,38,151256,110868,393,432,0,2657,678,6824,47818876,15039354,0,4138,4053,-1,1,6437500,6370743,4260866,2926244,2925712,6,6331,4915,2481,485,-1604,-213,-216,2036,110493,3095,606,127071,3561,0,273,273,0,0,14406,-1,0,0,0,-26,4097,0,-202,0,19119915,0,0,0,0,2920924,56611321,56831041,57050761,0,35167,0,0,-9410226,167564,27284,-294481916,-2670286,-190143209,8,0,0,0,0,110475,-2014,-10526135,1,0
191,2025-10-29T11:43:30.762,2,,2915072,2918264,2915072,2918264,2919328,2918796,2918264,2915072,0,111842,0,61492,-2143,1043,8250,27927464,8754871,-1520538826,14309,17509742,2178652,3349052,2703,-16777216,0,654,0,0,4424548,2,1,22385811,150,16777216,32510,41,0,0,1,2918264,62819,54969,147269,128269,1279,1346,6824,47818876,15039354,0,42,0,1,0,38,150981,110653,-215,2663,0,2663,674,6824,47818876,15039354,0,4137,4055,-2,1,6437500,6373343,4326402,2926244,2925712,5,6313,4896,2456,480,-1620,-215,-218,2041,110913,465,106,127119,3572,0,273,273,0,0,14406,-1,0,0,0,-26,4097,0,-202,0,19119915,0,0,0,0,2920924,56611321,56831041,57050761,0,35167,0,0,-9310290,119769,27580,-282606370,-2920625,-187698404,8,0,0,0,0,110868,-3186,8754871,1,0
192,2025-10-29T11:43:30.862,2,,2915072,2918264,2915072,2918264,2919328,2918796,2918264,2915072,0,111966,0,55961,-2288,1028,8250,26792018,8943412,1342772706,14325,17886824,2178652,3349052,2703,-16777216,0,654,0,0,4424548,2,1,22609692,150,16777216,32510,41,0,0,1,2918264,62819,54969,147269,128269,1279,1346,6824,47818876,15039354,0,42,0,1,0,38,150442,110881,-218,2664,0,2664,673,6824,47818876,15039354,0,4133,4058,-2,1,6437500,6378737,4326402,2920392,2923052,3,5081,3944,2397,468,-1636,-218,-221,2042,111148,-3225,10,127313,3574,0,273,273,0,0,15889,-1,0,0,0,-26,4097,0,-202,0,19119915,0,0,0,0,2920924,56611321,56831041,57050761,0,35167,0,0,-9107776,29093,28082,-258834360,-3421304,-182328038,8,0,0,0,0,111099,-3316,8943412,1,0
193,2025-10-29T11:43:30.963,2,,2915072,2918264,2915072,2918264,2919328,2918796,2918264,2915072,0,112009,0,52963,-3708,-1420,8250,14904769,-11887249,-1520538824,14332,-23774498,2178652,3349052,2703,-16777216,0,654,0,0,4424548,2,1,22721701,150,16777216,32510,41,0,0,1,2918264,62819,54969,147269,128269,1279,1346,6824,47818876,15039354,0,42,0,1,0,38,150139,111271,390,214,0,2661,676,6824,47818876,15039354,0,4131,4060,-1,1,6437500,6381539,4260866,2920392,2923052,2,4634,3602,2362,461,-1634,-219,-223,2039,110904,-3225,609,127429,3564,0,273,273,0,0,17252,-1,0,0,0,-26,4097,0,-202,0,19119915,0,0,0,0,2920924,56611321,56831041,57050761,0,35167,0,0,-9005321,-13868,28323,-246941082,-3588197,-179418867,8,0,0,0,0,110881,-2288,-11887249,1,0
194,2025-10-29T11:43:31.064,2,,2915072,2918264,2915072,2918264,2919328,2918796,2918264,2915072,0,112091,0,46499,-3841,-1152,8250,14567040,-9471010,1342772708,14339,-18942020,2178652,3349052,2703,-16777216,0,654,0,0,4424548,2,1,22945820,150,16777216,32510,41,0,0,1,2918264,62819,54969,147269,128269,1279,1346,6824,47818876,15039354,0,42,0,1,0,38,149622,111482,434,498,0,2662,677,6824,47818876,15039354,0,4127,4064,-1,1,6437500,6387736,4260866,2923584,2922520,15,3908,3042,2307,450,-1650,-224,-228,2040,111080,-6792,689,127712,3561,0,273,273,0,0,19346,-1,0,0,0,-26,4097,0,-200,0,19119915,0,0,0,0,2920924,56611321,56831041,57050761,0,35167,0,0,-8798146,-94910,28778,-223143802,-4088875,-173198563,8,0,0,0,0,111048,-2689,-9471010,1,0
195,2025-10-29T11:43:31.161,2,,2915072,2918264,2915072,2918264,2919328,2918796,2918264,2915072,0,112092,0,43158,-2840,1001,8250,23555718,8988678,-1520538822,14348,17977356,2178652,3349052,2703,-16777216,0,654,0,0,4424548,2,1,23057912,150,16777216,32510,41,0,0,1,2918264,62819,54969,147269,128269,1279,1346,6824,47818876,15039354,0,42,0,1,0,38,149320,111178,-304,2670,0,2670,672,6824,47818876,15039354,0,4125,4066,-2,1,6437500,6391001,4326402,2923584,2922520,14,3434,2677,2283,445,-1669,-227,-232,2048,111548,-11675,-77,127859,3571,0,273,273,0,0,19346,-1,0,0,0,-26,4097,0,-200,0,19119915,0,0,0,0,2920924,56611321,56831041,57050761,0,35167,0,0,-8693452,-132849,28957,-211241712,-4255768,-169903438,8,0,0,0,0,111482,-3841,8988678,1,0
196,2025-10-29T11:43:31.264,2,,2915072,2918264,2915072,2918264,2919328,2918796,2918264,2915072,0,112140,0,36062,-3127,986,8250,22012010,8941253,1342772710,14350,17882506,2178652,3349052,2703,-16777216,0,654,0,0,4424548,2,1,23282160,150,16777216,32510,41,0,0,1,2918264,62819,54969,147269,128269,1279,1346,6824,47818876,15039354,0,42,0,1,0,38,148728,111371,-231,2670,0,2670,672,6824,47818876,15039354,0,4121,4070,-2,1,6437500,6397818,4326402,2924116,2926776,12,2757,2155,2227,434,-1684,-231,-236,2048,111677,-17609,2,128075,3569,0,273,273,0,0,20250,-1,0,0,0,-26,4097,0,-200,0,19119915,0,0,0,0,2920924,56611321,56831041,57050761,0,35167,0,0,-8482052,-203715,29263,-187430734,-4589554,-162990007,8,0,0,0,0,111602,-4113,8941253,1,0
197,2025-10-29T11:43:31.364,2,,2915072,2918264,2915072,2918264,2919328,2918796,2918264,2915072,0,112185,0,32239,-4520,-1393,8250,10636430,-11375580,-1520538820,14354,-22751160,2178652,3349052,2703,-16777216,0,654,0,0,4424548,2,1,23394345,150,16777216,32510,41,0,0,1,2918264,62819,54969,147269,128269,1279,1346,6824,47818876,15039354,0,42,0,1,0,38,148482,111805,434,289,0,2659,676,6824,47818876,15039354,0,4119,4073,-2,1,6437500,6401438,4260866,2924116,2926776,11,2724,2127,2191,427,-1682,-231,-236,2037,111414,-17609,787,128222,3557,0,273,273,0,0,22521,-1,0,0,0,-26,4097,0,-200,0,19119915,0,0,0,0,2920924,56611321,56831041,57050761,0,35167,0,0,-8375383,-236691,29405,-175518768,-4839893,-159387401,8,0,0,0,0,111371,-3127,-11375580,1,0
198,2025-10-29T11:43:31.465,2,,2915072,2918264,2915072,2918264,2919328,2918796,2918264,2915072,0,112252,0,23934,-4966,-1404,8250,8201810,-11374324,1342772712,14362,-22748648,2178652,3349052,2703,-16777216,0,654,0,0,4424548,2,1,23618803,150,16777216,32510,41,0,0,1,2918264,62819,54969,147269,128269,1279,1346,6824,47818876,15039354,0,42,0,1,0,38,148006,112007,435,295,0,2641,677,6824,47818876,15039354,0,4114,4078,-2,1,6437500,6409302,4260866,2914540,2925712,9,3209,2510,2182,425,-1699,-231,-237,2021,111628,-2487,768,128559,3554,0,273,273,0,0,23455,-1,0,0,0,-26,4097,0,-200,0,19119915,0,0,0,0,2920924,56611321,56831041,57050761,0,35167,0,0,-8160261,-297730,29680,-151685492,-5257125,-151938982,8,0,0,0,0,111572,-3562,-11374324,1,0
199,2025-10-29T11:43:31.566,2,,2915072,2918264,2915072,2918264,2919328,2918796,2918264,2915072,0,112260,0,19427,-4048,918,8250,17063973,8862163,-1520538818,14368,17724326,2178652,3349052,2703,-16777216,0,654,0,0,4424548,2,1,23731063,150,16777216,32510,41,0,0,1,2918264,62819,54969,147269,128269,1279,1346,6824,47818876,15039354,0,42,0,1,0,38,147732,111775,-232,2637,0,2637,673,6824,47818876,15039354,0,4111,4080,-3,1,6437500,6413566,4326402,2914540,2925712,8,3607,2834,2199,428,-1719,-232,-238,2018,112117,-11442,20596,128759,3563,0,273,273,0,0,23455,-1,0,0,0,-26,4097,0,-200,0,19119915,0,0,0,0,2920924,56611321,56831041,57050761,0,35167,0,0,-8051869,-325795,29815,-139765562,-5340571,-148109871,8,0,0,0,0,112007,-4966,8862163,1,0
200,2025-10-29T11:43:31.662,2,,2915072,2918264,2915072,2918264,2919328,2918796,2918264,2915072,0,111678,0,13112,-2278,873,8250,31803236,6983782,1342772714,14331,13967564,2178652,3349052,2703,-16777216,0,654,0,0,4424548,2,1,23954701,150,16777216,32510,41,0,0,1,2918264,62819,54969,147269,128269,1279,1346,6824,47818876,15039354,0,42,0,1,0,38,147271,111321,-225,2590,0,2590,682,6824,47818876,15039354,0,4106,4085,-2,1,6437500,6421673,4260866,2926244,2916668,6,3996,3177,2208,431,-1717,-225,-231,1975,111590,-11442,18961,129023,3541,0,315,630,1,0,-40618,-1,0,0,0,-26,4097,0,-200,0,19119915,0,0,0,0,2920924,56611321,56831041,57050761,0,35167,0,0,-7833882,-373487,29368,-116019354,-5590911,-140321681,8,0,0,0,0,111546,-3151,6983782,1,0
201,2025-10-29T11:43:31.762,2,,2915072,2918264,2915072,2918264,2919328,2918796,2918264,2915072,0,111412,0,11264,-1418,860,8250,38231898,6428662,-1520538816,14295,12857324,2178652,3349052,2703,-16777216,0,654,0,0,4424548,2,1,24066113,150,16777216,32510,41,0,0,1,2918264,62819,54969,147269,128269,1279,1346,6824,47818876,15039354,0,42,0,1,0,38,147290,111096,-225,2575,0,2575,686,6824,47818876,15039354,0,4104,4087,-1,1,6437500,6424388,4260866,2926244,2916668,5,3528,2809,2142,419,-1715,-225,-231,1962,111344,-11442,20128,129185,3529,0,315,945,1,0,-40618,-1,0,0,0,-26,4097,0,-200,0,19119915,0,0,0,0,2920924,56611321,56831041,57050761,0,35167,0,0,-7724424,-393156,28829,-104189466,-5590911,-136384626,8,0,0,0,0,111321,-2278,6428662,1,0
202,2025-10-29T11:43:31.868,2,,2915072,2918264,2915072,2918264,2919328,2918796,2918264,2915072,0,111839,0,8864,-1259,-197,8250,37442482,-2620871,1342772716,14269,-5241742,2178652,3349052,2703,-16777216,0,654,0,0,4424548,2,1,24289428,150,16777216,32510,41,0,0,1,2918264,62819,54969,147269,128269,1279,1346,6824,47818876,15039354,0,42,0,1,0,38,147932,111873,394,1536,0,2582,685,6824,47818876,15039354,0,4102,4089,0,1,6437500,6427476,4260866,2926244,2925712,3,2207,1752,1831,359,-1733,-231,-238,1967,111484,-11442,21293,129512,3525,0,315,1575,1,0,-40618,-1,0,0,0,-26,4097,0,-200,0,19119915,0,0,0,0,2920924,56611321,56831041,57050761,0,35167,0,0,-7503831,-425554,27458,-80477556,-5674357,-128417289,8,0,0,0,0,111479,-1062,-2620871,1,0
203,2025-10-29T11:43:31.962,2,,2915072,2918264,2915072,2918264,2919328,2918796,2918264,2915072,0,112202,0,7505,-1459,-200,8250,35414253,-2028229,-1520538814,14315,-4056458,2178652,3349052,2703,-16777216,0,654,0,0,4424548,2,1,24401630,150,16777216,32510,41,0,0,1,2918264,62819,54969,147269,128269,1279,1346,6824,47818876,15039354,0,42,0,1,0,38,147825,112260,387,1553,0,2588,683,6824,47818876,15039354,0,4101,4090,0,1,6437500,6428636,4260866,2926244,2925712,2,1753,1387,1617,316,-1753,-236,-243,1973,111880,-11442,21226,129743,3531,0,315,1890,1,0,-40618,-1,0,0,0,-26,4097,0,-200,0,19119915,0,0,0,0,2920924,56611321,56831041,57050761,0,35167,0,0,-7392589,-439088,26793,-68563786,-5590911,-124398028,8,0,0,0,0,111873,-1259,-2028229,1,0
204,2025-10-29T11:43:32.062,2,,2915072,2918264,2915072,2918264,2919328,2918796,2918264,2915072,0,112917,0,3333,-2810,-772,8250,24802815,-5826234,1342772718,14408,-11652468,2178652,3349052,2703,-16777216,0,654,0,0,4424548,2,1,24627112,150,16777216,32510,41,0,0,1,2918264,62819,54969,147269,128269,1279,1346,6824,47818876,15039354,0,42,0,1,0,38,146186,113045,392,1021,0,2604,677,6824,47818876,15039354,0,4099,4092,-1,1,6437500,6431743,4260866,2914540,2916668,15,962,765,1128,219,-1793,-246,-252,1987,112671,-11442,16870,130039,3548,0,315,2520,1,0,-40618,-1,0,0,0,-26,4097,0,-197,0,19119915,0,0,0,0,2920924,56611321,56831041,57050761,0,35167,0,0,-7168433,-461874,25704,-44621780,-5507464,-116340815,8,0,0,0,0,112653,-2038,-5826234,1,0
205,2025-10-29T11:43:32.166,2,,2915072,2918264,2915072,2918264,2919328,2918796,2918264,2915072,0,113268,0,380,-3096,-286,8250,23558583,-1244232,-1520538812,14453,-2488464,2178652,3349052,2703,-16777216,0,654,0,0,4424548,2,1,24740380,150,16777216,32510,41,0,0,1,2918264,62819,54969,147269,128269,1279,1346,6824,47818876,15039354,0,42,0,1,0,38,144696,113410,365,1527,0,2611,675,6824,47818876,15039354,0,4098,4093,-1,1,6437500,6434167,4260866,2914540,2916668,14,622,498,904,175,-1813,-251,-257,1994,113079,-11442,16779,130188,3556,0,315,2835,1,0,-40618,-1,0,0,0,-26,4097,0,-197,0,19119915,0,0,0,0,2920924,56611321,56831041,57050761,0,35167,0,0,-7055551,-471220,25294,-32594818,-5424018,-112319626,8,0,0,0,0,113045,-2810,-1244232,1,0
206,2025-10-29T11:43:32.265,2,,2915072,2918264,2915072,2918264,2919328,2918796,2918264,2915072,0,113863,0,-6576,-3800,-292,8250,20053178,-1212911,1342772720,14538,-2425822,2178652,3349052,2703,-16777216,0,654,0,0,4424548,2,1,24967820,150,16777216,32510,41,0,0,1,2918264,62819,54969,147269,128269,1279,1346,6824,47818876,15039354,0,42,0,1,0,38,140548,114123,351,1558,0,2620,670,6824,47818876,15039354,0,4094,4097,-2,1,6437500,6440422,4260866,2914540,2926244,12,351,282,2469,475,-1850,-259,-265,2002,113826,-11442,13274,130488,3571,0,315,3465,1,0,-40618,-1,0,0,0,-26,4097,0,-197,0,19119915,0,0,0,0,2920924,56611321,56831041,57050761,0,35167,0,0,-6828333,-485021,24604,-8444910,-5340571,-104360523,8,0,0,0,0,113772,-3508,-1212911,1,0
207,2025-10-29T11:43:32.364,2,,2915072,2918264,2915072,2918264,2919328,2918796,2918264,2915072,0,114099,0,-10396,-3840,-40,8250,17706027,-2347151,-1520538810,14574,-4694302,2178652,3349052,2703,-16777216,0,654,0,0,4424548,2,1,25081919,150,16777216,32510,41,0,0,1,2918264,62819,54969,147269,128269,1279,1346,6824,47818876,15039354,0,42,0,1,0,38,137735,114495,372,1380,0,2511,678,6824,47818876,15039354,0,4091,4100,-2,1,6437500,6444076,4260866,2914540,2926244,11,266,213,2256,433,-1420,-253,-259,1904,114186,-11442,13288,130628,3578,0,315,3780,1,0,-40618,-1,0,0,0,-26,4097,0,-197,0,19119915,0,0,0,0,2920924,56611321,56831041,57050761,0,35167,0,0,-6714144,-489297,24292,948752,-5340571,-100447498,9,0,0,0,0,114123,-3800,-2347151,1,0
208,2025-10-29T11:43:32.462,2,,2915072,2918264,2915072,2918264,2919328,2918796,2918264,2915072,0,115148,0,-17318,-3366,-47,8250,-2851049,-10845113,1342772722,14683,-21690226,2178652,3349052,2703,-16777216,0,654,0,0,4424548,2,1,25311779,150,16777216,32510,41,0,0,1,2918264,62819,54969,147269,128269,1279,1346,6824,47818876,15039354,0,42,0,1,0,38,134640,115366,436,-167,0,2261,701,6824,47818876,15039354,0,4096,4096,0,0,0,0,4195330,2914540,2926244,9,469,374,2026,386,120,-259,-265,1687,114977,0,10615,131159,3589,0,0,0,1,0,-40618,-1,0,0,0,-26,4097,0,-197,0,19119915,0,0,0,0,2920924,56611321,56831041,57050761,0,35167,0,0,-6484278,-495900,23456,948752,-5507464,-92728920,9,0,0,0,0,114930,-3319,-10845113,1,0
209,2025-10-29T11:43:32.565,2,,2915072,2918264,2915072,2918264,2919328,2918796,2918264,2915072,0,115580,0,-20749,-3497,-131,8250,-10901735,-8050686,-1520538808,14739,-16101372,2178652,3349052,2703,-16777216,0,654,0,0,4424548,2,1,25427359,150,16777216,32510,41,0,0,1,2918264,62819,54969,147269,128269,1279,1346,6824,47818876,15039354,0,42,0,1,0,38,132658,115795,429,-246,0,2266,698,6824,47818876,15039354,0,4096,4096,0,0,0,0,4195330,2914540,2926244,8,766,612,1945,369,115,-260,-266,1691,115415,0,9842,131428,3595,0,0,0,1,0,-40618,-1,0,0,0,-26,4097,0,-197,0,19119915,0,0,0,0,2920924,56611321,56831041,57050761,0,35167,0,0,-6368695,-499170,22980,948752,-5590911,-88936301,9,0,0,0,0,115366,-3366,-8050686,1,0
210,2025-10-29T11:43:32.667,2,,2915072,2918264,2915072,2918264,2919328,2918796,2918264,2915072,0,116434,0,-27715,-3352,189,8250,-16559559,-941690,1342772724,14849,-1883380,2178652,3349052,2703,-16777216,0,654,0,0,4424548,2,1,25659801,150,16777216,32510,41,0,0,1,2918264,62819,54969,147269,128269,1279,1346,6824,47818876,15039354,0,42,0,1,0,38,127993,116647,426,83,0,2272,690,6824,47818876,15039354,0,4096,4096,0,0,0,0,4195330,2914540,2920392,6,1795,1437,1784,336,106,-261,-267,1696,116274,0,6999,131994,3606,0,0,0,1,0,-40618,-1,0,0,0,-26,4097,0,-197,0,19119915,0,0,0,0,2920924,56611321,56831041,57050761,0,35167,0,0,-6136247,-505814,21942,948752,-5674357,-81521331,9,0,0,0,0,116221,-3541,-941690,1,0
211,2025-10-29T11:43:32.764,2,,2915072,2918264,2915072,2918264,2919328,2918796,2918264,2915072,0,116855,0,-30866,-2950,402,8250,-14710547,1849012,-1520538806,14903,3698024,2178652,3349052,2703,-16777216,0,654,0,0,4424548,2,1,25776656,150,16777216,32510,41,0,0,1,2918264,62819,54969,147269,128269,1279,1346,6824,47818876,15039354,0,42,0,1,0,38,125303,117063,416,301,0,2271,687,6824,47818876,15039354,0,4096,4096,0,0,0,0,4195330,2914540,2920392,5,2221,1770,1748,328,101,-260,-267,1695,116695,0,6675,132282,3611,0,0,0,1,0,-40618,-1,0,0,0,-26,4097,0,-197,0,19119915,0,0,0,0,2920924,56611321,56831041,57050761,0,35167,0,0,-6019390,-508803,21343,948752,-5674357,-77907232,9,0,0,0,0,116647,-3352,1849012,1,0
212,2025-10-29T11:43:32.863,2,,2915072,2918264,2915072,2918264,2919328,2918796,2918264,2915072,0,117683,0,-36038,-2238,339,8250,-11249506,1664331,1342772726,15010,3328662,2178652,3349052,2703,-16777216,0,654,0,0,4424548,2,1,26011609,150,16777216,32510,41,0,0,1,2918264,62819,54969,147269,128269,1279,1346,6824,47818876,15039354,0,42,0,1,0,38,119475,117889,412,247,0,2273,681,6824,47818876,15039354,0,4096,4096,0,0,0,0,4195330,2914540,2920392,3,2889,2280,1760,328,92,-260,-267,1697,117505,0,6577,132853,3621,0,0,0,1,0,-40618,-1,0,0,0,-26,4097,0,-197,0,19119915,0,0,0,0,2920924,56611321,56831041,57050761,0,35167,0,0,-5784433,-513649,19968,948752,-5590911,-70904740,9,0,0,0,0,117477,-2577,1664331,1,0
213,2025-10-29T11:43:32.963,2,,2915072,2918264,2915072,2918264,2919328,2918796,2918264,2915072,0,118092,0,-38106,-1897,341,8250,-9412422,1837084,-1520538804,15063,3674168,2178652,3349052,2703,-16777216,0,654,0,0,4424548,2,1,26129701,150,16777216,32510,41,0,0,1,2918264,62819,54969,147269,128269,1279,1346,6824,47818876,15039354,0,42,0,1,0,38,116290,118296,407,253,0,2275,678,6824,47818876,15039354,0,4096,4096,0,0,0,0,4195330,2914540,2923584,2,3718,2919,1815,337,88,-262,-268,1699,117910,0,6277,132980,3631,0,0,0,1,0,-40618,-1,0,0,0,-26,4097,0,-197,0,19119915,0,0,0,0,2920924,56611321,56831041,57050761,0,35167,0,0,-5666340,-515553,19214,948752,-5507464,-67524908,9,0,0,0,0,117889,-2238,1837084,1,0
214,2025-10-29T11:43:33.062,2,,2915072,2918264,2915072,2918264,2919328,2918796,2918264,2915072,0,118908,0,-41303,-1307,287,8250,-6289442,1543584,1342772728,15168,3087168,2178652,3349052,2703,-16777216,0,654,0,0,4424548,2,1,26367109,150,16777216,32510,41,0,0,1,2918264,62819,54969,147269,128269,1279,1346,6824,47818876,15039354,0,42,0,1,0,38,109404,119112,408,207,0,2254,672,6824,47818876,15039354,0,4096,4096,0,0,0,0,4195330,2914540,2923584,15,5831,4531,2001,369,80,-256,-262,1681,118714,0,5692,133418,3644,0,0,0,1,0,-40618,-1,0,0,0,-26,4097,0,-195,0,19119915,0,0,0,0,2920924,56611321,56831041,57050761,0,35167,0,0,-5428932,-518420,17626,948752,-5340571,-61044070,9,0,0,0,0,118704,-1594,1543584,1,0
215,2025-10-29T11:43:33.165,2,,2915072,2918264,2915072,2918264,2919328,2918796,2918264,2915072,0,119319,0,-42518,-1122,185,8250,-5638485,650957,-1520538802,15220,1301914,2178652,3349052,2703,-16777216,0,654,0,0,4424548,2,1,26486428,150,16777216,32510,41,0,0,1,2918264,62819,54969,147269,128269,1279,1346,6824,47818876,15039354,0,42,0,1,0,38,105744,119526,414,109,0,2242,670,6824,47818876,15039354,0,4096,4096,0,0,0,0,4195330,2914540,2923584,14,6353,4915,2111,388,76,-252,-258,1671,119119,0,5399,133700,3649,0,0,0,1,0,-40618,-1,0,0,0,-26,4097,0,-195,0,19119915,0,0,0,0,2920924,56611321,56831041,57050761,0,35167,0,0,-5309613,-519470,16813,948752,-5173679,-57954347,9,0,0,0,0,119112,-1307,650957,1,0
216,2025-10-29T11:43:33.262,2,,2915072,2918264,2915072,2918264,2919328,2918796,2918264,2915072,0,120146,0,-44546,-930,72,8250,-5486683,-53901,1342772730,15326,-107802,2178652,3349052,2703,-16777216,0,654,0,0,4424548,2,1,26726307,150,16777216,32510,41,0,0,1,2918264,62819,54969,147269,128269,1279,1346,6824,47818876,15039354,0,42,0,1,0,38,97898,120351,410,4,0,2245,663,6824,47818876,15039354,0,4096,4096,0,0,0,0,4195330,2914540,2923584,12,6407,4915,2301,420,68,-253,-259,1673,119945,0,4787,134094,3663,0,0,0,1,0,-40618,-1,0,0,0,-26,4097,0,-195,0,19119915,0,0,0,0,2920924,56611321,56831041,57050761,0,35167,0,0,-5069734,-521165,15210,948752,-4839893,-52109406,9,0,0,0,0,119941,-1002,-53901,1,0
217,2025-10-29T11:43:33.362,2,,2915072,2918264,2915072,2918264,2919328,2918796,2918264,2915072,0,120554,0,-45456,-890,40,8250,-5649858,-163175,-1520538800,15379,-326350,2178652,3349052,2703,-16777216,0,654,0,0,4424548,2,1,26846861,150,16777216,32510,41,0,0,1,2918264,62819,54969,147269,128269,1279,1346,6824,47818876,15039354,0,42,0,1,0,38,93766,120757,406,-24,0,2250,660,6824,47818876,15039354,0,4096,4096,0,0,0,0,4195330,2914540,2923584,11,6433,4915,2375,432,64,-254,-260,1677,120354,0,4480,134336,3669,0,0,0,1,0,-40618,-1,0,0,0,-26,4097,0,-195,0,19119915,0,0,0,0,2920924,56611321,56831041,57050761,0,35167,0,0,-4949181,-521907,14437,948752,-4673000,-49368661,9,0,0,0,0,120351,-930,-163175,1,0
218,2025-10-29T11:43:33.466,2,,2915072,2918264,2915072,2918264,2919328,2918796,2918264,2915072,0,121353,0,-47175,-832,26,8250,-5736794,-12085,1342772732,15482,-24170,2178652,3349052,2703,-16777216,0,654,0,0,4424548,2,1,27089170,150,16777216,32510,41,0,0,1,2918264,62819,54969,147269,128269,1279,1346,6824,47818876,15039354,0,42,0,1,0,38,85095,121550,394,-32,0,2263,653,6824,47818876,15039354,0,4096,4096,0,0,0,0,4195330,2914540,2923584,9,6485,4915,2441,441,58,-258,-263,1688,121159,0,3878,134830,3680,0,0,0,1,0,-40618,-1,0,0,0,-26,4097,0,-195,0,19119915,0,0,0,0,2920924,56611321,56831041,57050761,0,35167,0,0,-4706873,-523290,12972,948752,-4255768,-44281384,9,0,0,0,0,121156,-858,-12085,1,0
219,2025-10-29T11:43:33.562,2,,2915072,2918264,2915072,2918264,2919328,2918796,2918264,2915072,0,121746,0,-47973,-764,68,8250,-5259816,476978,-1520538798,15533,953956,2178652,3349052,2703,-16777216,0,654,0,0,4424548,2,1,27210916,150,16777216,32510,41,0,0,1,2918264,62819,54969,147269,128269,1279,1346,6824,47818876,15039354,0,42,0,1,0,38,80527,121942,392,13,0,2268,652,6824,47818876,15039354,0,4096,4096,0,0,0,0,4195330,2914540,2923584,8,6510,4915,2444,440,55,-260,-265,1693,121552,0,4003,135074,3685,0,0,0,1,0,-40618,-1,0,0,0,-26,4097,0,-195,0,19119915,0,0,0,0,2920924,56611321,56831041,57050761,0,35167,0,0,-4585128,-523919,12288,948752,-4005429,-41950822,9,0,0,0,0,121550,-832,476978,1,0
220,2025-10-29T11:43:33.664,2,,2915072,2918264,2915072,2918264,2919328,2918796,2918264,2915072,0,122518,0,-49410,-678,37,8250,-4754313,208386,1342772734,15633,416772,2178652,3349052,2703,-16777216,0,654,0,0,4424548,2,1,27455569,150,16777216,32510,41,0,0,1,2918264,62819,54969,147269,128269,1279,1346,6824,47818876,15039354,0,42,0,1,0,38,70976,122709,381,-12,0,2282,645,6824,47818876,15039354,0,4096,4096,0,0,0,0,4195330,2914540,2923052,6,6561,4915,2448,438,49,-264,-268,1704,122330,0,3391,135549,3696,0,0,0,1,0,-40618,-1,0,0,0,-26,4097,0,-195,0,19119915,0,0,0,0,2920924,56611321,56831041,57050761,0,35167,0,0,-4340477,-525016,11031,948752,-3504750,-37750904,9,0,0,0,0,122328,-715,208386,1,0
221,2025-10-29T11:43:33.765,2,,2915072,2918264,2915072,2918264,2919328,2918796,2918264,2915072,0,122897,0,-50068,-638,40,8250,-4494878,259435,-1520538796,15682,518870,2178652,3349052,2703,-16777216,0,654,0,0,4424548,2,1,27578466,150,16777216,32510,41,0,0,1,2918264,62819,54969,147269,128269,1279,1346,6824,47818876,15039354,0,42,0,1,0,38,65985,123085,376,-7,0,2287,642,6824,47818876,15039354,0,4096,4096,0,0,0,0,4195330,2914540,2923052,5,6586,4915,2450,437,47,-266,-270,1709,122710,0,3080,135794,3701,0,0,0,1,0,-40618,-1,0,0,0,-26,4097,0,-195,0,19119915,0,0,0,0,2920924,56611321,56831041,57050761,0,35167,0,0,-4217580,-525504,10468,948752,-3170965,-35894223,9,0,0,0,0,122709,-678,259435,1,0
222,2025-10-29T11:43:33.863,2,,2915072,2918264,2915072,2918264,2919328,2918796,2918264,2915072,0,123638,0,-51282,-574,33,8250,-4072330,228340,1342772736,15778,456680,2178652,3349052,2703,-16777216,0,654,0,0,4424548,2,1,27825374,150,16777216,32510,41,0,0,1,2918264,62819,54969,147269,128269,1279,1346,6824,47818876,15039354,0,42,0,1,0,38,55309,123821,366,-9,0,2299,636,6824,47818876,15039354,0,4096,4096,0,0,0,0,4195330,2914540,2923052,3,6634,4915,2460,436,42,-270,-273,1720,123456,0,2478,136294,3710,0,0,0,1,0,-40618,-1,0,0,0,-26,4097,0,-195,0,19119915,0,0,0,0,2920924,56611321,56831041,57050761,0,35167,0,0,-3970675,-526375,9489,948752,-2586840,-32707180,9,0,0,0,0,123455,-607,228340,1,0
223,2025-10-29T11:43:33.966,2,,2915072,2918264,2915072,2918264,2919328,2918796,2918264,2915072,0,124001,0,-51840,-542,32,8250,-3846403,225927,-1520538794,15826,451854,2178652,3349052,2703,-16777216,0,654,0,0,4424548,2,1,27949375,150,16777216,32510,41,0,0,1,2918264,62819,54969,147269,128269,1279,1346,6824,47818876,15039354,0,42,0,1,0,38,49668,124182,361,-8,0,2306,633,6824,47818876,15039354,0,4096,4096,0,0,0,0,4195330,2924116,2923052,2,6657,4915,2467,436,40,-272,-275,1726,123822,0,2184,136535,3714,0,0,0,1,0,-40618,-1,0,0,0,-26,4097,0,-195,0,19119915,0,0,0,0,2920924,56611321,56831041,57050761,0,35167,0,0,-3846675,-526761,9081,948752,-2169607,-31389359,9,0,0,0,0,123821,-574,225927,1,0
224,2025-10-29T11:43:34.062,2,,2915072,2918264,2915072,2918264,2919328,2918796,2918264,2915072,0,124715,0,-52862,-474,39,8250,-3354877,297653,1342772738,15918,595306,2178652,3349052,2703,-16777216,0,654,0,0,4424548,2,1,28198450,150,16777216,32510,41,0,0,1,2918264,62819,54969,147269,128269,1279,1346,6824,47818876,15039354,0,42,0,1,0,38,37841,124891,352,2,0,2318,628,6824,47818876,15039354,0,4096,4096,0,0,0,0,4195330,2911880,2923052,15,6705,4915,2476,435,37,-276,-278,1736,124540,0,1620,137024,3722,0,0,0,1,0,-40618,-1,0,0,0,-26,4097,0,-192,0,19119915,0,0,0,0,2920924,56611321,56831041,57050761,0,35167,0,0,-3597603,-527437,8447,948752,-1502036,-29347423,9,0,0,0,0,124539,-513,297653,1,0
225,2025-10-29T11:43:34.162,2,,2915072,2918264,2915072,2918264,2919328,2918796,2918264,2915072,0,125064,0,-53310,-422,52,8250,-2952020,402857,-1520538792,15963,805714,2178652,3349052,2703,-16777216,0,654,0,0,4424548,2,1,28323514,150,16777216,32510,41,0,0,1,2918264,62819,54969,147269,128269,1279,1346,6824,47818876,15039354,0,42,0,1,0,38,31661,125238,347,16,0,2324,625,6824,47818876,15039354,0,4096,4096,0,0,0,0,4195330,2911880,2923052,14,6728,4915,2483,435,36,-278,-279,1741,124891,0,1350,137265,3726,0,0,0,1,0,-40618,-1,0,0,0,-26,4097,0,-192,0,19119915,0,0,0,0,2920924,56611321,56831041,57050761,0,35167,0,0,-3472540,-527712,8227,948752,-1084804,-28637216,9,0,0,0,0,124891,-474,402857,1,0
226,2025-10-29T11:43:34.263,2,,2915072,2918264,2915072,2918264,2919328,2918796,2918264,2915072,0,125720,0,-54063,-320,61,8250,-2236472,443456,1342772740,16052,886912,2178652,3349052,2703,-16777216,0,654,0,0,4424548,2,1,28574643,150,16777216,32510,41,0,0,1,2918264,62819,54969,147269,128269,1279,1346,6824,47818876,15039354,0,42,0,1,0,38,18632,125859,278,26,0,2336,621,6824,47818876,15039354,0,4096,4096,0,0,0,0,4195330,2911880,2923052,12,6775,4915,2485,433,35,-283,-283,1751,125581,0,814,137516,3740,0,0,0,1,0,-40618,-1,0,0,0,-26,4097,0,-192,0,19119915,0,0,0,0,2920924,56611321,56831041,57050761,0,35167,0,0,-3221414,-528116,8000,948752,-333786,-27872972,9,0,0,0,0,125581,-381,443456,1,0
227,2025-10-29T11:43:34.361,2,,2915072,2918264,2915072,2918264,2919328,2918796,2918264,2915072,0,125946,0,-54357,-268,52,8250,-1903376,333096,-1520538790,16092,666192,2178652,3349052,2703,-16777216,0,654,0,0,4424548,2,1,28700589,150,16777216,32510,41,0,0,1,2918264,62819,54969,147269,128269,1279,1346,6824,47818876,15039354,0,42,0,1,0,38,11914,126044,185,18,0,2339,619,6824,47818876,15039354,0,4096,4096,0,0,0,0,4195330,2911880,2923052,11,6796,4915,2486,432,34,-284,-284,1754,125859,0,652,137719,3743,0,0,0,1,0,-40618,-1,0,0,0,-26,4097,0,-192,0,19119915,0,0,0,0,2920924,56611321,56831041,57050761,0,35167,0,0,-3095468,-528235,7996,948885,0,-27822022,10,0,0,0,0,125859,-320,333096,1,0
228,2025-10-29T11:43:34.463,2,,2918264,2917732,2918264,2917732,2919328,2918796,2917732,2918264,0,126338,0,-54621,191,416,8250,2009520,3679658,1342772742,16146,7359316,2178652,3349052,2703,-16777216,0,654,0,0,4424548,2,1,28953067,150,16777216,32510,41,0,0,1,2918264,62819,54969,147269,128269,1279,1346,6824,47818876,15039354,0,42,0,1,0,38,255085,126441,205,382,0,2348,615,6824,47818876,15039354,0,4096,4096,0,0,0,0,4194560,2913476,2918264,9,6838,4915,2482,430,34,-285,-285,1762,126236,0,887,138153,3742,0,0,0,1,0,-40618,-1,0,0,0,-26,4097,0,-192,0,19119915,0,0,0,0,2920924,56611321,56831041,57050761,0,35167,0,0,-2842990,-528149,8023,948885,0,-27822022,10,0,0,0,0,126236,-225,3679658,1,0
229,2025-10-29T11:43:34.562,2,,2918264,2917732,2918264,2917732,2919328,2918796,2917732,2918264,0,126541,0,-53925,1202,1011,8250,10694435,8684915,-1520538788,16171,17369830,2178652,3349052,2703,-16777216,0,654,0,0,4424548,2,1,29079608,150,16777216,32510,41,0,0,1,2918264,62819,54969,147269,128269,1279,1346,6824,47818876,15039354,0,42,0,1,0,38,250691,126641,200,977,0,2352,613,6824,47818876,15039354,0,4096,4096,0,0,0,0,4194560,2913476,2918264,8,6850,4915,2481,429,34,-286,-286,1765,126441,0,829,138371,3742,0,0,0,1,0,-40618,-1,0,0,0,-26,4097,0,-192,0,19119915,0,0,0,0,2920924,56611321,56831041,57050761,0,35167,0,0,-2716450,-527277,8010,948885,83446,-27822022,10,0,0,0,0,126441,191,8684915,1,0
230,2025-10-29T11:43:34.666,2,,2918264,2917732,2918264,2917732,2919328,2918796,2917732,2918264,0,125890,0,-56156,-3431,-2314,8250,-31972365,-19572824,1342772744,16192,-39145648,2178652,3349052,2703,-16777216,0,654,0,0,4424548,2,1,29331995,150,16777216,32510,41,0,0,1,2918264,62819,54969,147269,128269,1279,1346,6824,47818876,15039354,0,42,0,2,0,38,238160,125427,-926,-2348,0,2348,615,6824,47818876,15039354,0,4096,4096,0,0,0,0,4327425,2920392,2926776,6,6743,4915,2466,426,34,-287,-286,1762,126357,67047,7175,137686,3758,0,0,0,1,0,-40618,-1,0,0,0,-26,4097,0,-192,0,19119915,0,0,0,0,2920924,56611321,56831041,57050761,0,35167,0,0,-2464061,-529158,8149,948885,83446,-27822022,10,0,0,0,0,126353,-1117,-19572824,1,0
231,2025-10-29T11:43:34.764,2,,2918264,2917732,2918264,2917732,2919328,2918796,2917732,2918264,0,124162,0,-58403,-1063,2368,8250,-5854477,26117888,-1520538786,16114,52235776,2178652,3349052,2703,-16777216,0,654,0,0,4424548,2,1,29456157,150,16777216,32510,41,0,0,1,2918264,62819,54969,147269,128269,1279,1346,6824,47818876,15039354,0,42,0,2,0,38,232348,122897,-2530,2334,0,2334,621,6824,47818876,15039354,0,4096,4096,0,0,0,0,4260866,2917200,2926776,5,6763,4915,2437,423,34,-283,-282,1749,125473,67047,-2247,137904,3725,0,273,273,1,0,-7458,-1,0,0,0,-26,4097,0,-192,0,19119915,0,0,0,0,2920924,56611321,56831041,57050761,0,35167,0,0,-2339896,-531233,8272,948885,166892,-27822022,10,0,0,0,0,125427,-3431,26117888,1,0
232,2025-10-29T11:43:34.866,2,,2918264,2917732,2918264,2917732,2919328,2918796,2917732,2918264,0,123370,0,-57570,1423,769,8250,14878018,4795832,1342772746,15750,9591664,2178652,3349052,2703,-16777216,0,654,0,0,4424548,2,1,29702576,150,16777216,32510,41,0,0,1,2918264,62819,54969,147269,128269,1279,1346,6824,47818876,15039354,0,42,0,2,0,38,226477,123539,338,735,0,2295,639,6824,47818876,15039354,0,4096,4096,0,0,0,0,4260866,2917200,2926776,3,6802,4915,2309,410,34,-273,-272,1716,123202,67047,2325,138331,3647,0,273,819,1,0,-7458,-1,0,0,0,-26,4097,0,-192,0,19119915,0,0,0,0,2920924,56611321,56831041,57050761,0,35167,0,0,-2093479,-530058,8313,948885,166892,-27822022,10,0,0,0,0,123201,654,4795832,1,0
233,2025-10-29T11:43:34.963,2,,2918264,2917732,2918264,2917732,2919328,2918796,2917732,2918264,0,123715,0,-56021,1675,252,8250,14598247,-279771,-1520538784,15791,-559542,2178652,3349052,2703,-16777216,0,654,0,0,4424548,2,1,29826291,150,16777216,32510,41,0,0,1,2918264,62819,54969,147269,128269,1279,1346,6824,47818876,15039354,0,42,0,2,0,38,224369,123892,353,218,0,2301,635,6824,47818876,15039354,0,4096,4096,0,0,0,0,4260866,2917200,2926776,2,6822,4915,2315,410,34,-274,-273,1721,123547,67047,2260,138535,3652,0,273,1092,1,0,-7458,-1,0,0,0,-26,4097,0,-192,0,19119915,0,0,0,0,2920924,56611321,56831041,57050761,0,35167,0,0,-1969766,-528337,8293,948885,166892,-27822022,10,0,0,0,0,123539,1423,-279771,1,0
234,2025-10-29T11:43:35.065,2,,2918264,2917732,2918264,2917732,2919328,2918796,2917732,2918264,0,124421,0,-52754,1536,-125,8250,9795412,-2565598,1342772748,15881,-5131196,2178652,3349052,2703,-16777216,0,654,0,0,4424548,2,1,30074782,150,16777216,32510,41,0,0,1,2918264,62819,54969,147269,128269,1279,1346,6824,47818876,15039354,0,42,0,2,0,38,220271,124595,347,-159,0,2313,631,6824,47818876,15039354,0,4096,4096,0,0,0,0,4260866,2925180,2917200,15,6861,4915,2339,412,34,-278,-277,1731,124259,67047,2053,138935,3663,0,273,1638,1,0,-7458,-1,0,0,0,-26,4097,0,-190,0,19119915,0,0,0,0,2920924,56611321,56831041,57050761,0,35167,0,0,-1721281,-524725,8257,948885,250339,-27822022,10,0,0,0,0,124248,1661,-2565598,1,0
235,2025-10-29T11:43:35.164,2,,2918264,2917732,2918264,2917732,2919328,2918796,2917732,2918264,0,124766,0,-51293,1385,-151,8250,7607888,-2187524,-1520538782,15926,-4375048,2178652,3349052,2703,-16777216,0,654,0,0,4424548,2,1,30199548,150,16777216,32510,41,0,0,1,2918264,62819,54969,147269,128269,1279,1346,6824,47818876,15039354,0,42,0,2,0,38,218264,124937,342,-185,0,2318,628,6824,47818876,15039354,0,4096,4096,0,0,0,0,4260866,2925180,2917200,14,6880,4915,2346,412,34,-279,-278,1736,124604,67047,1952,139147,3667,0,273,1911,1,0,-7458,-1,0,0,0,-26,4097,0,-190,0,19119915,0,0,0,0,2920924,56611321,56831041,57050761,0,35167,0,0,-1596517,-523091,8252,948885,250339,-27822022,10,0,0,0,0,124595,1536,-2187524,1,0
236,2025-10-29T11:43:35.263,2,,2918264,2917732,2918264,2917732,2919328,2918796,2917732,2918264,0,125444,0,-48792,1126,-119,8250,4818114,-1155529,1342772750,16013,-2311058,2178652,3349052,2703,-16777216,0,654,0,0,4424548,2,1,30450098,150,16777216,32510,41,0,0,1,2918264,62819,54969,147269,128269,1279,1346,6824,47818876,15039354,0,42,0,2,0,38,213607,125613,338,-153,0,2323,623,6824,47818876,15039354,0,4096,4096,0,0,0,0,4260866,2925180,2917200,12,6894,4915,881,154,34,-280,-279,1740,125281,67047,854,139435,3680,0,273,2457,1,0,-7458,-1,0,0,0,-26,4097,0,-190,0,19119915,0,0,0,0,2920924,56611321,56831041,57050761,0,35167,0,0,-1345970,-520242,8267,948885,333785,-27822022,10,0,0,0,0,125275,1245,-1155529,1,0
237,2025-10-29T11:43:35.362,2,,2918264,2917732,2918264,2917732,2919328,2918796,2917732,2918264,0,125546,0,-47715,1028,-98,8250,4042277,-775837,-1520538780,16057,-1551674,2178652,3349052,2703,-16777216,0,654,0,0,4424548,2,1,30575644,150,16777216,32510,41,0,0,1,2918264,62819,54969,147269,128269,1279,1346,6824,47818876,15039354,0,42,0,2,0,38,211008,125479,-134,-132,0,2362,619,6824,47818876,15039354,0,4096,4096,0,0,0,0,4260866,2925180,2917200,11,6904,4915,1349,235,34,-291,-290,1774,125618,67047,157,139634,3684,0,273,2730,1,0,-7458,-1,0,0,0,-26,4097,0,-190,0,19119915,0,0,0,0,2920924,56611321,56831041,57050761,0,35167,0,0,-1220427,-518991,8286,948885,333785,-27822022,10,0,0,0,0,125613,1126,-775837,1,0
238,2025-10-29T11:43:35.462,2,,2918264,2917732,2918264,2917732,2919328,2918796,2917732,2918264,0,125876,0,-46691,-884,-1835,8250,-13185119,-16722500,1342772752,16078,-33445000,2178652,3349052,2703,-16777216,0,654,0,0,4424548,2,1,30827133,150,16777216,32510,41,0,0,1,2918264,62819,54969,147269,128269,1279,1346,6824,47818876,15039354,0,42,0,2,0,38,205956,126006,259,-1869,0,2348,619,6824,47818876,15039354,0,4096,4096,0,0,0,0,4260866,2925712,2917200,9,6922,4915,2116,368,34,-287,-286,1762,125750,67047,14559,140022,3678,0,215,215,2,0,100448,-1,0,0,0,-26,4097,0,-190,0,19119915,0,0,0,0,2920924,56611321,56831041,57050761,0,35167,0,0,-968939,-517617,8378,948885,333785,-27822022,10,0,0,0,0,125747,951,-16722500,1,0
239,2025-10-29T11:43:35.567,2,,2918264,2917732,2918264,2917732,2919328,2918796,2917732,2918264,0,126139,0,-48387,-2508,-1624,8250,-25718894,-12533775,-1520538778,16112,-25067550,2178652,3349052,2703,-16777216,0,654,0,0,4424548,2,1,30953272,150,16777216,32510,41,0,0,1,2918264,62819,54969,147269,128269,1279,1346,6824,47818876,15039354,0,42,0,2,0,38,203356,126272,266,-1658,0,2346,617,6824,47818876,15039354,0,4096,4096,0,0,0,0,4260866,2925712,2917200,8,6930,4915,2454,426,34,-287,-286,1760,126009,67047,14554,140215,3680,0,215,430,2,0,100448,-1,0,0,0,-26,4097,0,-190,0,19119915,0,0,0,0,2920924,56611321,56831041,57050761,0,35167,0,0,-842799,-519138,8517,948885,333785,-27822022,10,0,0,0,0,126006,-884,-12533775,1,0
240,2025-10-29T11:43:35.661,2,,2918264,2917732,2918264,2917732,2919328,2918796,2917732,2918264,0,126700,0,-55649,-4563,-836,8250,-36930399,-3668920,1342772754,16181,-7337840,2178652,3349052,2703,-16777216,0,654,0,0,4424548,2,1,31206384,150,16777216,32510,41,0,0,1,2918264,62819,54969,147269,128269,1279,1346,6824,47818876,15039354,0,42,0,2,0,38,198009,126847,294,-870,0,2345,613,6824,47818876,15039354,0,4096,4096,0,0,0,0,4260866,2925712,2917200,6,6951,4915,2875,497,34,-286,-285,1759,126607,67047,14213,140604,3686,0,215,860,2,0,100448,-1,0,0,0,-26,4097,0,-190,0,19119915,0,0,0,0,2920924,56611321,56831041,57050761,0,35167,0,0,-589677,-526049,8957,948885,333785,-27822022,10,0,0,0,0,126553,-3727,-3668920,1,0
241,2025-10-29T11:43:35.764,2,,2918264,2917732,2918264,2917732,2919328,2918796,2917732,2918264,0,126998,0,-60464,-5067,-504,8250,-37783479,-853080,-1520538776,16218,-1706160,2178652,3349052,2703,-16777216,0,654,0,0,4424548,2,1,31333382,150,16777216,32510,41,0,0,1,2918264,62819,54969,147269,128269,1279,1346,6824,47818876,15039354,0,42,0,2,0,38,195169,127150,303,-538,0,2348,611,6824,47818876,15039354,0,4096,4096,0,0,0,0,4260866,2925712,2917200,5,6959,4915,2766,477,34,-287,-286,1762,126929,67047,14134,140787,3690,0,215,1075,2,0,100448,-1,0,0,0,-26,4097,0,-190,0,19119915,0,0,0,0,2920924,56611321,56831041,57050761,0,35167,0,0,-462672,-530688,9228,948885,333785,-27822022,10,0,0,0,0,126847,-4563,-853080,1,0
242,2025-10-29T11:43:35.866,2,,2918264,2917732,2918264,2917732,2919328,2918796,2917732,2918264,0,125566,0,-72334,-4643,2372,8250,-26013508,26491392,1342772756,16183,52982784,2178652,3349052,2703,-16777216,0,654,0,0,4424548,2,1,31585377,150,16777216,32510,41,0,0,1,2918264,62819,54969,147269,128269,1279,1346,6824,47818876,15039354,0,42,0,1,0,38,189985,125424,-284,2338,0,2338,619,6824,47818876,15039354,0,4096,4096,0,0,0,0,4260866,2926244,2919328,3,6972,4915,1875,324,34,-284,-283,1753,125903,-47762,65,140465,3665,0,273,273,1,0,-24799,-1,0,0,0,-26,4097,0,-190,0,19119915,0,0,0,0,2920924,56611321,56831041,57050761,0,35167,0,0,-210662,-542208,9861,948885,333785,-27822022,10,0,0,0,0,125708,-7015,26491392,1,0
243,2025-10-29T11:43:35.963,2,,2918264,2917732,2918264,2917732,2919328,2918796,2917732,2918264,0,125244,0,-75790,-2268,2375,8250,-4081542,21931966,-1520538774,16072,43863932,2178652,3349052,2703,-16777216,0,654,0,0,4424548,2,1,31710621,150,16777216,32510,41,0,0,1,2918264,62819,54969,147269,128269,1279,1346,6824,47818876,15039354,0,42,0,1,0,38,188116,125063,-361,2341,0,2341,621,6824,47818876,15039354,0,4096,4096,0,0,0,0,4260866,2926244,2919328,2,6975,4915,1189,207,34,-285,-284,1755,125509,-47762,-76,140560,3654,0,273,546,1,0,-24799,-1,0,0,0,-26,4097,0,-190,0,19119915,0,0,0,0,2920924,56611321,56831041,57050761,0,35167,0,0,-85413,-545490,10077,948885,333785,-27822022,10,0,0,0,0,125424,-4643,21931966,1,0
244,2025-10-29T11:43:36.065,2,,2918264,2917732,2918264,2917732,2919328,2918796,2917732,2918264,0,124631,0,-75557,2514,2403,8250,31787165,16948092,1342772758,15990,33896184,2178652,3349052,2703,-16777216,0,654,0,0,4424548,2,1,31960172,150,16777216,32510,41,0,0,1,2918264,62819,54969,147269,128269,1279,1346,6824,47818876,15039354,0,42,0,1,0,38,185638,124484,-293,2369,0,2369,624,6824,47818876,15039354,0,4096,4096,0,0,0,0,4260866,2926244,2919328,15,5388,3788,1040,182,34,-293,-292,1780,124777,-47762,1807,140933,3626,0,273,1092,1,0,-24799,-1,0,0,0,-26,4097,0,-187,0,19119915,0,0,0,0,2920924,56611321,56831041,57050761,0,35167,0,0,164137,-544911,10218,948885,333785,-27822022,10,0,0,0,0,124777,111,16948092,1,0
245,2025-10-29T11:43:36.166,2,,2918264,2917732,2918264,2917732,2919328,2918796,2917732,2918264,0,124630,0,-72488,3624,1110,8250,35653145,3865980,-1520538772,15953,7731960,2178652,3349052,2703,-16777216,0,654,0,0,4424548,2,1,32084802,150,16777216,32510,41,0,0,1,2918264,62819,54969,147269,128269,1279,1346,6824,47818876,15039354,0,42,0,1,0,38,185330,124777,293,1076,0,2367,627,6824,47818876,15039354,0,4096,4096,0,0,0,0,4260866,2926244,2919328,14,5973,4190,724,127,34,-292,-291,1778,124509,-47762,2835,141116,3613,0,273,1365,1,0,-24799,-1,0,0,0,-26,4097,0,-187,0,19119915,0,0,0,0,2920924,56611321,56831041,57050761,0,35167,0,0,288763,-541669,10168,948885,333785,-27822022,10,0,0,0,0,124484,2514,3865980,1,0
246,2025-10-29T11:43:36.263,2,,2918264,2917732,2918264,2917732,2919328,2918796,2917732,2918264,0,125269,0,-65424,3207,-441,8250,22449076,-7843941,1342772760,15993,-15687882,2178652,3349052,2703,-16777216,0,654,0,0,4424548,2,1,32335014,150,16777216,32510,41,0,0,1,2918264,62819,54969,147269,128269,1279,1346,6824,47818876,15039354,0,42,0,1,0,38,185397,125428,318,-475,0,2348,623,6824,47818876,15039354,0,4096,4096,0,0,0,0,4260866,2923584,2919328,12,7023,4915,1509,264,34,-287,-286,1761,125163,-47762,2832,141418,3623,0,273,1911,1,0,-24799,-1,0,0,0,-26,4097,0,-187,0,19119915,0,0,0,0,2920924,56611321,56831041,57050761,0,35167,0,0,538964,-534257,10030,948885,333785,-27822022,10,0,0,0,0,125110,3648,-7843941,1,0
247,2025-10-29T11:43:36.367,2,,2918264,2917732,2918264,2917732,2919328,2918796,2917732,2918264,0,125584,0,-62500,2641,-566,8250,15242899,-7206177,-1520538770,16034,-14412354,2178652,3349052,2703,-16777216,0,654,0,0,4424548,2,1,32460598,150,16777216,32510,41,0,0,1,2918264,62819,54969,147269,128269,1279,1346,6824,47818876,15039354,0,42,0,1,0,38,185382,125740,312,-600,0,2346,621,6824,47818876,15039354,0,4096,4096,0,0,0,0,4260866,2923584,2919328,11,7037,4915,1857,324,34,-286,-285,1760,125468,-47762,2766,141600,3628,0,273,2184,1,0,-24799,-1,0,0,0,-26,4097,0,-187,0,19119915,0,0,0,0,2920924,56611321,56831041,57050761,0,35167,0,0,664544,-531159,9983,948885,333785,-27822022,10,0,0,0,0,125428,3207,-7206177,1,0
248,2025-10-29T11:43:36.461,2,,2918264,2917732,2918264,2917732,2919328,2918796,2917732,2918264,0,126209,0,-58211,1704,-412,8250,6216394,-3559738,1342772762,16115,-7119476,2178652,3349052,2703,-16777216,0,654,0,0,4424548,2,1,32712703,150,16777216,32510,41,0,0,1,2918264,62819,54969,147269,128269,1279,1346,6824,47818876,15039354,0,42,0,1,0,38,184802,126366,314,-446,0,2345,617,6824,47818876,15039354,0,4096,4096,0,0,0,0,4260866,2923584,2919328,9,7047,4915,2316,402,34,-286,-285,1759,126069,-47762,1177,141959,3637,0,273,2730,1,0,-24799,-1,0,0,0,-26,4097,0,-187,0,19119915,0,0,0,0,2920924,56611321,56831041,57050761,0,35167,0,0,916643,-526520,9951,948885,333785,-27822022,10,0,0,0,0,126052,2116,-3559738,1,0
249,2025-10-29T11:43:36.564,2,,2918264,2917732,2918264,2917732,2919328,2918796,2917732,2918264,0,126284,0,-56638,1441,-263,8250,4472805,-1743589,-1520538768,16155,-3487178,2178652,3349052,2703,-16777216,0,654,0,0,4424548,2,1,32838987,150,16777216,32510,41,0,0,1,2918264,62819,54969,147269,128269,1279,1346,6824,47818876,15039354,0,42,0,1,0,38,183488,126201,-165,-297,0,2348,614,6824,47818876,15039354,0,4096,4096,0,0,0,0,4260866,2923584,2919328,8,7028,4915,2455,425,34,-287,-286,1761,126377,-47762,122,142135,3641,0,273,3003,1,0,-24799,-1,0,0,0,-26,4097,0,-187,0,19119915,0,0,0,0,2920924,56611321,56831041,57050761,0,35167,0,0,1042924,-524772,9957,948885,333785,-27822022,10,0,0,0,0,126366,1704,-1743589,1,0
250,2025-10-29T11:43:36.666,2,,2918264,2917732,2918264,2917732,2919328,2918796,2917732,2918264,0,125885,0,-54061,1167,-106,8250,3478800,-232935,1342772764,16123,-465870,2178652,3349052,2703,-16777216,0,654,0,0,4424548,2,1,33090832,150,16777216,32510,41,0,0,1,2918264,62819,54969,147269,128269,1279,1346,6824,47818876,15039354,0,42,0,1,0,38,180452,126051,332,-140,0,2331,620,6824,47818876,15039354,0,4096,4096,0,0,0,0,4260866,2923584,2919328,6,7021,4915,2629,456,34,-283,-282,1747,125725,-47762,837,142488,3613,0,273,3549,1,0,-24799,-1,0,0,0,-26,4097,0,-187,0,19119915,0,0,0,0,2920924,56611321,56831041,57050761,0,35167,0,0,1294765,-521845,9984,948885,333785,-27822022,10,0,0,0,0,125719,1273,-232935,1,0
251,2025-10-29T11:43:36.767,2,,2918264,2917732,2918264,2917732,2919328,2918796,2917732,2918264,0,126216,0,-52925,1105,-62,8250,3537208,58408,-1520538766,16113,116816,2178652,3349052,2703,-16777216,0,654,0,0,4424548,2,1,33217048,150,16777216,32510,41,0,0,1,2918264,62819,54969,147269,128269,1279,1346,6824,47818876,15039354,0,42,0,1,0,38,179468,126382,331,-96,0,2336,618,6824,47818876,15039354,0,4096,4096,0,0,0,0,4260866,2923584,2919328,5,7036,4915,2691,467,34,-284,-283,1751,126056,-47762,816,142488,3623,0,273,3822,1,0,-24799,-1,0,0,0,-26,4097,0,-187,0,19119915,0,0,0,0,2920924,56611321,56831041,57050761,0,35167,0,0,1420980,-520534,10000,948885,250339,-27822022,10,0,0,0,0,126051,1167,58408,1,0
252,2025-10-29T11:43:36.861,2,,2918264,2917732,2918264,2917732,2919328,2918796,2917732,2918264,0,126866,0,-50919,761,-312,8250,1221379,-2517358,1342772766,16198,-5034716,2178652,3349052,2703,-16777216,0,654,0,0,4424548,2,1,33470460,150,16777216,32510,41,0,0,1,2918264,62819,54969,147269,128269,1279,1346,6824,47818876,15039354,0,42,0,1,0,38,177505,127023,313,-346,0,2345,612,6824,47818876,15039354,0,4096,4096,0,0,0,0,4195330,2911348,2919328,3,7067,4915,2792,482,34,-286,-285,1759,126714,0,695,142824,3633,0,0,0,1,0,-24799,-1,0,0,0,-26,4097,0,-187,0,19119915,0,0,0,0,2920924,56611321,56831041,57050761,0,35167,0,0,1674388,-518176,10035,948885,250339,-27822022,10,0,0,0,0,126710,1073,-2517358,1,0
253,2025-10-29T11:43:36.965,2,,2918264,2917732,2918264,2917732,2919328,2918796,2917732,2918264,0,127177,0,-50345,387,-374,8250,-1586737,-2808116,-1520538764,16239,-5616232,2178652,3349052,2703,-16777216,0,654,0,0,4424548,2,1,33597637,150,16777216,32510,41,0,0,1,2918264,62819,54969,147269,128269,1279,1346,6824,47818876,15039354,0,42,0,1,0,38,176536,127331,308,-408,0,2350,611,6824,47818876,15039354,0,4096,4096,0,0,0,0,4195330,2911348,2919328,2,7084,4915,2822,486,34,-288,-287,1763,127025,0,641,142988,3638,0,0,0,1,0,-24799,-1,0,0,0,-26,4097,0,-187,0,19119915,0,0,0,0,2920924,56611321,56831041,57050761,0,35167,0,0,1801564,-517426,10066,948885,250339,-27822022,10,0,0,0,0,127023,761,-2808116,1,0
254,2025-10-29T11:43:37.064,2,,2918264,2917732,2918264,2917732,2919328,2918796,2917732,2918264,0,127763,0,-50188,-195,-255,8250,-5009508,-1319057,1342772768,16318,-2638114,2178652,3349052,2703,-16777216,0,654,0,0,4424548,2,1,33852882,150,16777216,32510,41,0,0,1,2918264,62819,54969,147269,128269,1279,1346,6824,47818876,15039354,0,42,0,1,0,38,174638,127893,260,-289,0,2360,605,6824,47818876,15039354,0,4096,4096,0,0,0,0,4195330,2911348,2919328,15,7114,4915,2853,489,34,-290,-289,1772,127633,0,550,143318,3647,0,0,0,1,0,-24799,-1,0,0,0,-26,4097,0,-185,0,19119915,0,0,0,0,2920924,56611321,56831041,57050761,0,35167,0,0,2056808,-516914,10156,948885,166892,-27822022,10,0,0,0,0,127633,60,-1319057,1,0
255,2025-10-29T11:43:37.167,2,,2918264,2917732,2918264,2917732,2919328,2918796,2917732,2918264,0,127999,0,-50472,-374,-179,8250,-5641543,-632035,-1520538762,16354,-1264070,2178652,3349052,2703,-16777216,0,654,0,0,4424548,2,1,33980881,150,16777216,32510,41,0,0,1,2918264,62819,54969,147269,128269,1279,1346,6824,47818876,15039354,0,42,0,1,0,38,173713,128105,212,-213,0,2364,604,6824,47818876,15039354,0,4096,4096,0,0,0,0,4195330,2923052,2919328,14,7128,4915,2865,490,34,-291,-290,1775,127893,0,503,143482,3650,0,0,0,1,0,-24799,-1,0,0,0,-26,4097,0,-185,0,19119915,0,0,0,0,2920924,56611321,56831041,57050761,0,35167,0,0,2184807,-517021,10211,948885,166892,-27822022,10,0,0,0,0,127893,-195,-632035,1,0
256,2025-10-29T11:43:37.262,2,,2918264,2917732,2918264,2917732,2919328,2918796,2917732,2918264,0,128455,0,-51418,-543,-55,8250,-5535619,246931,1342772770,16413,493862,2178652,3349052,2703,-16777216,0,654,0,0,4424548,2,1,34237562,150,16777216,32510,41,0,0,1,2918264,62819,54969,147269,128269,1279,1346,6824,47818876,15039354,0,42,0,1,0,38,171980,128564,217,-89,0,2371,600,6824,47818876,15039354,0,4096,4096,0,0,0,0,4195330,2923052,2919328,12,7156,4915,2876,490,34,-293,-292,1782,128347,0,510,143671,3659,0,0,0,1,0,-24799,-1,0,0,0,-26,4097,0,-185,0,19119915,0,0,0,0,2920924,56611321,56831041,57050761,0,35167,0,0,2441488,-517610,10322,948885,166892,-27822022,10,0,0,0,0,128347,-488,246931,1,0
257,2025-10-29T11:43:37.362,2,,2918264,2917732,2918264,2917732,2919328,2918796,2917732,2918264,0,128705,0,-52239,-1100,-557,8250,-10048318,-4512699,-1520538760,16442,-9025398,2178652,3349052,2703,-16777216,0,654,0,0,4424548,2,1,34366267,150,16777216,32510,41,0,0,1,2918264,62819,54969,147269,128269,1279,1346,6824,47818876,15039354,0,42,0,1,0,38,170888,128847,283,-591,0,2376,600,6824,47818876,15039354,0,4096,4096,0,0,0,0,4260866,2923052,2919328,11,7156,4915,2875,489,34,-294,-293,1785,128565,0,23381,143827,3661,0,215,215,0,0,102347,-1,0,0,0,-26,4097,0,-185,0,19119915,0,0,0,0,2920924,56611321,56831041,57050761,0,35167,0,0,2570195,-518253,10385,948885,83446,-27822022,10,0,0,0,0,128564,-543,-4512699,1,0
258,2025-10-29T11:43:37.463,2,,2918264,2917732,2918264,2917732,2919328,2918796,2917732,2918264,0,128133,0,-51455,40,-1274,8250,-959585,-14007255,1342772772,16438,-28014510,2178652,3349052,2703,-16777216,0,654,0,0,4424548,2,1,34622825,150,16777216,32510,41,0,0,1,2918264,62819,54969,147269,128269,1279,1346,6824,47818876,15039354,0,42,0,1,0,38,168708,128263,260,-1308,0,2365,603,6824,47818876,15039354,0,4096,4096,0,0,0,0,4260866,2924116,2923052,9,7168,4915,2874,489,34,-292,-291,1776,128009,13106,1214,144133,3637,0,273,273,1,0,449,-1,0,0,0,-26,4097,0,-185,0,19119915,0,0,0,0,2920924,56611321,56831041,57050761,0,35167,0,0,2826750,-517113,10396,948885,83446,-27822022,10,0,0,0,0,128003,1314,-14007255,1,0
259,2025-10-29T11:43:37.567,2,,2918264,2917732,2918264,2917732,2919328,2918796,2917732,2918264,0,128398,0,-51882,-895,-935,8250,-9441315,-8481730,-1520538758,16401,-16963460,2178652,3349052,2703,-16777216,0,654,0,0,4424548,2,1,34751223,150,16777216,32510,41,0,0,1,2918264,62819,54969,147269,128269,1279,1346,6824,47818876,15039354,0,42,0,1,0,38,168191,128534,271,-969,0,2369,601,6824,47818876,15039354,0,4096,4096,0,0,0,0,4260866,2924116,2923052,8,7168,4915,2862,488,34,-293,-292,1780,128263,13106,25210,144265,3641,0,215,215,0,0,102066,-1,0,0,0,-26,4097,0,-185,0,19119915,0,0,0,0,2920924,56611321,56831041,57050761,0,35167,0,0,2955149,-517361,10426,948885,0,-27822022,10,0,0,0,0,128263,40,-8481730,1,0
260,2025-10-29T11:43:37.666,2,,2918264,2917732,2918264,2917732,2919328,2918796,2917732,2918264,0,128878,0,-55998,-3171,-1088,8250,-26597980,-7560933,1342772774,16469,-15121866,2178652,3349052,2703,-16777216,0,654,0,0,4424548,2,1,35008765,150,16777216,32510,41,0,0,1,2918264,62819,54969,147269,128269,1279,1346,6824,47818876,15039354,0,42,0,1,0,38,166599,129054,260,-1122,0,2381,597,6824,47818876,15039354,0,4096,4096,0,0,0,0,4260866,2924116,2923052,6,7181,4915,2874,488,34,-294,-294,1790,128810,13106,25259,144576,3648,0,215,645,0,0,102066,-1,0,0,0,-26,4097,0,-185,0,19119915,0,0,0,0,2920924,56611321,56831041,57050761,0,35167,0,0,3212701,-521120,10607,948930,83446,-27835917,11,0,0,0,0,128794,-2083,-7560933,1,0
261,2025-10-29T11:43:37.763,2,,2918264,2917732,2918264,2917732,2919328,2918796,2917732,2918264,0,129186,0,-59587,-4008,-837,8250,-31251305,-4653325,-1520538756,16496,-9306650,2178652,3349052,2703,-16777216,0,654,0,0,4424548,2,1,35137951,150,16777216,32510,41,0,0,1,2918264,62819,54969,147269,128269,1279,1346,6824,47818876,15039354,0,42,0,1,0,38,165861,129319,265,-871,0,2385,596,6824,47818876,15039354,0,4096,4096,0,0,0,0,4260866,2915604,2923052,5,7191,4915,2867,486,34,-297,-296,1793,129092,13106,25228,144706,3652,0,215,860,0,0,102066,-1,0,0,0,-26,4097,0,-185,0,19119915,0,0,0,0,2920924,56611321,56831041,57050761,0,35167,0,0,3341890,-524529,10808,948930,417232,-28059787,11,0,0,0,0,129054,-3171,-4653325,1,0
262,2025-10-29T11:43:37.864,2,,2918264,2917732,2918264,2917732,2919328,2918796,2917732,2918264,0,128326,0,-63866,-1381,203,8250,-5411515,790610,1342772776,16480,1581220,2178652,3349052,2703,-16777216,0,654,0,0,4424548,2,1,35395024,150,16777216,32510,41,0,0,1,2918264,62819,54969,147269,128269,1279,1346,6824,47818876,15039354,0,42,0,1,0,38,163859,128477,302,168,0,2368,601,6824,47818876,15039354,0,4096,4096,0,0,0,0,4260866,2915604,2923052,3,7188,4915,2758,468,35,-293,-291,1779,128184,6660,27465,144976,3621,0,227,227,0,0,90673,-1,0,0,0,-26,4097,0,-185,0,19119915,0,0,0,0,2920924,56611321,56831041,57050761,0,35167,0,0,3598966,-528452,11296,948930,1168249,-29282578,11,0,0,0,0,128175,-1584,790610,1,0
263,2025-10-29T11:43:37.965,2,,2918264,2917732,2918264,2917732,2919328,2918796,2917732,2918264,0,128618,0,-65523,-1934,-553,8250,-11434082,-6022567,-1520538754,16426,-12045134,2178652,3349052,2703,-16777216,0,654,0,0,4424548,2,1,35523642,150,16777216,32510,41,0,0,1,2918264,62819,54969,147269,128269,1279,1346,6824,47818876,15039354,0,42,0,1,0,38,163312,128759,282,-589,0,2376,600,6824,47818876,15039354,0,4096,4096,0,0,0,0,4260866,2917732,2915604,2,7191,4915,2719,463,36,-295,-293,1785,128484,6660,27451,144981,3629,0,227,454,0,0,90673,-1,0,0,0,-26,4097,0,-185,0,19119915,0,0,0,0,2920924,56611321,56831041,57050761,0,35167,0,0,3727584,-529930,11622,948930,1502035,-30268842,11,0,0,0,0,128477,-1381,-6022567,1,0
264,2025-10-29T11:43:38.066,2,,2918264,2917732,2918264,2917732,2919328,2918796,2917732,2918264,0,128970,0,-68685,-821,963,8250,-1429710,8585732,1342772778,16500,17171464,2178652,3349052,2703,-16777216,0,654,0,0,4424548,2,1,35781519,150,16777216,32510,41,0,0,1,2918264,62819,54969,147269,128269,1279,1346,6824,47818876,15039354,0,42,0,1,0,38,162148,128884,-171,924,0,2387,595,6824,47818876,15039354,0,4096,4096,0,0,0,0,4260866,2917732,2915604,15,7212,4915,2643,448,39,-300,-297,1795,129067,6660,129,145241,3639,0,273,273,1,0,-9673,-1,0,0,0,-26,4097,0,-182,0,19119915,0,0,0,0,2920924,56611321,56831041,57050761,0,35167,0,0,3985462,-532734,12473,948930,2169606,-32949407,11,0,0,0,0,129055,-1784,8585732,1,0
265,2025-10-29T11:43:38.167,2,,2918264,2917732,2918264,2917732,2919328,2918796,2917732,2918264,0,129022,0,-69211,-231,590,8250,2588628,4018338,-1520538752,16508,8036676,2178652,3349052,2703,-16777216,0,654,0,0,4424548,2,1,35910541,150,16777216,32510,41,0,0,1,2918264,62819,54969,147269,128269,1279,1346,6824,47818876,15039354,0,42,0,1,0,38,161741,129161,277,549,0,2385,597,6824,47818876,15039354,0,4096,4096,0,0,0,0,4260866,2917732,2915604,14,7219,4915,2609,442,41,-299,-296,1793,128886,6660,759,145371,3631,0,273,546,1,0,-9673,-1,0,0,0,-26,4097,0,-182,0,19119915,0,0,0,0,2920924,56611321,56831041,57050761,0,35167,0,0,4114483,-533081,12948,948930,2503392,-34626482,11,0,0,0,0,128884,-821,4018338,1,0
266,2025-10-29T11:43:38.262,2,,2918264,2917732,2918264,2917732,2919328,2918796,2917732,2918264,0,129586,0,-69062,307,196,8250,4253083,218829,1342772780,16551,437658,2178652,3349052,2703,-16777216,0,654,0,0,4424548,2,1,36169429,150,16777216,32510,41,0,0,1,2918264,62819,54969,147269,128269,1279,1346,6824,47818876,15039354,0,42,0,1,0,38,161266,129728,284,151,0,2394,594,6824,47818876,15039354,0,4096,4096,0,0,0,0,4260866,2917732,2915604,12,7230,4915,2633,445,45,-303,-299,1801,129444,6660,587,145565,3642,0,273,1092,1,0,-9673,-1,0,0,0,-26,4097,0,-182,0,19119915,0,0,0,0,2920924,56611321,56831041,57050761,0,35167,0,0,4373368,-532573,14021,948930,3087517,-38629604,11,0,0,0,0,129444,111,218829,1,0
267,2025-10-29T11:43:38.361,2,,2918264,2917732,2918264,2917732,2919328,2918796,2917732,2918264,0,129816,0,-68686,445,138,8250,4188382,-64701,-1520538750,16587,-129402,2178652,3349052,2703,-16777216,0,654,0,0,4424548,2,1,36299245,150,16777216,32510,41,0,0,1,2918264,62819,54969,147269,128269,1279,1346,6824,47818876,15039354,0,42,0,1,0,38,160955,129904,176,90,0,2399,591,6824,47818876,15039354,0,4096,4096,0,0,0,0,4260866,2917732,2915604,11,7248,4915,2669,450,48,-304,-300,1805,129728,6660,480,145693,3647,0,273,1365,1,0,-9673,-1,0,0,0,-26,4097,0,-182,0,19119915,0,0,0,0,2920924,56611321,56831041,57050761,0,35167,0,0,4503181,-532016,14626,948930,3421303,-40936925,11,0,0,0,0,129728,307,-64701,1,0
268,2025-10-29T11:43:38.463,2,,2918264,2917732,2918264,2917732,2919328,2918796,2917732,2918264,0,130211,0,-67546,722,165,8250,4722894,598999,1342772782,16641,1197998,2178652,3349052,2703,-16777216,0,654,0,0,4424548,2,1,36559467,150,16777216,32510,41,0,0,1,2918264,62819,54969,147269,128269,1279,1346,6824,47818876,15039354,0,42,0,1,0,38,160340,130305,187,111,0,2412,588,6824,47818876,15039354,0,4096,4096,0,0,0,0,4260866,2917732,2915604,9,6380,4320,2743,461,54,-309,-304,1817,130119,6660,496,145933,3652,0,273,1911,1,0,-9673,-1,0,0,0,-26,4097,0,-182,0,19119915,0,0,0,0,2920924,56611321,56831041,57050761,0,35167,0,0,4763399,-530515,15970,948930,4005428,-46126044,11,0,0,0,0,130118,557,598999,1,0
269,2025-10-29T11:43:38.566,2,,2918264,2917732,2918264,2917732,2919328,2918796,2917732,2918264,0,130395,0,-66700,970,248,8250,6121709,1398815,-1520538748,16667,2797630,2178652,3349052,2703,-16777216,0,654,0,0,4424548,2,1,36689862,150,16777216,32510,41,0,0,1,2918264,62819,54969,147269,128269,1279,1346,6824,47818876,15039354,0,42,0,1,0,38,160048,130486,181,191,0,2422,586,6824,47818876,15039354,0,4096,4096,0,0,0,0,4260866,2917732,2915604,8,6271,4244,2777,466,57,-312,-307,1826,130307,6660,493,146050,3654,0,273,2184,1,0,-9673,-1,0,0,0,-26,4097,0,-182,0,19119915,0,0,0,0,2920924,56611321,56831041,57050761,0,35167,0,0,4893791,-529488,16696,948930,4172321,-48990192,11,0,0,0,0,130305,722,1398815,1,0
270,2025-10-29T11:43:38.661,2,,2918264,2917732,2918264,2917732,2919328,2918796,2917732,2918264,0,130777,0,-64035,1744,435,8250,11099807,2839184,1342772784,16715,5678368,2178652,3349052,2703,-16777216,0,654,0,0,4424548,2,1,36951222,150,16777216,32510,41,0,0,1,2918264,62819,54969,147269,128269,1279,1346,6824,47818876,15039354,0,42,0,1,0,38,159510,130875,195,371,0,2431,583,6824,47818876,15039354,0,4096,4096,0,0,0,0,4260866,2917732,2915604,6,5871,3972,2845,476,64,-316,-310,1834,130686,6660,511,146224,3660,0,273,2730,1,0,-9673,-1,0,0,0,-26,4097,0,-182,0,19119915,0,0,0,0,2920924,56611321,56831041,57050761,0,35167,0,0,5155144,-526460,18201,948930,4672999,-55217276,11,0,0,0,0,130680,1309,2839184,1,0
271,2025-10-29T11:43:38.763,2,,2918264,2917732,2918264,2917732,2919328,2918796,2917732,2918264,0,130968,0,-62075,2177,433,8250,13680880,2581073,-1520538746,16739,5162146,2178652,3349052,2703,-16777216,0,654,0,0,4424548,2,1,37082190,150,16777216,32510,41,0,0,1,2918264,62819,54969,147269,128269,1279,1346,6824,47818876,15039354,0,42,0,1,0,38,159252,131061,186,365,0,2440,582,6824,47818876,15039354,0,4096,4096,0,0,0,0,4260866,2917732,2915604,5,5551,3756,2873,480,68,-318,-312,1841,130886,6660,504,146329,3663,0,273,3003,1,0,-9673,-1,0,0,0,-26,4097,0,-182,0,19119915,0,0,0,0,2920924,56611321,56831041,57050761,0,35167,0,0,5286107,-524318,18954,948930,4839892,-58564018,11,0,0,0,0,130875,1744,2581073,1,0
272,2025-10-29T11:43:38.862,2,,2918264,2917732,2918264,2917732,2919328,2918796,2917732,2918264,0,131328,0,-56530,3435,695,8250,21728870,4471303,1342772786,16787,8942606,2178652,3349052,2703,-16777216,0,654,0,0,4424548,2,1,37344665,150,16777216,32510,41,0,0,1,2918264,62819,54969,147269,128269,1279,1346,6824,47818876,15039354,0,42,0,1,0,38,158763,131423,190,618,0,2452,579,6824,47818876,15039354,0,4096,4096,0,0,0,0,4260866,2917732,2915604,3,5362,3626,2899,483,77,-322,-315,1852,131261,6660,512,146506,3668,0,273,3549,1,0,-9673,-1,0,0,0,-26,4097,0,-182,0,19119915,0,0,0,0,2920924,56611321,56831041,57050761,0,35167,0,0,5548572,-518409,20379,948930,5090231,-65680533,11,0,0,0,0,131233,2740,4471303,1,0
273,2025-10-29T11:43:38.967,2,,2918264,2917732,2918264,2917732,2919328,2918796,2917732,2918264,0,131508,0,-52690,4246,811,8250,26882203,5153333,-1520538744,16810,10306666,2178652,3349052,2703,-16777216,0,654,0,0,4424548,2,1,37476173,150,16777216,32510,41,0,0,1,2918264,62819,54969,147269,128269,1279,1346,6824,47818876,15039354,0,42,0,1,0,38,158538,131594,171,730,0,2458,577,6824,47818876,15039354,0,4096,4096,0,0,0,0,4260866,2917732,2923584,2,5259,3555,2891,481,81,-324,-317,1857,131467,6660,495,146530,3673,0,273,3822,1,0,-9673,-1,0,0,0,-26,4097,0,-182,0,19119915,0,0,0,0,2920924,56611321,56831041,57050761,0,35167,0,0,5680072,-514387,21004,948930,5173678,-69431225,11,0,0,0,0,131423,3435,5153333,1,0
274,2025-10-29T11:43:39.061,2,,2918264,2917732,2918264,2917732,2919328,2918796,2917732,2918264,0,131862,0,-44997,3443,-405,8250,16296287,-4710220,1342772788,16856,-9420440,2178652,3349052,2703,-16777216,0,654,0,0,4424548,2,1,37739723,150,16777216,32510,41,0,0,1,2918264,62819,54969,147269,128269,1279,1346,6824,47818876,15039354,0,42,0,1,0,38,158119,131943,161,-496,0,2468,575,6824,47818876,15039354,0,4096,4096,0,0,0,0,4260866,2917732,2923584,15,4914,3321,2827,469,91,-327,-320,1866,131838,6660,488,146633,3681,0,227,454,0,0,90407,-1,0,0,0,-26,4097,0,-179,0,19119915,0,0,0,0,2920924,56611321,56831041,57050761,0,35167,0,0,5943609,-506328,22238,948930,5340571,-77272309,11,0,0,0,0,131782,3848,-4710220,1,0
275,2025-10-29T11:43:39.165,2,,2918264,2917732,2918264,2917732,2919328,2918796,2917732,2918264,0,132028,0,-41610,3331,-112,8250,14984891,-1311396,-1520538742,16878,-2622792,2178652,3349052,2703,-16777216,0,654,0,0,4424548,2,1,37871751,150,16777216,32510,41,0,0,1,2918264,62819,54969,147269,128269,1279,1346,6824,47818876,15039354,0,42,0,1,0,38,157919,132113,170,-208,0,2474,574,6824,47818876,15039354,0,4096,4096,0,0,0,0,4260866,2917732,2922520,14,5242,3541,2806,465,96,-329,-322,1872,131987,6660,499,146629,3685,0,227,681,0,0,90407,-1,0,0,0,-26,4097,0,-179,0,19119915,0,0,0,0,2920924,56611321,56831041,57050761,0,35167,0,0,6075630,-502757,22897,948930,5424017,-81347494,11,0,0,0,0,131943,3443,-1311396,1,0
276,2025-10-29T11:43:39.264,2,,2918264,2917732,2918264,2917732,2919328,2918796,2917732,2918264,0,132363,0,-34321,4132,574,8250,21463670,4623916,1342772790,16921,9247832,2178652,3349052,2703,-16777216,0,654,0,0,4424548,2,1,38136311,150,16777216,32510,41,0,0,1,2918264,62819,54969,147269,128269,1279,1346,6824,47818876,15039354,0,42,0,1,0,38,157550,132445,163,468,0,2470,572,6824,47818876,15039354,0,4096,4096,0,0,0,0,4260866,2917732,2922520,12,6590,4456,2832,468,106,-328,-321,1868,132329,6660,491,146441,3699,0,227,1135,0,0,90407,-1,0,0,0,-26,4097,0,-179,0,19119915,0,0,0,0,2920924,56611321,56831041,57050761,0,35167,0,0,6340176,-495101,24124,948930,5590910,-89755844,11,0,0,0,0,132282,3558,4623916,1,0
277,2025-10-29T11:43:39.365,2,,2918264,2917732,2918264,2917732,2919328,2918796,2917732,2918264,0,132540,0,-29375,5760,1628,8250,34841097,13377427,-1520538740,16942,26754854,2178652,3349052,2703,-16777216,0,654,0,0,4424548,2,1,38268851,150,16777216,32510,41,0,0,1,2918264,62819,54969,147269,128269,1279,1346,6824,47818876,15039354,0,42,0,1,0,38,157210,132635,190,1517,0,2451,572,6824,47818876,15039354,0,4096,4096,0,0,0,0,4260866,2923052,2924116,11,6960,4691,2859,472,111,-323,-316,1851,132509,6660,16734,146141,3712,0,204,204,2,0,113095,-1,0,0,0,-26,4097,0,-179,0,19119915,0,0,0,0,2920924,56611321,56831041,57050761,0,35167,0,0,6472708,-489971,24536,948930,5590910,-94070414,11,0,0,0,0,132445,4132,13377427,1,0
278,2025-10-29T11:43:39.465,2,,2918264,2917732,2918264,2917732,2919328,2918796,2917732,2918264,0,129877,0,-13057,10228,1904,8250,67307787,12499699,1342772792,16794,24999398,2178652,3349052,2703,-16777216,0,654,0,0,4424548,2,1,38529931,150,16777216,32510,41,0,0,1,2918264,62819,54969,147269,128269,1279,1346,6824,47818876,15039354,0,42,0,1,0,38,156973,129984,214,1782,0,2390,590,6824,47818876,15039354,0,4096,4096,0,0,0,0,4260866,2923052,2924116,9,7316,4915,2840,473,122,-307,-300,1798,130036,10418,3224,145176,3661,0,240,240,0,0,75049,-1,0,0,0,-26,4097,0,-179,0,19119915,0,0,0,0,2920924,56611321,56831041,57050761,0,35167,0,0,6733761,-473291,24245,948930,5257124,-102722351,11,0,0,0,0,129770,8324,12499699,1,0
279,2025-10-29T11:43:39.566,2,,2918264,2917732,2918264,2917732,2919328,2918796,2917732,2918264,0,130192,0,-2730,10427,199,8250,77222580,9914793,-1520538738,16624,19829586,2178652,3349052,2703,-16777216,0,654,0,0,4424548,2,1,38660123,150,16777216,32510,41,0,0,1,2918264,62819,54969,147269,128269,1279,1346,6824,47818876,15039354,0,42,0,1,0,38,158072,130161,177,1791,0,2687,555,6824,47818876,15039354,0,4096,4096,0,0,0,0,4260866,2923584,2925712,8,7277,4915,2782,468,-1592,-309,-302,2063,130385,10418,2234,144788,3677,0,240,480,0,0,75049,-1,0,0,0,-26,4097,0,-179,0,19119915,0,0,0,0,2920924,56611321,56831041,57050761,0,35167,0,0,6863966,-462203,23645,10121379,5173678,-107115911,12,0,0,0,0,129984,10228,9914793,1,0
280,2025-10-29T11:43:39.665,2,,2918264,2917732,2918264,2917732,2919328,2918796,2917732,2918264,0,130611,0,16407,8501,-1172,8250,83516810,-210027,1342772794,16676,-420054,2178652,3349052,2703,-16777216,0,654,0,0,4424548,2,1,38921016,150,16777216,32510,41,0,0,1,2918264,62819,54969,147269,128269,1279,1346,6824,47818876,15039354,0,42,0,1,0,38,157362,130469,160,1444,0,2896,527,6824,47818876,15039354,0,4100,4091,6,1,6094600,6087280,4260866,2922520,2921456,6,7234,4915,2767,464,-2616,-311,-304,2260,130667,10418,555,144136,3703,0,240,960,0,0,75049,-1,0,0,0,-26,4097,0,-179,0,19119915,0,0,0,0,2920924,56611321,56831041,57050761,0,35167,0,0,7123670,-433651,22523,39381587,5257124,-116240106,12,0,0,0,0,130309,9673,-210027,1,0
281,2025-10-29T11:43:39.766,2,,2918264,2917732,2918264,2917732,2919328,2918796,2917732,2918264,0,129228,0,25058,8801,300,8250,92195031,8678221,-1520538736,16718,17356442,2178652,3349052,2703,-16777216,0,654,0,0,4424548,2,1,39050244,150,16777216,32510,41,0,0,1,2918264,62819,54969,147269,128269,1279,1346,6824,47818876,15039354,0,42,0,1,0,38,156278,127127,-3342,2918,0,2918,523,6824,47818876,15039354,0,4107,4084,5,1,6094600,6078193,4326402,2922520,2921456,5,7213,4915,2792,467,-2618,-311,-304,2282,130745,-10270,-6741,143518,3723,0,240,960,0,0,75049,-1,0,0,0,-26,4097,0,-179,0,19119915,0,0,0,0,2920924,56611321,56831041,57050761,0,35167,0,0,7251562,-416255,22018,53875031,5257124,-120883773,12,0,0,0,0,130469,8501,8678221,1,0
282,2025-10-29T11:43:39.861,2,,2918264,2917732,2918264,2917732,2919328,2918796,2917732,2918264,0,128157,0,41517,7343,-1044,8250,87680290,-5170709,1342772796,16357,-10341418,2178652,3349052,2703,-16777216,0,654,0,0,4424548,2,1,39306188,150,16777216,32510,41,0,0,1,2918264,62819,54969,147269,128269,1279,1346,6824,47818876,15039354,0,42,0,1,0,38,155981,127493,193,1432,0,2879,544,6824,47818876,15039354,0,4118,4073,5,1,6094600,6060948,4260866,2924116,2921456,3,7124,4915,2749,470,-2476,-296,-289,2244,127575,-10270,1042,142165,3667,0,256,512,0,0,63666,-1,0,0,0,-26,4097,0,-179,0,19119915,0,0,0,0,2920924,56611321,56831041,57050761,0,35167,0,0,7503169,-374511,20942,82580189,5090231,-130217908,12,0,0,0,0,127300,8387,-5170709,1,0
283,2025-10-29T11:43:39.966,2,,2918264,2917732,2918264,2917732,2919328,2918796,2917732,2918264,0,126790,0,48942,7508,165,8250,91303906,3623616,-1520538734,16404,7247232,2178652,3349052,2703,-16777216,0,654,0,0,4424548,2,1,39432978,150,16777216,32510,41,0,0,1,2918264,62819,54969,147269,128269,1279,1346,6824,47818876,15039354,0,42,0,1,0,38,155017,124190,-3303,2642,0,2903,541,6824,47818876,15039354,0,4124,4068,5,1,6094600,6053083,4326402,2924116,2921456,2,7087,4915,2769,472,-2477,-297,-290,2267,127704,-14467,-5504,141129,3700,0,256,512,0,0,63666,-1,0,0,0,-26,4097,0,-179,0,19119915,0,0,0,0,2920924,56611321,56831041,57050761,0,35167,0,0,7626959,-350702,20442,96800203,5006785,-134872986,12,0,0,0,0,127493,7343,3623616,1,0
284,2025-10-29T11:43:40.067,2,,2918264,2917732,2918264,2917732,2919328,2918796,2917732,2918264,0,125747,0,62239,5563,-1198,8250,78851981,-7908060,1342772798,16048,-15816120,2178652,3349052,2703,-16777216,0,654,0,0,4424548,2,1,39684102,150,16777216,32510,41,0,0,1,2918264,62819,54969,147269,128269,1279,1346,6824,47818876,15039354,0,42,0,1,0,38,155179,124651,237,1141,0,2864,563,6824,47818876,15039354,0,4134,4058,4,1,6094600,6038523,4260866,2920392,2919328,15,6988,4914,2703,471,-2339,-282,-275,2229,124597,-14467,1843,138859,3669,0,273,546,0,0,60129,-1,0,0,0,-26,4097,0,-176,0,19119915,0,0,0,0,2920924,56611321,56831041,57050761,0,35167,0,0,7870348,-297390,19526,124964777,4839892,-144052766,12,0,0,0,0,124414,6761,-7908060,1,0
285,2025-10-29T11:43:40.164,2,,2918264,2917732,2918264,2917732,2919328,2918796,2917732,2918264,0,126091,0,67180,4318,-1245,8250,70972477,-7879504,-1520538732,16096,-15759008,2178652,3349052,2703,-16777216,0,654,0,0,4424548,2,1,39810193,150,16777216,32510,41,0,0,1,2918264,62819,54969,147269,128269,1279,1346,6824,47818876,15039354,0,42,0,1,0,38,155043,124885,234,1097,0,2887,559,6824,47818876,15039354,0,4138,4054,3,1,6094600,6032361,4260866,2920392,2919328,14,6758,4783,2716,472,-2342,-283,-276,2251,124775,-14467,1721,137671,3708,0,273,819,0,0,60129,-1,0,0,0,-26,4097,0,-176,0,19119915,0,0,0,0,2920924,56611321,56831041,57050761,0,35167,0,0,7991824,-268598,19341,139106393,4672999,-148605368,12,0,0,0,0,124651,5563,-7879504,1,0
286,2025-10-29T11:43:40.263,2,,2918264,2917732,2918264,2917732,2919328,2918796,2917732,2918264,0,124960,0,73900,2697,-515,8250,62336588,-2082943,1342772800,16179,-4165886,2178652,3349052,2703,-16777216,0,654,0,0,4424548,2,1,40061551,150,16777216,32510,41,0,0,1,2918264,62819,54969,147269,128269,1279,1346,6824,47818876,15039354,0,42,0,1,0,38,153267,121819,-3289,1831,0,2933,551,6824,47818876,15039354,0,4144,4048,2,1,6094600,6023655,4326402,2917732,2923052,12,6872,4915,2696,466,-2346,-285,-279,2296,125149,-18555,-11121,135435,3783,0,273,1092,0,0,60129,-1,0,0,0,-26,4097,0,-176,0,19119915,0,0,0,0,2920924,56611321,56831041,57050761,0,35167,0,0,8232538,-206841,19533,167297213,4506106,-157484730,12,0,0,0,0,125108,3212,-2082943,1,0
287,2025-10-29T11:43:40.364,2,,2918264,2917732,2918264,2917732,2919328,2918796,2917732,2918264,0,123458,0,75939,1381,-1316,8250,53342264,-8994324,-1520538730,15995,-17988648,2178652,3349052,2703,-16777216,0,654,0,0,4424548,2,1,40185009,150,16777216,32510,41,0,0,1,2918264,62819,54969,147269,128269,1279,1346,6824,47818876,15039354,0,42,0,1,0,38,151350,122095,276,890,0,2864,579,6824,47818876,15039354,0,4146,4046,1,1,6094600,6020700,4260866,2917732,2923052,11,6831,4915,2614,457,-2206,-269,-263,2229,121848,-18555,11250,134518,3709,0,195,195,2,0,123653,-1,0,0,0,-26,4097,0,-176,0,19119915,0,0,0,0,2920924,56611321,56831041,57050761,0,35167,0,0,8350016,-174120,19872,181143529,4422660,-161710184,12,0,0,0,0,121819,2697,-8994324,1,0
288,2025-10-29T11:43:40.462,2,,2918264,2917732,2918264,2917732,2919328,2918796,2917732,2918264,0,119900,0,80090,2804,745,8250,65526542,5696154,1342772802,15613,11392308,2178652,3349052,2703,-16777216,0,654,0,0,4424548,2,1,40426889,150,16777216,32510,41,0,0,1,2918264,62819,54969,147269,128269,1279,1346,6824,47818876,15039354,0,42,0,1,0,38,142253,117929,-896,2820,0,2820,602,6824,47818876,15039354,0,4148,4043,1,1,6094600,6016941,4327425,2917732,2919328,9,6708,4915,2367,424,-2075,-257,-251,2188,118842,-10587,-8419,133597,3643,0,195,195,2,0,123653,-1,0,0,0,-26,4097,0,-176,0,19119915,0,0,0,0,2920924,56611321,56831041,57050761,0,35167,0,0,8577984,-103038,20404,208271351,4255767,-169660584,12,0,0,0,0,118825,2059,5696154,1,0
289,2025-10-29T11:43:40.563,2,,2918264,2917732,2918264,2917732,2919328,2918796,2917732,2918264,0,119051,0,83091,3198,394,8250,67822914,2296372,-1520538728,15347,4592744,2178652,3349052,2703,-16777216,0,654,0,0,4424548,2,1,40545940,150,16777216,32510,41,0,0,1,2918264,62819,54969,147269,128269,1279,1346,6824,47818876,15039354,0,42,0,1,0,38,136848,117037,-892,2427,0,2812,609,6824,47818876,15039354,0,4150,4042,1,1,6094600,6014510,4327425,2910816,2910816,8,6670,4915,2250,410,-2033,-253,-247,2180,117962,-11399,-8839,132776,3637,0,195,195,2,0,123653,-1,0,0,0,-26,4097,0,-176,0,19119915,0,0,0,0,2920924,56611321,56831041,57050761,0,35167,0,0,8688749,-63867,20365,221623403,4088874,-173384005,12,0,0,0,0,117929,2804,2296372,1,0
290,2025-10-29T11:43:40.661,2,,2918264,2917732,2918264,2917732,2919328,2918796,2917732,2918264,0,114014,0,89829,3558,198,8250,68520549,403717,1342772804,14988,807434,2178652,3349052,2703,-16777216,0,654,0,0,4424548,2,1,40777051,150,16777216,32510,41,0,0,1,2918264,62819,54969,147269,128269,1279,1346,6824,47818876,15039354,0,42,0,1,0,38,128258,110848,-3052,2068,0,2737,645,6824,47818876,15039354,0,4154,4037,2,1,6094600,6008230,4326402,2920392,2916668,6,6631,4915,2197,410,-1870,-235,-230,2109,113949,-6010,-3484,131559,3546,0,195,195,2,0,123653,-1,0,0,0,-26,4097,0,-176,0,19119915,0,0,0,0,2920924,56611321,56831041,57050761,0,35167,0,0,8901012,19117,19898,247543439,3588196,-180181892,12,0,0,0,0,113900,3360,403717,1,0
291,2025-10-29T11:43:40.762,2,,2918264,2917732,2918264,2917732,2919328,2918796,2917732,2918264,0,112728,0,93093,2969,-589,8250,62456285,-6064264,-1520538726,14594,-12128528,2178652,3349052,2703,-16777216,0,654,0,0,4424548,2,1,40889779,150,16777216,32510,41,0,0,1,2918264,62819,54969,147269,128269,1279,1346,6824,47818876,15039354,0,42,0,1,0,38,127963,111255,407,1165,0,2670,674,6824,47818876,15039354,0,4157,4035,2,1,6094600,6004771,4260866,2920392,2916668,5,6602,4915,2171,416,-1754,-222,-217,2047,110905,-6010,2736,130935,3467,0,315,315,0,0,40745,-1,0,0,0,-26,4097,0,-176,0,19119915,0,0,0,0,2920924,56611321,56831041,57050761,0,35167,0,0,9003287,62453,19595,260186341,3337856,-183269851,12,0,0,0,0,110848,3558,-6064264,1,0
292,2025-10-29T11:43:40.862,2,,2918264,2917732,2918264,2917732,2919328,2918796,2917732,2918264,0,112898,0,97789,2045,-144,8250,54622801,-1031687,1342772806,14489,-2063374,2178652,3349052,2703,-16777216,0,654,0,0,4424548,2,1,41115873,150,16777216,32510,41,0,0,1,2918264,62819,54969,147269,128269,1279,1346,6824,47818876,15039354,0,42,0,1,0,38,129168,110566,-1095,1629,0,2707,664,6824,47818876,15039354,0,4161,4031,1,1,6094600,5998928,4326402,2921456,2923052,3,6588,4915,2243,433,-1773,-225,-221,2082,111682,-5385,-870,130115,3515,0,315,630,0,0,40745,-1,0,0,0,-26,4097,0,-176,0,19119915,0,0,0,0,2920924,56611321,56831041,57050761,0,35167,0,0,9206495,153272,19349,285543701,2920624,-188949709,12,0,0,0,0,111661,2189,-1031687,1,0
293,2025-10-29T11:43:40.963,2,,2918264,2917732,2918264,2917732,2919328,2918796,2917732,2918264,0,112547,0,100006,2389,344,8250,57364079,2741278,-1520538724,14451,5482556,2178652,3349052,2703,-16777216,0,654,0,0,4424548,2,1,41228420,150,16777216,32510,41,0,0,1,2918264,62819,54969,147269,128269,1279,1346,6824,47818876,15039354,0,42,0,1,0,38,128943,110940,374,2073,0,2687,674,6824,47818876,15039354,0,4162,4030,1,1,6094600,5996811,4260866,2921456,2923052,2,6563,4915,2268,439,-1729,-220,-216,2063,110584,-5385,695,129584,3494,0,273,273,0,0,39221,-1,0,0,0,-26,4097,0,-176,0,19119915,0,0,0,0,2920924,56611321,56831041,57050761,0,35167,0,0,9306352,201138,19189,298166303,2670285,-191499095,12,0,0,0,0,110566,2045,2741278,1,0
294,2025-10-29T11:43:41.061,2,,2918264,2917732,2918264,2917732,2919328,2918796,2917732,2918264,0,112343,0,104521,1175,-1558,8250,46770356,-13086442,1342772808,14392,-26172884,2178652,3349052,2703,-16777216,0,654,0,0,4424548,2,1,41453198,150,16777216,32510,41,0,0,1,2918264,62819,54969,147269,128269,1279,1346,6824,47818876,15039354,0,42,0,1,0,38,128593,110673,452,151,0,2691,676,6824,47818876,15039354,0,4166,4027,1,1,6094600,5992033,4260866,2923584,2915604,15,6511,4915,2341,455,-1709,-219,-215,2067,110254,652,21749,128518,3512,0,186,186,2,0,132691,-1,0,0,0,-26,4097,0,-174,0,19119915,0,0,0,0,2920924,56611321,56831041,57050761,0,35167,0,0,9502906,302236,18692,323376067,2086160,-195981043,12,0,0,0,0,110221,2733,-13086442,1,0
295,2025-10-29T11:43:41.164,2,,2918264,2917732,2918264,2917732,2919328,2918796,2917732,2918264,0,112438,0,106190,2163,988,8250,55290999,8520643,-1520538722,14380,17041286,2178652,3349052,2703,-16777216,0,654,0,0,4424548,2,1,41565636,150,16777216,32510,41,0,0,1,2918264,62819,54969,147269,128269,1279,1346,6824,47818876,15039354,0,42,0,1,0,38,128539,110366,-307,2709,0,2709,670,6824,47818876,15039354,0,4167,4025,0,1,6094600,5990079,4326402,2923584,2915604,14,6495,4915,2365,460,-1721,-219,-216,2084,110679,5381,-88,127971,3542,0,186,186,2,0,132691,-1,0,0,0,-26,4097,0,-174,0,19119915,0,0,0,0,2920924,56611321,56831041,57050761,0,35167,0,0,9600016,354961,18541,335986445,1835821,-197897602,12,0,0,0,0,110673,1175,8520643,1,0
296,2025-10-29T11:43:41.265,2,,2918264,2917732,2918264,2917732,2919328,2918796,2917732,2918264,0,111871,0,109248,1051,-400,8250,48758962,-695146,1342772810,14380,-1390292,2178652,3349052,2703,-16777216,0,654,0,0,4424548,2,1,41789849,150,16777216,32510,41,0,0,1,2918264,62819,54969,147269,128269,1279,1346,6824,47818876,15039354,0,42,0,1,0,38,128052,108660,-1708,1668,0,2828,658,6824,47818876,15039354,0,4183,4010,1,1,5151457,5043460,4326402,2924116,2922520,12,6461,4915,2406,468,-2068,-217,-215,2195,110377,-667,-1491,127251,3552,0,186,186,2,0,132691,-1,0,0,0,-26,4097,0,-174,0,19119915,0,0,0,0,2920924,56611321,56831041,57050761,0,35167,0,0,9790295,465112,18177,363578114,1335142,-201002657,13,0,0,0,0,110368,1451,-695146,1,0
297,2025-10-29T11:43:41.363,2,,2918264,2917732,2918264,2917732,2919328,2918796,2917732,2918264,0,111179,0,110552,1558,507,8250,54182544,5423582,-1520538720,14319,10847164,2178652,3349052,2703,-16777216,0,654,0,0,4424548,2,1,41901028,150,16777216,32510,41,0,0,1,2918264,62819,54969,147269,128269,1279,1346,6824,47818876,15039354,0,42,0,1,0,38,127677,109030,370,2501,0,2786,677,6824,47818876,15039354,0,4184,4009,0,1,5151457,5042209,4260866,2924116,2922520,11,6445,4915,2401,469,-1994,-210,-208,2155,108665,-667,1210,126879,3507,0,273,273,0,0,33860,-1,0,0,0,-26,4097,0,-174,0,19119915,0,0,0,0,2920924,56611321,56831041,57050761,0,35167,0,0,9882797,522414,17990,378330816,1084803,-202161509,13,0,0,0,0,108660,1051,5423582,1,0
298,2025-10-29T11:43:41.462,2,,2918264,2917732,2918264,2917732,2919328,2918796,2917732,2918264,0,111006,0,113400,1536,235,8250,55335710,2398028,1342772812,14250,4796056,2178652,3349052,2703,-16777216,0,654,0,0,4424548,2,1,42123360,150,16777216,32510,41,0,0,1,2918264,62819,54969,147269,128269,1279,1346,6824,47818876,15039354,0,42,0,1,0,38,127318,108293,-564,2235,0,2799,673,6824,47818876,15039354,0,4187,4006,1,1,5151457,5039475,4326402,2920392,2922520,9,6426,4915,2405,472,-2000,-210,-209,2167,108864,6769,-354,126262,3531,0,273,273,0,0,33860,-1,0,0,0,-26,4097,0,-174,0,19119915,0,0,0,0,2920924,56611321,56831041,57050761,0,35167,0,0,10063750,643087,17398,407832766,417232,-203661355,13,0,0,0,0,108857,1301,2398028,1,0
299,2025-10-29T11:43:41.567,2,,2918264,2917732,2918264,2917732,2919328,2918796,2917732,2918264,0,110739,0,114896,1456,-80,8250,54894916,-440794,-1520538718,14209,-881588,2178652,3349052,2703,-16777216,0,654,0,0,4424548,2,1,42234099,150,16777216,32510,41,0,0,1,2918264,62819,54969,147269,128269,1279,1346,6824,47818876,15039354,0,42,0,1,0,38,127038,108295,2,1896,0,2784,677,6824,47818876,15039354,0,4188,4005,1,1,5151457,5038057,4326402,2920392,2922520,8,6413,4915,2403,473,-1976,-207,-206,2154,108303,7580,209,125982,3520,0,273,273,0,0,33860,-1,0,0,0,-26,4097,0,-174,0,19119915,0,0,0,0,2920924,56611321,56831041,57050761,0,35167,0,0,10151812,706115,17000,422527082,83446,-203987899,13,0,0,0,0,108293,1536,-440794,1,0
300,2025-10-29T11:43:41.666,2,,2918264,2917732,2918264,2917732,2919328,2918796,2917732,2918264,0,110415,0,117436,1109,-148,8250,51722951,-1598741,1342772814,14150,-3197482,2178652,3349052,2703,-16777216,0,654,0,0,4424548,2,1,42455065,150,16777216,32510,41,0,0,1,2918264,62819,54969,147269,128269,1279,1346,6824,47818876,15039354,0,42,0,1,0,38,126903,108209,404,1740,0,2792,676,6824,47818876,15039354,0,4187,4006,1,1,5312733,5196480,4260866,2926244,2916668,6,6251,4803,2403,475,-1888,-205,-205,2161,107812,8605,1747,125529,3517,0,273,273,0,0,30672,-1,0,0,0,-26,4097,0,-174,0,19119915,0,0,0,0,2920924,56611321,56831041,57050761,0,35167,0,0,10323699,837063,16228,451230362,0,-204043029,14,0,0,0,0,107805,1257,-1598741,1,0
301,2025-10-29T11:43:41.762,2,,2918264,2917732,2918264,2917732,2919328,2918796,2917732,2918264,0,110845,0,118302,623,-486,8250,47786657,-3936294,-1520538716,14133,-7872588,2178652,3349052,2703,-16777216,0,654,0,0,4424548,2,1,42565910,150,16777216,32510,41,0,0,1,2918264,62819,54969,147269,128269,1279,1346,6824,47818876,15039354,0,42,0,1,0,38,127506,108621,412,1419,0,2806,674,6824,47818876,15039354,0,4188,4005,0,1,5312733,5195297,4260866,2926244,2916668,5,6094,4691,2405,476,-1905,-207,-207,2174,108214,8605,1708,125440,3533,0,273,546,0,0,30672,-1,0,0,0,-26,4097,0,-174,0,19119915,0,0,0,0,2920924,56611321,56831041,57050761,0,35167,0,0,10408091,905075,15955,465492272,0,-204043029,14,0,0,0,0,108209,1109,-3936294,1,0
302,2025-10-29T11:43:41.862,2,,2918264,2917732,2918264,2917732,2919328,2918796,2917732,2918264,0,111705,0,118572,-338,-465,8250,40966642,-3167020,1342772816,14245,-6334040,2178652,3349052,2703,-16777216,0,654,0,0,4424548,2,1,42788906,150,16777216,32510,41,0,0,1,2918264,62819,54969,147269,128269,1279,1346,6824,47818876,15039354,0,42,0,1,0,38,128479,109430,400,1472,0,2831,668,6824,47818876,15039354,0,4189,4004,0,1,5312733,5194056,4260866,2926244,2916668,3,5833,4510,2435,478,-1937,-211,-211,2198,109030,8605,790,125009,3572,0,273,273,1,0,9295,-1,0,0,0,-26,4097,0,-174,0,19119915,0,0,0,0,2920924,56611321,56831041,57050761,0,35167,0,0,10574375,1046063,15852,494184128,0,-204043029,14,0,0,0,0,109030,127,-3167020,1,0
303,2025-10-29T11:43:41.964,2,,2918264,2917732,2918264,2917732,2919328,2918796,2917732,2918264,0,111573,0,118069,-669,-331,8250,38990613,-1976029,-1520538714,14298,-3952058,2178652,3349052,2703,-16777216,0,654,0,0,4424548,2,1,42900479,150,16777216,32510,41,0,0,1,2918264,62819,54969,147269,128269,1279,1346,6824,47818876,15039354,0,42,0,1,0,38,128154,108747,-683,1623,0,2843,663,6824,47818876,15039354,0,4189,4004,0,1,5312733,5194161,4326402,2926244,2916668,2,5768,4470,2444,478,-1954,-214,-214,2210,109430,8419,-469,124676,3595,0,273,273,1,0,9295,-1,0,0,0,-26,4097,0,-174,0,19119915,0,0,0,0,2920924,56611321,56831041,57050761,0,35167,0,0,10655745,1118718,15993,508539706,-83447,-204043029,14,0,0,0,0,109430,-338,-1976029,1,0
304,2025-10-29T11:43:42.061,2,,2915072,2917732,2915072,2917732,2919328,2918796,2917732,2915072,0,110365,0,117132,-567,-248,8250,40619583,-1693343,1342772818,14241,-3386686,2178652,3349052,2703,-16777216,0,654,0,0,4424548,2,1,43122101,150,16777216,32510,41,0,0,1,2918264,62819,54969,147269,128269,1279,1346,6824,47818876,15039354,0,42,0,1,0,38,126903,107013,-1816,1681,0,2788,674,6824,47818876,15039354,0,4188,4005,0,1,5312733,5195158,4260866,2917732,2923052,15,5680,4432,2434,478,-1929,-211,-211,2157,108829,11064,-1605,123706,3603,0,273,273,1,0,10060,-1,0,0,0,-26,4097,0,-172,0,19119915,0,0,0,0,2920924,56611321,56831041,57050761,0,35167,0,0,10812755,1268075,16245,537054774,-83447,-204043029,14,0,0,0,0,108829,-319,-1693343,1,0
305,2025-10-29T11:43:42.167,2,,2915072,2917732,2915072,2917732,2919328,2918796,2917732,2915072,0,109604,0,116921,146,713,8250,46218380,5598797,-1520538712,14127,11197594,2178652,3349052,2703,-16777216,0,654,0,0,4424548,2,1,43231705,150,16777216,32510,41,0,0,1,2918264,62819,54969,147269,128269,1279,1346,6824,47818876,15039354,0,42,0,1,0,38,126364,107390,377,2570,0,2740,681,6824,47818876,15039354,0,4188,4005,0,1,5312733,5195601,4260866,2917732,2923052,14,5604,4392,2399,475,-1857,-204,-204,2112,107014,11064,1396,123446,3550,0,273,273,0,0,23899,-1,0,0,0,-26,4097,0,-172,0,19119915,0,0,0,0,2920924,56611321,56831041,57050761,0,35167,0,0,10887879,1344532,16289,551157010,-83447,-204043029,14,0,0,0,0,107013,-567,5598797,1,0
306,2025-10-29T11:43:42.265,2,,2915072,2917732,2915072,2917732,2919328,2918796,2917732,2915072,0,109913,0,115776,-678,201,8250,39650902,1855702,1342772820,14051,3711404,2178652,3349052,2703,-16777216,0,654,0,0,4424548,2,1,43451391,150,16777216,32510,41,0,0,1,2918264,62819,54969,147269,128269,1279,1346,6824,47818876,15039354,0,42,0,1,0,38,125982,107727,395,2069,0,2750,681,6824,47818876,15039354,0,4187,4006,0,1,5312733,5196178,4326402,2917732,2923052,12,5403,4265,2341,466,-1868,-206,-206,2122,107335,10806,914,122112,3600,0,273,273,0,0,23899,-1,0,0,0,-26,4097,0,-172,0,19119915,0,0,0,0,2920924,56611321,56831041,57050761,0,35167,0,0,11034212,1501860,16591,579422984,-166893,-204043029,14,0,0,0,0,107332,-879,1855702,1,0
307,2025-10-29T11:43:42.366,2,,2915072,2917732,2915072,2917732,2919328,2918796,2917732,2915072,0,110317,0,115134,-605,73,8250,40363921,713019,-1520538710,14069,1426038,2178652,3349052,2703,-16777216,0,654,0,0,4424548,2,1,43561708,150,16777216,32510,41,0,0,1,2918264,62819,54969,147269,128269,1279,1346,6824,47818876,15039354,0,42,0,1,0,38,125912,108122,395,1957,0,2763,680,6824,47818876,15039354,0,4187,4006,0,1,5312733,5196957,4260866,2917732,2920924,11,5362,4248,2324,462,-1884,-209,-209,2134,107729,10806,884,121576,3629,0,273,273,1,0,11427,-1,0,0,0,-26,4097,0,-172,0,19119915,0,0,0,0,2920924,56611321,56831041,57050761,0,35167,0,0,11105258,1583094,16760,593616958,-166893,-204043029,14,0,0,0,0,107727,-678,713019,1,0
308,2025-10-29T11:43:42.463,2,,2915072,2917732,2915072,2917732,2919328,2918796,2917732,2915072,0,107305,0,113928,-164,658,8250,43715298,4925213,1342772822,13948,9850426,2178652,3349052,2703,-16777216,0,654,0,0,4424548,2,1,43777985,150,16777216,32510,41,0,0,1,2918264,62819,54969,147269,128269,1279,1346,6824,47818876,15039354,0,42,0,1,0,38,121909,104922,-150,2438,0,2693,685,6824,47818876,15039354,0,4186,4007,0,1,5312733,5198312,4260866,2917732,2920924,9,4373,3520,2234,448,-1780,-198,-198,2069,105075,9052,48,121003,3556,0,273,273,0,0,18154,-1,0,0,0,-26,4097,0,-172,0,19119915,0,0,0,0,2920924,56611321,56831041,57050761,0,35167,0,0,11239588,1746590,17069,621444312,-166893,-204043029,14,0,0,0,0,105072,-822,4925213,1,0
309,2025-10-29T11:43:42.561,2,,2915072,2917732,2915072,2917732,2919328,2918796,2917732,2915072,0,107413,0,113655,-382,-218,8250,41274385,-2440913,-1520538708,13735,-4881826,2178652,3349052,2703,-16777216,0,654,0,0,4424548,2,1,43885398,150,16777216,32510,41,0,0,1,2918264,62819,54969,147269,128269,1279,1346,6824,47818876,15039354,0,42,0,1,0,38,121794,105346,424,1556,0,2703,686,6824,47818876,15039354,0,4185,4008,0,1,5312733,5198805,4326402,2917732,2920924,8,4368,3523,2146,437,-1774,-202,-202,2078,104922,10172,1073,120647,3562,0,273,273,0,0,18154,-1,0,0,0,-26,4097,0,-172,0,19119915,0,0,0,0,2920924,56611321,56831041,57050761,0,35167,0,0,11303539,1830008,17119,635264642,-166893,-204043029,14,0,0,0,0,104922,-164,-2440913,1,0
310,2025-10-29T11:43:42.662,2,,2915072,2917732,2915072,2917732,2919328,2918796,2917732,2915072,0,108269,0,112555,-750,-215,8250,38007739,-1756440,1342772824,13804,-3512880,2178652,3349052,2703,-16777216,0,654,0,0,4424548,2,1,44101510,150,16777216,32510,41,0,0,1,2918264,62819,54969,147269,128269,1279,1346,6824,47818876,15039354,0,42,0,1,0,38,122002,106179,416,1591,0,2728,684,6824,47818876,15039354,0,4185,4008,0,1,5312733,5199536,4326402,2917732,2915072,6,4354,3522,2103,426,-1806,-206,-206,2101,105764,8664,987,119971,3610,0,273,273,0,0,18154,-1,0,0,0,-26,4097,0,-172,0,19119915,0,0,0,0,2920924,56611321,56831041,57050761,0,35167,0,0,11427525,2001353,17385,663070764,-166893,-204043029,14,0,0,0,0,105763,-535,-1756440,1,0
311,2025-10-29T11:43:42.765,2,,2915072,2917732,2915072,2917732,2919328,2918796,2917732,2915072,0,108656,0,111954,-451,299,8250,40520376,2512637,-1520538706,13858,5025274,2178652,3349052,2703,-16777216,0,654,0,0,4424548,2,1,44210166,150,16777216,32510,41,0,0,1,2918264,62819,54969,147269,128269,1279,1346,6824,47818876,15039354,0,42,0,1,0,38,122014,106572,393,2121,0,2740,682,6824,47818876,15039354,0,4184,4009,0,1,5312733,5200178,4326402,2917732,2915072,5,4370,3543,2121,428,-1822,-207,-207,2112,106181,10209,838,119857,3628,0,273,273,0,0,18154,-1,0,0,0,-26,4097,0,-172,0,19119915,0,0,0,0,2920924,56611321,56831041,57050761,0,35167,0,0,11487233,2089372,17530,677051026,-250340,-204043029,14,0,0,0,0,106179,-750,2512637,1,0
312,2025-10-29T11:43:42.866,2,,2915072,2917732,2915072,2917732,2919328,2918796,2917732,2915072,0,108954,0,110841,-475,175,8250,40459502,1480365,1342772826,13929,2960730,2178652,3349052,2703,-16777216,0,654,0,0,4424548,2,1,44427943,150,16777216,32510,41,0,0,1,2918264,62819,54969,147269,128269,1279,1346,6824,47818876,15039354,0,42,0,1,0,38,122137,106891,396,2009,0,2747,682,6824,47818876,15039354,0,4183,4010,0,1,5312733,5201329,4260866,2917732,2922520,3,4414,3588,2171,436,-1834,-208,-208,2119,106496,8155,1650,119353,3654,0,204,204,2,0,113918,-1,0,0,0,-26,4097,0,-172,0,19119915,0,0,0,0,2920924,56611321,56831041,57050761,0,35167,0,0,11601404,2269422,17789,705071378,-250340,-204043029,14,0,0,0,0,106495,-650,1480365,1,0
313,2025-10-29T11:43:42.962,2,,2915072,2917732,2915072,2917732,2919328,2918796,2917732,2915072,0,108719,0,110309,-590,-115,8250,39603382,-856120,-1520538704,13946,-1712240,2178652,3349052,2703,-16777216,0,654,0,0,4424548,2,1,44536662,150,16777216,32510,41,0,0,1,2918264,62819,54969,147269,128269,1279,1346,6824,47818876,15039354,0,42,0,1,0,38,122513,106007,-884,1734,0,2757,681,6824,47818876,15039354,0,4183,4010,0,1,5312733,5201892,4326402,2917732,2922520,2,4434,3604,2199,441,-1849,-210,-210,2128,106892,7700,-674,119288,3670,0,204,204,2,0,113918,-1,0,0,0,-26,4097,0,-172,0,19119915,0,0,0,0,2920924,56611321,56831041,57050761,0,35167,0,0,11655584,2361059,17908,719059744,-250340,-204043029,14,0,0,0,0,106891,-475,-856120,1,0
314,2025-10-29T11:43:43.068,2,,2915072,2917732,2915072,2917732,2919328,2918796,2917732,2915072,0,108845,0,109333,-531,-116,8250,39958874,-973437,1342772828,13879,-1946874,2178652,3349052,2703,-16777216,0,654,0,0,4424548,2,1,44753939,150,16777216,32510,41,0,0,1,2918264,62819,54969,147269,128269,1279,1346,6824,47818876,15039354,0,42,0,1,0,38,125024,106816,409,1714,0,2742,683,6824,47818876,15039354,0,4182,4011,0,1,5312733,5202927,4260866,2917732,2922520,15,4348,3523,2228,449,-1830,-208,-208,2114,106407,7700,991,119128,3658,0,273,546,0,0,13637,-1,0,0,0,-26,4097,0,-169,0,19119915,0,0,0,0,2920924,56611321,56831041,57050761,0,35167,0,0,11758167,2547469,18116,747015762,-250340,-204043029,14,0,0,0,0,106407,-415,-973437,1,0
315,2025-10-29T11:43:43.168,2,,2915072,2917732,2915072,2917732,2919328,2918796,2917732,2915072,0,109262,0,108698,-739,-208,8250,38408189,-1550685,-1520538702,13932,-3101370,2178652,3349052,2703,-16777216,0,654,0,0,4424548,2,1,44863201,150,16777216,32510,41,0,0,1,2918264,62819,54969,147269,128269,1279,1346,6824,47818876,15039354,0,42,0,1,0,38,126525,107224,408,1638,0,2754,681,6824,47818876,15039354,0,4182,4011,0,1,5312733,5203400,4260866,2917732,2922520,14,4176,3377,2252,452,-1846,-210,-210,2126,106817,7700,657,119124,3672,0,273,819,0,0,13637,-1,0,0,0,-26,4097,0,-169,0,19119915,0,0,0,0,2920924,56611321,56831041,57050761,0,35167,0,0,11806966,2642715,18262,761073994,-250340,-204043029,14,0,0,0,0,106816,-531,-1550685,1,0
316,2025-10-29T11:43:43.263,2,,2915072,2917732,2915072,2917732,2919328,2918796,2917732,2915072,0,110026,0,108063,-74,154,8250,43770863,1132767,1342772830,14033,2265534,2178652,3349052,2703,-16777216,0,654,0,0,4424548,2,1,45082864,150,16777216,32510,41,0,0,1,2918264,62819,54969,147269,128269,1279,1346,6824,47818876,15039354,0,42,0,1,0,38,129310,107987,386,2030,0,2782,680,6824,47818876,15039354,0,4181,4012,0,1,5312733,5204519,4260866,2917732,2922520,12,3492,2812,2293,457,-1876,-215,-215,2151,107601,7700,8260,119265,3695,0,273,546,1,0,8950,-1,0,0,0,-26,4097,0,-169,0,19119915,0,0,0,0,2920924,56611321,56831041,57050761,0,35167,0,0,11898561,2837412,18356,789337010,-250340,-204043029,14,0,0,0,0,107601,-228,1132767,1,0
317,2025-10-29T11:43:43.363,2,,2915072,2917732,2915072,2917732,2919328,2918796,2917732,2915072,0,110430,0,107748,-556,-482,8250,39951743,-3819120,-1520538700,14083,-7638240,2178652,3349052,2703,-16777216,0,654,0,0,4424548,2,1,45193294,150,16777216,32510,41,0,0,1,2918264,62819,54969,147269,128269,1279,1346,6824,47818876,15039354,0,42,0,1,0,38,130579,108393,406,1409,0,2797,679,6824,47818876,15039354,0,4181,4012,0,1,5312733,5204670,4260866,2917732,2922520,11,2873,2309,2296,456,-1891,-218,-218,2166,107987,7700,7997,119315,3707,0,273,273,0,0,13197,-1,0,0,0,-26,4097,0,-169,0,19119915,0,0,0,0,2920924,56611321,56831041,57050761,0,35167,0,0,11941536,2936696,18401,803545522,-250340,-204043029,14,0,0,0,0,107987,-74,-3819120,1,0
318,2025-10-29T11:43:43.462,2,,2915072,2917732,2915072,2917732,2919328,2918796,2917732,2915072,0,111220,0,105697,-1461,-418,8250,33584116,-2819863,1342772832,14184,-5639726,2178652,3349052,2703,-16777216,0,654,0,0,4424548,2,1,45415329,150,16777216,32510,41,0,0,1,2918264,62819,54969,147269,128269,1279,1346,6824,47818876,15039354,0,42,0,1,0,38,132651,109184,390,1505,0,2839,675,6824,47818876,15039354,0,4180,4013,0,1,5312733,5205784,4260866,2917732,2922520,9,1280,1025,2323,458,-1923,-227,-227,2206,108798,7700,7520,119606,3725,0,273,819,0,0,13197,-1,0,0,0,-26,4097,0,-169,0,19119915,0,0,0,0,2920924,56611321,56831041,57050761,0,35167,0,0,12023004,3138434,18923,832113730,-333786,-204043029,14,0,0,0,0,108794,-1043,-2819863,1,0
319,2025-10-29T11:43:43.562,2,,2915072,2917732,2915072,2917732,2919328,2918796,2917732,2915072,0,111570,0,104062,-1809,-348,8250,31391631,-2192485,-1520538698,14236,-4384970,2178652,3349052,2703,-16777216,0,654,0,0,4424548,2,1,45526899,150,16777216,32510,41,0,0,1,2918264,62819,54969,147269,128269,1279,1346,6824,47818876,15039354,0,42,0,1,0,38,133206,109559,375,1590,0,2862,670,6824,47818876,15039354,0,4179,4014,-1,1,5312733,5207036,4260866,2923052,2920392,8,523,419,2352,462,-1938,-233,-233,2228,109193,7700,6186,119678,3736,0,273,1092,0,0,13197,-1,0,0,0,-26,4097,0,-169,0,19119915,0,0,0,0,2920924,56611321,56831041,57050761,0,35167,0,0,12061331,3240876,19370,846468922,-333786,-204043029,14,0,0,0,0,109184,-1461,-2192485,1,0
320,2025-10-29T11:43:43.662,2,,2915072,2917732,2915072,2917732,2919328,2918796,2917732,2915072,0,112227,0,100070,-2181,-183,8250,29495247,-947575,1342772834,14322,-1895150,2178652,3349052,2703,-16777216,0,654,0,0,4424548,2,1,45751017,150,16777216,32510,41,0,0,1,2918264,62819,54969,147269,128269,1279,1346,6824,47818876,15039354,0,42,0,1,0,38,131107,110271,352,1783,0,2899,662,6824,47818876,15039354,0,4176,4017,-1,1,5312733,5210574,4260866,2923052,2920392,6,0,0,2427,474,-1966,-241,-241,2263,109937,7700,3458,119957,3753,0,273,1638,0,0,13197,-1,0,0,0,-26,4097,0,-169,0,19119915,0,0,0,0,2920924,56611321,56831041,57050761,0,35167,0,0,12132465,3448880,20483,875305140,-333786,-204043029,14,0,0,0,0,109919,-1998,-947575,1,0
321,2025-10-29T11:43:43.763,2,,2915072,2917732,2915072,2917732,2919328,2918796,2917732,2915072,0,112529,0,97805,-2349,-168,8250,28666308,-828939,-1520538696,14365,-1657878,2178652,3349052,2703,-16777216,0,654,0,0,4424548,2,1,45863546,150,16777216,32510,41,0,0,1,2918264,62819,54969,147269,128269,1279,1346,6824,47818876,15039354,0,42,0,1,0,38,128155,110616,345,1811,0,2908,658,6824,47818876,15039354,0,4174,4018,-1,1,5312733,5212663,4260866,2917732,2919328,5,0,0,2465,480,-1979,-243,-243,2272,110292,7700,2055,120102,3760,0,273,1911,0,0,13197,-1,0,0,0,-26,4097,0,-169,0,19119915,0,0,0,0,2920924,56611321,56831041,57050761,0,35167,0,0,12165138,3554392,21120,889783722,-333786,-204043029,14,0,0,0,0,110271,-2181,-828939,1,0
322,2025-10-29T11:43:43.863,2,,2915072,2917732,2915072,2917732,2919328,2918796,2917732,2915072,0,112407,0,92948,-2535,-119,8250,28087980,-495008,1342772836,14441,-990016,2178652,3349052,2703,-16777216,0,654,0,0,4424548,2,1,46088774,150,16777216,32510,41,0,0,1,2918264,62819,54969,147269,128269,1279,1346,6824,47818876,15039354,0,42,0,1,0,38,116038,109883,-1068,1885,0,2922,651,6824,47818876,15039354,0,4170,4022,-1,1,5312733,5217310,4260866,2917732,2919328,3,886,719,2535,491,-2004,-244,-244,2285,110977,7700,-824,120481,3772,0,273,2457,0,0,13197,-1,0,0,0,-26,4097,0,-169,0,19119915,0,0,0,0,2920924,56611321,56831041,57050761,0,35167,0,0,12224124,3767604,22495,918762760,-333786,-204043029,14,0,0,0,0,110951,-2416,-495008,1,0
323,2025-10-29T11:43:43.962,2,,2915072,2917732,2915072,2917732,2919328,2918796,2917732,2915072,0,111964,0,90346,-2670,-135,8250,27205748,-882232,-1520538694,14388,-1764464,2178652,3349052,2703,-16777216,0,654,0,0,4424548,2,1,46200738,150,16777216,32510,41,0,0,1,2918264,62819,54969,147269,128269,1279,1346,6824,47818876,15039354,0,42,0,1,0,38,109443,110238,355,1825,0,2882,663,6824,47818876,15039354,0,4168,4024,-2,1,5312733,5219785,4260866,2926776,2919328,2,1636,1327,2547,495,-1960,-237,-237,2247,109912,7700,1515,120625,3731,0,273,2730,0,0,13197,-1,0,0,0,-26,4097,0,-169,0,19119915,0,0,0,0,2920924,56611321,56831041,57050761,0,35167,0,0,12250248,3874519,23236,933168646,-333786,-204043029,14,0,0,0,0,109883,-2535,-882232,1,0
324,2025-10-29T11:43:44.061,2,,2915072,2917732,2915072,2917732,2919328,2918796,2917732,2915072,0,112283,0,85227,-1928,892,8250,33451460,7098583,1342772838,14370,14197166,2178652,3349052,2703,-16777216,0,654,0,0,4424548,2,1,46425291,150,16777216,32510,41,0,0,1,2918264,62819,54969,147269,128269,1279,1346,6824,47818876,15039354,0,42,0,1,0,38,97079,110358,-233,2879,0,2879,656,6824,47818876,15039354,0,4164,4028,-2,1,5312733,5225132,4260866,2926776,2919328,15,3077,2476,2569,500,-1987,-233,-233,2244,110626,7700,1118,120912,3746,0,273,273,1,0,-11966,-1,0,0,0,-26,4097,0,-167,0,19119915,0,0,0,0,2920924,56611321,56831041,57050761,0,35167,0,0,12295795,4090656,24689,962060832,-333786,-204043029,14,0,0,0,0,110591,-2820,7098583,1,0
325,2025-10-29T11:43:44.162,2,,2915072,2917732,2915072,2917732,2919328,2918796,2917732,2915072,0,112300,0,83258,-2010,-82,8250,32683310,-768150,-1520538692,14372,-1536300,2178652,3349052,2703,-16777216,0,654,0,0,4424548,2,1,46537591,150,16777216,32510,41,0,0,1,2918264,62819,54969,147269,128269,1279,1346,6824,47818876,15039354,0,42,0,1,0,38,91315,110713,355,1895,0,2862,658,6824,47818876,15039354,0,4162,4030,-1,1,5312733,5227506,4260866,2926776,2919328,14,3520,2822,2580,502,-1977,-229,-229,2227,110374,7700,2080,121071,3733,0,273,273,0,0,6106,-1,0,0,0,-26,4097,0,-167,0,19119915,0,0,0,0,2920924,56611321,56831041,57050761,0,35167,0,0,12314572,4199584,25234,976509950,-333786,-204043029,14,0,0,0,0,110358,-1928,-768150,1,0
326,2025-10-29T11:43:44.266,2,,2915072,2917732,2915072,2917732,2919328,2918796,2917732,2915072,0,112941,0,78822,-2382,-142,8250,30121353,-861397,1342772840,14417,-1722794,2178652,3349052,2703,-16777216,0,654,0,0,4424548,2,1,46763166,150,16777216,32510,41,0,0,1,2918264,62819,54969,147269,128269,1279,1346,6824,47818876,15039354,0,42,0,1,0,38,80591,111422,350,1861,0,2871,651,6824,47818876,15039354,0,4159,4033,-1,1,5312733,5231600,4260866,2915604,2916668,12,4000,3182,2593,503,-2003,-229,-229,2236,111094,7700,1819,121276,3751,0,273,819,0,0,6106,-1,0,0,0,-26,4097,0,-167,0,19119915,0,0,0,0,2920924,56611321,56831041,57050761,0,35167,0,0,12345783,4419541,26475,1005533634,-333786,-204043029,14,0,0,0,0,111072,-2240,-861397,1,0
327,2025-10-29T11:43:44.363,2,,2915072,2917732,2915072,2917732,2919328,2918796,2917732,2915072,0,112953,0,76870,-1522,860,8250,36902288,6780935,-1520538690,14456,13561870,2178652,3349052,2703,-16777216,0,654,0,0,4424548,2,1,46876119,150,16777216,32510,41,0,0,1,2918264,62819,54969,147269,128269,1279,1346,6824,47818876,15039354,0,42,0,1,0,38,75356,111193,-229,2877,0,2877,647,6824,47818876,15039354,0,4157,4035,-1,1,5312733,5233911,4260866,2915604,2916668,11,4174,3309,2600,503,-2017,-229,-229,2242,111447,7700,1685,121402,3759,0,273,273,1,0,-20396,-1,0,0,0,-26,4097,0,-167,0,19119915,0,0,0,0,2920924,56611321,56831041,57050761,0,35167,0,0,12357639,4530221,27015,1020066770,-333786,-204043029,14,0,0,0,0,111422,-2382,6780935,1,0
328,2025-10-29T11:43:44.464,2,,2915072,2917732,2915072,2917732,2919328,2918796,2917732,2915072,0,113309,0,72507,-2768,-549,8250,27490617,-3900274,1342772842,14463,-7800548,2178652,3349052,2703,-16777216,0,654,0,0,4424548,2,1,47102420,150,16777216,32510,41,0,0,1,2918264,62819,54969,147269,128269,1279,1346,6824,47818876,15039354,0,42,0,1,0,38,65927,111924,360,1471,0,2876,646,6824,47818876,15039354,0,4154,4038,-1,1,5312733,5237733,4260866,2924116,2915072,9,4329,3411,2601,503,-2020,-229,-229,2241,111586,7700,2482,121671,3755,0,273,546,0,0,6584,-1,0,0,0,-26,4097,0,-167,0,19119915,0,0,0,0,2920924,56611321,56831041,57050761,0,35167,0,0,12374758,4752708,28234,1049183864,-333786,-204043029,14,0,0,0,0,111564,-2219,-3900274,1,0
329,2025-10-29T11:43:44.562,2,,2915072,2917732,2915072,2917732,2919328,2918796,2917732,2915072,0,113312,0,70164,-1917,851,8250,34384900,6894283,-1520538688,14503,13788566,2178652,3349052,2703,-16777216,0,654,0,0,4424548,2,1,47215732,150,16777216,32510,41,0,0,1,2918264,62819,54969,147269,128269,1279,1346,6824,47818876,15039354,0,42,0,1,0,38,61443,111694,-230,2885,0,2885,643,6824,47818876,15039354,0,4152,4040,-2,1,5312733,5240226,4260866,2924116,2915072,8,4427,3477,2608,503,-2034,-230,-230,2249,111958,7700,2341,121884,3761,0,273,273,1,0,-26332,-1,0,0,0,-26,4097,0,-167,0,19119915,0,0,0,0,2920924,56611321,56831041,57050761,0,35167,0,0,12379913,4864401,28894,1063763190,-333786,-204043029,14,0,0,0,0,111924,-2768,6894283,1,0
330,2025-10-29T11:43:44.663,2,,2915072,2917732,2915072,2917732,2919328,2918796,2917732,2915072,0,113364,0,65754,-1736,847,8250,35944113,6688626,1342772844,14506,13377252,2178652,3349052,2703,-16777216,0,654,0,0,4424548,2,1,47442429,150,16777216,32510,41,0,0,1,2918264,62819,54969,147269,128269,1279,1346,6824,47818876,15039354,0,42,0,1,0,38,53505,111827,-230,2885,0,2885,641,6824,47818876,15039354,0,4149,4043,-2,1,5312733,5244819,4260866,2926244,2915072,6,4465,3487,2614,504,-2038,-230,-230,2250,112086,7700,3200,122181,3756,0,273,273,1,0,-30487,-1,0,0,0,-26,4097,0,-167,0,19119915,0,0,0,0,2920924,56611321,56831041,57050761,0,35167,0,0,12382813,5088205,30129,1092931238,-333786,-204043029,14,0,0,0,0,112057,-2583,6688626,1,0
331,2025-10-29T11:43:44.762,2,,2915072,2917732,2915072,2917732,2919328,2918796,2917732,2915072,0,113091,0,64443,-885,851,8250,42117564,6173451,-1520538686,14510,12346902,2178652,3349052,2703,-16777216,0,654,0,0,4424548,2,1,47555520,150,16777216,32510,41,0,0,1,2918264,62819,54969,147269,128269,1279,1346,6824,47818876,15039354,0,42,0,1,0,38,50026,111598,-229,2878,0,2878,644,6824,47818876,15039354,0,4147,4045,-1,1,5312733,5246979,4260866,2926244,2915072,5,4424,3446,2615,504,-2027,-229,-229,2243,111840,7700,4195,122347,3743,0,273,546,1,0,-30487,-1,0,0,0,-26,4097,0,-167,0,19119915,0,0,0,0,2920924,56611321,56831041,57050761,0,35167,0,0,12379819,5199875,30472,1107482130,-333786,-204043029,14,0,0,0,0,111827,-1736,6173451,1,0
332,2025-10-29T11:43:44.862,2,,2915072,2917732,2915072,2917732,2919328,2918796,2917732,2915072,0,112588,0,64383,828,859,8250,53603811,5640590,1342772846,14444,11281180,2178652,3349052,2703,-16777216,0,654,0,0,4424548,2,1,47780954,150,16777216,32510,41,0,0,1,2918264,62819,54969,147269,128269,1279,1346,6824,47818876,15039354,0,42,0,1,0,38,44789,111142,-228,2868,0,2868,649,6824,47818876,15039354,0,4145,4046,0,1,5312733,5248748,4260866,2920392,2926244,3,3932,3047,2505,485,-2009,-228,-228,2234,111370,7700,6262,122676,3718,0,273,1092,1,0,-30487,-1,0,0,0,-26,4097,0,-167,0,19119915,0,0,0,0,2920924,56611321,56831041,57050761,0,35167,0,0,12364177,5422009,30374,1136487670,-333786,-204043029,14,0,0,0,0,111370,-31,5640590,1,0
333,2025-10-29T11:43:44.966,2,,2915072,2917732,2915072,2917732,2919328,2918796,2917732,2915072,0,112384,0,65645,1697,869,8250,59125098,5521287,-1520538684,14411,11042574,2178652,3349052,2703,-16777216,0,654,0,0,4424548,2,1,47893338,150,16777216,32510,41,0,0,1,2918264,62819,54969,147269,128269,1279,1346,6824,47818876,15039354,0,42,0,1,0,38,43033,110913,-229,2868,0,2868,650,6824,47818876,15039354,0,4146,4046,0,1,5312733,5248350,4260866,2920392,2926244,2,3385,2618,2298,446,-1999,-229,-229,2234,111145,7700,7316,122847,3705,0,273,1365,1,0,-30487,-1,0,0,0,-26,4097,0,-167,0,19119915,0,0,0,0,2920924,56611321,56831041,57050761,0,35167,0,0,12351558,5532303,29928,1150947596,-333786,-204043029,14,0,0,0,0,111142,828,5521287,1,0
334,2025-10-29T11:43:45.063,2,,2915072,2917732,2915072,2917732,2919328,2918796,2917732,2915072,0,112824,0,69985,2292,-54,8250,61278806,-1549516,1342772848,14396,-3099032,2178652,3349052,2703,-16777216,0,654,0,0,4424548,2,1,48118628,150,16777216,32510,41,0,0,1,2918264,62819,54969,147269,128269,1279,1346,6824,47818876,15039354,0,42,0,1,0,38,40725,111566,334,1951,0,2901,648,6824,47818876,15039354,0,4148,4043,1,1,5312733,5245067,4260866,2923584,2920392,15,1356,1044,1220,237,-2005,-238,-238,2265,111256,7700,8456,123062,3702,0,273,1911,1,0,-30487,-1,0,0,0,-26,4097,0,-165,0,19119915,0,0,0,0,2920924,56611321,56831041,57050761,0,35167,0,0,12317515,5752121,28481,1179934610,-333786,-204043029,14,0,0,0,0,111232,2346,-1549516,1,0
335,2025-10-29T11:43:45.165,2,,2915072,2917732,2915072,2917732,2919328,2918796,2917732,2915072,0,113216,0,72083,1904,-388,8250,57578129,-3700677,-1520538682,14441,-7401354,2178652,3349052,2703,-16777216,0,654,0,0,4424548,2,1,48231844,150,16777216,32510,41,0,0,1,2918264,62819,54969,147269,128269,1279,1346,6824,47818876,15039354,0,42,0,1,0,38,39639,111900,334,1632,0,2939,645,6824,47818876,15039354,0,4150,4042,1,1,5312733,5242748,4260866,2923584,2920392,14,0,0,2158,418,-2020,-248,-248,2302,111589,7700,8458,123213,3708,0,273,2184,1,0,-30487,-1,0,0,0,-26,4097,0,-165,0,19119915,0,0,0,0,2920924,56611321,56831041,57050761,0,35167,0,0,12296993,5861939,27779,1194501586,-250340,-204043029,14,0,0,0,0,111566,2292,-3700677,1,0
336,2025-10-29T11:43:45.266,2,,2915072,2917732,2915072,2917732,2919328,2918796,2917732,2915072,0,113964,0,74944,1009,-395,8250,50596823,-2925833,1342772850,14542,-5851666,2178652,3349052,2703,-16777216,0,654,0,0,4424548,2,1,48459416,150,16777216,32510,41,0,0,1,2918264,62819,54969,147269,128269,1279,1346,6824,47818876,15039354,0,42,0,1,0,38,37108,112548,317,1653,0,2972,637,6824,47818876,15039354,0,4153,4039,1,1,5312733,5238996,4260866,2919328,2926776,12,0,0,1180,227,-2048,-256,-256,2334,112239,7700,85300,123618,3718,0,273,2730,1,0,-30487,-1,0,0,0,-26,4097,0,-165,0,19119915,0,0,0,0,2920924,56611321,56831041,57050761,0,35167,0,0,12250028,6081393,26792,1223782214,-250340,-204043029,14,0,0,0,0,112231,1404,-2925833,1,0
337,2025-10-29T11:43:45.363,2,,2915072,2917732,2915072,2917732,2919328,2918796,2917732,2915072,0,114296,0,75741,585,-424,8250,47669133,-2927690,-1520538680,14587,-5855380,2178652,3349052,2703,-16777216,0,654,0,0,4424548,2,1,48573712,150,16777216,32510,41,0,0,1,2918264,62819,54969,147269,128269,1279,1346,6824,47818876,15039354,0,42,0,1,0,38,35737,112859,311,1638,0,2987,633,6824,47818876,15039354,0,4154,4038,0,1,5312733,5237789,4260866,2919328,2926776,11,0,0,704,135,-2062,-259,-259,2349,112552,7700,85300,123780,3724,0,273,3003,1,0,-30487,-1,0,0,0,-26,4097,0,-165,0,19119915,0,0,0,0,2920924,56611321,56831041,57050761,0,35167,0,0,12223535,6190910,26495,1238488148,-250340,-204043029,14,0,0,0,0,112548,1009,-2927690,1,0
338,2025-10-29T11:43:45.463,2,,2915072,2917732,2915072,2917732,2919328,2918796,2917732,2915072,0,114939,0,76106,-200,-372,8250,42641797,-2323914,1342772852,14673,-4647828,2178652,3349052,2703,-16777216,0,654,0,0,4424548,2,1,48803286,150,16777216,32510,41,0,0,1,2918264,62819,54969,147269,128269,1279,1346,6824,47818876,15039354,0,42,0,1,0,38,32721,113456,294,1715,0,3020,626,6824,47818876,15039354,0,4155,4037,0,1,5312733,5236613,4260866,2924116,2915604,9,0,0,0,0,-2087,-266,-266,2381,113162,7700,85300,124094,3735,0,273,3549,1,0,-30487,-1,0,0,0,-26,4097,0,-165,0,19119915,0,0,0,0,2920924,56611321,56831041,57050761,0,35167,0,0,12164438,6409331,26283,1268026364,-250340,-204043029,14,0,0,0,0,113162,172,-2323914,1,0
339,2025-10-29T11:43:45.566,2,,2915072,2917732,2915072,2917732,2919328,2918796,2917732,2915072,0,115230,0,75820,-373,-173,8250,41826142,-815655,-1520538678,14712,-1631310,2178652,3349052,2703,-16777216,0,654,0,0,4424548,2,1,48918516,150,16777216,32510,41,0,0,1,2918264,62819,54969,147269,128269,1279,1346,6824,47818876,15039354,0,42,0,1,0,38,31119,113736,280,1927,0,3029,624,6824,47818876,15039354,0,4155,4037,0,1,5312733,5236627,4260866,2924116,2915604,8,0,0,0,0,-2100,-269,-269,2391,113456,7700,85300,124259,3739,0,273,3822,1,0,-30487,-1,0,0,0,-26,4097,0,-165,0,19119915,0,0,0,0,2920924,56611321,56831041,57050761,0,35167,0,0,12131692,6518088,26324,1282852470,-250340,-204043029,14,0,0,0,0,113456,-200,-815655,1,0
340,2025-10-29T11:43:45.668,2,,2915072,2917732,2915072,2917732,2919328,2918796,2917732,2915072,0,115773,0,74388,-1257,-640,8250,36302645,-4164844,1342772854,14786,-8329688,2178652,3349052,2703,-16777216,0,654,0,0,4424548,2,1,49149802,150,16777216,32510,41,0,0,1,2918264,62819,54969,147269,128269,1279,1346,6824,47818876,15039354,0,42,0,1,0,38,27427,114304,290,1482,0,3045,618,6824,47818876,15039354,0,4154,4037,0,1,5312733,5237408,4195330,2926244,2915604,6,0,0,0,0,-2122,-271,-271,2407,114015,0,85300,124582,3748,0,0,0,1,0,-30487,-1,0,0,0,-26,4097,0,-165,0,19119915,0,0,0,0,2920924,56611321,56831041,57050761,0,35167,0,0,12059674,6734417,26672,1312610962,-250340,-204043029,14,0,0,0,0,114014,-617,-4164844,1,0
341,2025-10-29T11:43:45.765,2,,2915072,2917732,2915072,2917732,2919328,2918796,2917732,2915072,0,116065,0,72770,-1979,-722,8250,31721392,-4581253,-1520538676,14819,-9162506,2178652,3349052,2703,-16777216,0,654,0,0,4424548,2,1,49265867,150,16777216,32510,41,0,0,1,2918264,62819,54969,147269,128269,1279,1346,6824,47818876,15039354,0,42,0,1,0,38,25284,114591,287,1411,0,3053,615,6824,47818876,15039354,0,4154,4038,0,1,5312733,5238345,4195330,2926244,2915604,5,0,0,0,0,-2133,-273,-273,2415,114310,0,85300,124653,3755,0,0,0,1,0,-30487,-1,0,0,0,-26,4097,0,-165,0,19119915,0,0,0,0,2920924,56611321,56831041,57050761,0,35167,0,0,12020810,6842084,27128,1327544504,-166893,-204043029,14,0,0,0,0,114304,-1257,-4581253,1,0
342,2025-10-29T11:43:45.862,2,,2915072,2917732,2915072,2917732,2919328,2918796,2917732,2915072,0,116504,0,67664,-2971,-339,8250,26143841,-1642123,1342772856,14884,-3284246,2178652,3349052,2703,-16777216,0,654,0,0,4424548,2,1,49498654,150,16777216,32510,41,0,0,1,2918264,62819,54969,147269,128269,1279,1346,6824,47818876,15039354,0,42,0,1,0,38,20217,115111,240,1816,0,3068,609,6824,47818876,15039354,0,4151,4041,-2,1,5312733,5242268,4195330,2926244,2915604,3,0,0,0,0,-2155,-276,-276,2430,114901,0,85300,124910,3766,0,0,0,1,0,-30487,-1,0,0,0,-26,4097,0,-165,0,19119915,0,0,0,0,2920924,56611321,56831041,57050761,0,35167,0,0,11937522,7056203,28618,1357496122,-166893,-204043029,14,0,0,0,0,114871,-2632,-1642123,1,0
343,2025-10-29T11:43:45.962,2,,2915072,2917732,2915072,2917732,2919328,2918796,2917732,2915072,0,116598,0,64515,-3327,-356,8250,24303689,-1840152,-1520538674,14912,-3680304,2178652,3349052,2703,-16777216,0,654,0,0,4424548,2,1,49615252,150,16777216,32510,41,0,0,1,2918264,62819,54969,147269,128269,1279,1346,6824,47818876,15039354,0,42,0,1,0,38,17319,115221,110,1808,0,3075,607,6824,47818876,15039354,0,4148,4043,-2,1,5312733,5245069,4195330,2926244,2915604,2,0,0,0,0,-2164,-277,-277,2437,115149,0,85300,125029,3771,0,0,0,1,0,-30487,-1,0,0,0,-26,4097,0,-165,0,19119915,0,0,0,0,2920924,56611321,56831041,57050761,0,35167,0,0,11892804,7162356,29551,1372498242,-166893,-204043029,14,0,0,0,0,115111,-2971,-1840152,1,0
344,2025-10-29T11:43:46.065,2,,2915072,2917732,2915072,2917732,2919328,2918796,2917732,2915072,0,116716,0,57235,-3930,-278,8250,21178173,-1428060,1342772858,14931,-2856120,2178652,3349052,2703,-16777216,0,654,0,0,4424548,2,1,49848617,150,16777216,32510,41,0,0,1,2918264,62819,54969,147269,128269,1279,1346,6824,47818876,15039354,0,42,0,1,0,38,11196,115521,199,1892,0,3081,604,6824,47818876,15039354,0,4143,4048,-2,1,5312733,5251707,4194560,2914008,2917200,15,0,0,234,44,-2170,-278,-278,2443,115379,0,85300,125259,3771,0,0,0,1,0,-30487,-1,0,0,0,-26,4097,0,-162,0,19119915,0,0,0,0,2920924,56611321,56831041,57050761,0,35167,0,0,11797120,7372372,31724,1402524230,-166893,-204043029,14,0,0,0,0,115322,-3652,-1428060,1,0
345,2025-10-29T11:43:46.165,2,,2915072,2917732,2915072,2917732,2919328,2918796,2917732,2915072,0,116770,0,53295,-3950,-20,8250,21544586,366413,-1520538672,14940,732826,2178652,3349052,2703,-16777216,0,654,0,0,4424548,2,1,49965387,150,16777216,32510,41,0,0,1,2918264,62819,54969,147269,128269,1279,1346,6824,47818876,15039354,0,42,0,1,0,38,7996,115625,104,2156,0,3082,602,6824,47818876,15039354,0,4140,4051,-3,1,5312733,5255498,4194560,2914008,2917200,14,0,0,876,164,-2176,-278,-278,2444,115587,0,85300,125371,3774,0,0,0,1,0,-30487,-1,0,0,0,-26,4097,0,-162,0,19119915,0,0,0,0,2920924,56611321,56831041,57050761,0,35167,0,0,11746028,7476092,32905,1417548482,-166893,-204043029,14,0,0,0,0,115521,-3930,366413,1,0
346,2025-10-29T11:43:46.263,2,,2917732,2912412,2917732,2912412,2919328,2918796,2912412,2917732,0,116825,0,45095,-4275,-187,8250,20036974,-940418,1342772860,14950,-1880836,2178652,3349052,2703,-16777216,0,654,0,0,4424548,2,1,50199013,150,16777216,32510,41,0,0,1,2918264,62819,54969,147269,128269,1279,1346,6824,47818876,15039354,0,42,0,1,0,38,1425,115841,93,1995,0,3070,601,6824,47818876,15039354,0,4134,4058,-3,1,5312733,5263457,4194560,2914008,2917200,12,0,0,1796,336,-2182,-273,-273,2432,115820,0,85300,125606,3774,0,0,0,1,0,-30487,-1,0,0,0,-26,4097,0,-162,0,19119915,0,0,0,0,2920924,56611321,56831041,57050761,0,35167,0,0,11637122,7680475,35375,1447608050,-83447,-204043029,14,0,0,0,0,115748,-4088,-940418,1,0
347,2025-10-29T11:43:46.365,2,,2917732,2912412,2917732,2912412,2919328,2918796,2912412,2917732,0,116842,0,40714,-4487,-212,8250,18909383,-1127591,-1520538670,14953,-2255182,2178652,3349052,2703,-16777216,0,654,0,0,4424548,2,1,50315855,150,16777216,32510,41,0,0,1,2918264,62819,54969,147269,128269,1279,1346,6824,47818876,15039354,0,42,0,1,0,38,197205,115950,109,1972,0,3065,600,6824,47818876,15039354,0,4131,4061,-3,1,5312733,5267638,4194560,2914008,2917200,11,0,0,2058,385,-2184,-272,-272,2427,115919,0,85300,125724,3774,0,0,0,1,0,-30487,-1,0,0,0,-26,4097,0,-162,0,19119915,0,0,0,0,2920924,56611321,56831041,57050761,0,35167,0,0,11579473,7781111,36701,1462641566,-83447,-204043029,14,0,0,0,0,115841,-4275,-1127591,1,0
348,2025-10-29T11:43:46.467,2,,2917732,2912412,2917732,2912412,2919328,2918796,2912412,2917732,0,116868,0,31443,-4657,42,8250,18424755,649443,1342772862,14956,1298886,2178652,3349052,2703,-16777216,0,654,0,0,4424548,2,1,50549564,150,16777216,32510,41,0,0,1,2918264,62819,54969,147269,128269,1279,1346,6824,47818876,15039354,0,42,0,1,0,38,191333,116172,108,2231,0,3064,598,6824,47818876,15039354,0,4124,4068,-3,1,5312733,5276612,4194560,2914008,2917200,9,0,0,2331,436,-2189,-271,-271,2426,116159,0,85300,125965,3774,0,0,0,1,0,-30487,-1,0,0,0,-26,4097,0,-162,0,19119915,0,0,0,0,2920924,56611321,56831041,57050761,0,35167,0,0,11457867,7979024,39519,1492711812,-83447,-204043029,14,0,0,0,0,116064,-4699,649443,1,0
349,2025-10-29T11:43:46.562,2,,2917732,2912412,2917732,2912412,2919328,2918796,2912412,2917732,0,116860,0,26717,-4795,-138,8250,17685952,-738803,-1520538668,14959,-1477606,2178652,3349052,2703,-16777216,0,654,0,0,4424548,2,1,50666424,150,16777216,32510,41,0,0,1,2918264,62819,54969,147269,128269,1279,1346,6824,47818876,15039354,0,42,0,1,0,38,188218,116274,102,2054,0,3066,597,6824,47818876,15039354,0,4120,4071,-3,1,5312733,5281290,4194560,2914008,2917200,8,0,0,2343,438,-2192,-271,-271,2428,116265,0,85300,126076,3774,0,0,0,1,0,-30487,-1,0,0,0,-26,4097,0,-162,0,19119915,0,0,0,0,2920924,56611321,56831041,57050761,0,35167,0,0,11393794,8076098,40959,1507747644,0,-204043029,14,0,0,0,0,116172,-4657,-738803,1,0
350,2025-10-29T11:43:46.663,2,,2917732,2912412,2917732,2912412,2919328,2918796,2912412,2917732,0,116812,0,16779,-5091,-96,8250,15753091,-569672,1342772864,14957,-1139344,2178652,3349052,2703,-16777216,0,654,0,0,4424548,2,1,50900086,150,16777216,32510,41,0,0,1,2918264,62819,54969,147269,128269,1279,1346,6824,47818876,15039354,0,42,0,1,0,38,181766,116423,45,2099,0,3109,590,6824,47818876,15039354,0,4112,4079,-3,1,5312733,5290911,4194560,2914008,2917200,6,0,0,2284,427,-2195,-272,-272,2471,116485,0,85300,126237,3776,0,0,0,1,0,-30487,-1,0,0,0,-26,4097,0,-162,0,19119915,0,0,0,0,2920924,56611321,56831041,57050761,0,35167,0,0,11259569,8266427,43998,1537811844,0,-204043029,14,0,0,0,0,116378,-4995,-569672,1,0
351,2025-10-29T11:43:46.763,2,,2917732,2912412,2917732,2912412,2919328,2918796,2912412,2917732,0,116766,0,11716,-5034,57,8250,16257066,503975,-1520538666,14952,1007950,2178652,3349052,2703,-16777216,0,654,0,0,4424548,2,1,51016852,150,16777216,32510,41,0,0,1,2918264,62819,54969,147269,128269,1279,1346,6824,47818876,15039354,0,42,0,1,0,38,178449,116513,90,2252,0,3109,589,6824,47818876,15039354,0,4108,4083,-3,1,5312733,5295954,4194560,2914008,2917200,5,0,0,2245,420,-2195,-272,-272,2472,116534,0,85300,126335,3774,0,0,0,1,0,-30487,-1,0,0,0,-26,4097,0,-162,0,19119915,0,0,0,0,2920924,56611321,56831041,57050761,0,35167,0,0,11189364,8359472,45553,1552835582,0,-204043029,14,0,0,0,0,116423,-5091,503975,1,0
352,2025-10-29T11:43:46.862,2,,2917732,2912412,2917732,2912412,2919328,2918796,2912412,2917732,0,116719,0,2545,-4135,451,8250,14542238,-3419480,1342772866,14943,-6838960,2178652,3349052,2703,-16777216,0,654,0,0,4424548,2,1,51250312,150,16777216,32510,41,0,0,1,2918264,62819,54969,147269,128269,1279,1346,6824,47818876,15039354,0,42,0,1,0,38,172740,116744,132,1453,0,2735,637,6824,47818876,15039354,0,4098,4093,-1,1,10389505,10382599,4194560,2914008,2917200,3,0,0,2132,399,-1002,-274,-274,2108,116702,0,85300,126585,3773,0,0,0,1,0,-30487,-1,0,0,0,-26,4097,0,-162,0,19119915,0,0,0,0,2920924,56611321,56831041,57050761,0,35167,0,0,11042694,8541007,48369,1573843778,0,-204043029,15,0,0,0,0,116612,-4586,-3419480,1,0
353,2025-10-29T11:43:46.966,2,,2917732,2912412,2917732,2912412,2919328,2918796,2912412,2917732,0,116830,0,-1343,-3641,494,8250,13486935,-1055303,-1520538664,14940,-2110606,2178652,3349052,2703,-16777216,0,654,0,0,4424548,2,1,51367142,150,16777216,32510,41,0,0,1,2918264,62819,54969,147269,128269,1279,1346,6824,47818876,15039354,0,42,0,1,0,38,170520,116889,145,1498,0,2740,635,6824,47818876,15039354,0,4097,4094,-1,1,10389505,10386960,4194560,2914008,2917200,2,0,0,2035,381,-1004,-275,-275,2112,116817,0,85300,126742,3772,0,0,0,1,0,-30487,-1,0,0,0,-26,4097,0,-162,0,19119915,0,0,0,0,2920924,56611321,56831041,57050761,0,35167,0,0,10967056,8630124,49558,1581530498,0,-204043029,15,0,0,0,0,116744,-4135,-1055303,1,0
354,2025-10-29T11:43:47.065,2,,2917732,2912412,2917732,2912412,2919328,2918796,2912412,2917732,0,117095,0,-7516,-2495,609,8250,15992951,1976405,1342772868,14964,3952810,2178652,3349052,2703,-16777216,0,654,0,0,4424548,2,1,51601142,150,16777216,32510,41,0,0,1,2918264,62819,54969,147269,128269,1279,1346,6824,47818876,15039354,0,42,0,1,0,38,165991,117290,244,1576,0,2694,639,6824,47818876,15039354,0,4094,4097,-1,1,10753505,10758221,4194560,2914008,2917200,15,0,0,1696,317,-967,-277,-277,2070,117087,0,85300,127112,3771,0,0,0,1,0,-30487,-1,0,0,0,-26,4097,0,-160,0,19119915,0,0,0,0,2920924,56611321,56831041,57050761,0,35167,0,0,10811290,8804975,51407,1596592087,-417233,-203896014,16,0,0,0,0,117046,-3104,1976405,1,0
355,2025-10-29T11:43:47.165,2,,2917732,2912412,2917732,2912412,2919328,2918796,2912412,2917732,0,117288,0,-9714,-1901,594,8250,18387674,2394723,-1520538662,14988,4789446,2178652,3349052,2703,-16777216,0,654,0,0,4424548,2,1,51718430,150,16777216,32510,41,0,0,1,2918264,62819,54969,147269,128269,1279,1346,6824,47818876,15039354,0,42,0,1,0,38,163674,117458,168,1566,0,2702,637,6824,47818876,15039354,0,4093,4098,0,1,10753505,10761021,4194560,2914008,2917200,14,0,0,1415,264,-972,-279,-279,2077,117316,0,85300,127294,3774,0,0,0,1,0,-30487,-1,0,0,0,-26,4097,0,-160,0,19119915,0,0,0,0,2920924,56611321,56831041,57050761,0,35167,0,0,10731123,8890743,51978,1604047631,-751018,-203583607,16,0,0,0,0,117290,-2495,2394723,1,0
356,2025-10-29T11:43:47.261,2,,2917732,2912412,2917732,2912412,2919328,2918796,2912412,2917732,0,117554,0,-12524,-933,460,8250,22420904,1975034,1342772870,15032,3950068,2178652,3349052,2703,-16777216,0,654,0,0,4424548,2,1,51953422,150,16777216,32510,41,0,0,1,2918264,62819,54969,147269,128269,1279,1346,6824,47818876,15039354,0,42,0,1,0,38,158603,117748,100,1440,0,2719,634,6824,47818876,15039354,0,4091,4100,0,1,10753505,10764866,4194560,2923584,2917200,12,0,0,698,130,-980,-283,-284,2093,117656,0,85300,127609,3776,0,0,0,1,0,-30487,-1,0,0,0,-26,4097,0,-160,0,19119915,0,0,0,0,2920924,56611321,56831041,57050761,0,35167,0,0,10566591,9058878,52467,1618985161,-1418590,-202480994,16,0,0,0,0,117648,-1393,1975034,1,0
357,2025-10-29T11:43:47.363,2,,2917732,2912412,2917732,2912412,2919328,2918796,2912412,2917732,0,117749,0,-13254,-526,407,8250,24198521,1777617,-1520538660,15047,3555234,2178652,3349052,2703,-16777216,0,654,0,0,4424548,2,1,52071171,150,16777216,32510,41,0,0,1,2918264,62819,54969,147269,128269,1279,1346,6824,47818876,15039354,0,42,0,1,0,38,156001,118039,291,1390,0,2727,632,6824,47818876,15039354,0,4091,4100,0,1,10753505,10766029,4194560,2923584,2919328,11,0,0,290,54,-983,-285,-286,2100,117751,0,85300,127924,3770,0,0,0,1,0,-30487,-1,0,0,0,-26,4097,0,-160,0,19119915,0,0,0,0,2920924,56611321,56831041,57050761,0,35167,0,0,10482251,9141248,52427,1626470009,-1668929,-201705335,16,0,0,0,0,117748,-933,1777617,1,0
358,2025-10-29T11:43:47.465,2,,2917732,2912412,2917732,2912412,2919328,2918796,2912412,2917732,0,118168,0,-13641,135,326,8250,27155394,1540853,1342772872,15100,3081706,2178652,3349052,2703,-16777216,0,654,0,0,4424548,2,1,52307305,150,16777216,32510,41,0,0,1,2918264,62819,54969,147269,128269,1279,1346,6824,47818876,15039354,0,42,0,1,0,38,150487,118446,207,1323,0,2747,627,6824,47818876,15039354,0,4090,4101,0,1,10753505,10767118,4194560,2923584,2919328,9,0,0,0,0,-997,-290,-292,2119,118239,0,85300,128365,3772,0,0,0,1,0,-30487,-1,0,0,0,-26,4097,0,-160,0,19119915,0,0,0,0,2920924,56611321,56831041,57050761,0,35167,0,0,10309717,9302887,51883,1641480133,-2169607,-199751720,16,0,0,0,0,118239,-191,1540853,1,0
359,2025-10-29T11:43:47.561,2,,2917732,2912412,2917732,2912412,2919328,2918796,2912412,2917732,0,118372,0,-13346,455,320,8250,28791112,1635718,-1520538658,15125,3271436,2178652,3349052,2703,-16777216,0,654,0,0,4424548,2,1,52425677,150,16777216,32510,41,0,0,1,2918264,62819,54969,147269,128269,1279,1346,6824,47818876,15039354,0,42,0,1,0,38,147634,118646,200,1322,0,2750,627,6824,47818876,15039354,0,4090,4101,0,1,10753505,10767146,4194560,2923584,2919328,8,0,0,0,0,-1002,-291,-293,2122,118446,0,85300,128582,3773,0,0,0,1,0,-30487,-1,0,0,0,-26,4097,0,-160,0,19119915,0,0,0,0,2920924,56611321,56831041,57050761,0,35167,0,0,10221591,9382137,51403,1649004583,-2336500,-198591857,16,0,0,0,0,118446,135,1635718,1,0
360,2025-10-29T11:43:47.666,2,,2917732,2912412,2917732,2912412,2919328,2918796,2912412,2917732,0,118690,0,-11788,1103,324,8250,32403726,1836533,1342772874,15171,3673066,2178652,3349052,2703,-16777216,0,654,0,0,4424548,2,1,52662888,150,16777216,32510,41,0,0,1,2918264,62819,54969,147269,128269,1279,1346,6824,47818876,15039354,0,42,0,1,0,38,141900,118927,183,1337,0,2754,623,6824,47818876,15039354,0,4091,4100,0,1,10753505,10766234,4194560,2923584,2919328,6,0,0,0,0,-1013,-291,-294,2125,118746,0,85300,128886,3773,0,0,0,1,0,-30487,-1,0,0,0,-26,4097,0,-160,0,19119915,0,0,0,0,2920924,56611321,56831041,57050761,0,35167,0,0,10041738,9537225,50057,1664083167,-2753732,-195952588,16,0,0,0,0,118744,779,1836533,1,0
361,2025-10-29T11:43:47.762,2,,2917732,2912412,2917732,2912412,2919328,2918796,2912412,2917732,0,118868,0,-10526,1422,319,8250,34242907,1839181,-1520538656,15192,3678362,2178652,3349052,2703,-16777216,0,654,0,0,4424548,2,1,52781756,150,16777216,32510,41,0,0,1,2918264,62819,54969,147269,128269,1279,1346,6824,47818876,15039354,0,42,0,1,0,38,138931,119101,174,1338,0,2757,622,6824,47818876,15039354,0,4091,4100,0,1,10753505,10765293,4194560,2923584,2919328,5,0,0,0,0,-1019,-292,-295,2128,118932,0,85300,129076,3773,0,0,0,1,0,-30487,-1,0,0,0,-26,4097,0,-160,0,19119915,0,0,0,0,2920924,56611321,56831041,57050761,0,35167,0,0,9950035,9613057,49202,1671639147,-2837179,-194489295,16,0,0,0,0,118927,1103,1839181,1,0
362,2025-10-29T11:43:47.865,2,,2917732,2912412,2917732,2912412,2919328,2918796,2912412,2917732,0,119243,0,-7262,1870,252,8250,36622127,1462124,1342772876,15237,2924248,2178652,3349052,2703,-16777216,0,654,0,0,4424548,2,1,53020040,150,16777216,32510,41,0,0,1,2918264,62819,54969,147269,128269,1279,1346,6824,47818876,15039354,0,42,0,1,0,38,132735,119447,173,1284,0,2760,620,6824,47818876,15039354,0,4092,4099,0,1,10753505,10762511,4194560,2923584,2919328,3,0,0,0,0,-1032,-294,-297,2131,119284,0,85300,129451,3773,0,0,0,1,0,-30487,-1,0,0,0,-26,4097,0,-160,0,19119915,0,0,0,0,2920924,56611321,56831041,57050761,0,35167,0,0,9763312,9761430,47224,1686785937,-3087518,-191327645,16,0,0,0,0,119274,1618,1462124,1,0
363,2025-10-29T11:43:47.966,2,,2917732,2912412,2917732,2912412,2919328,2918796,2912412,2917732,0,119451,0,-5259,2136,266,8250,38242208,1620081,-1520538654,15263,3240162,2178652,3349052,2703,-16777216,0,654,0,0,4424548,2,1,53139491,150,16777216,32510,41,0,0,1,2918264,62819,54969,147269,128269,1279,1346,6824,47818876,15039354,0,42,0,1,0,38,129540,119631,184,1306,0,2761,619,6824,47818876,15039354,0,4093,4098,0,1,10753505,10760767,4194560,2923584,2919328,2,0,0,0,0,-1040,-295,-298,2132,119461,0,85300,129649,3773,0,0,0,1,0,-30487,-1,0,0,0,-26,4097,0,-160,0,19119915,0,0,0,0,2920924,56611321,56831041,57050761,0,35167,0,0,9668285,9833946,46112,1694378975,-3087518,-189645514,16,0,0,0,0,119447,1870,1620081,1,0
364,2025-10-29T11:43:48.068,2,,2917732,2912412,2917732,2912412,2919328,2918796,2912412,2917732,0,119899,0,-492,2619,229,8250,41112060,1335484,1342772878,15314,2670968,2178652,3349052,2703,-16777216,0,654,0,0,4424548,2,1,53379029,150,16777216,32510,41,0,0,1,2918264,62819,54969,147269,128269,1279,1346,6824,47818876,15039354,0,42,0,1,0,38,122865,120093,269,1282,0,2767,616,6824,47818876,15039354,0,4094,4097,0,1,10753505,10756501,4195330,2911880,2917732,15,0,0,0,0,-1053,-297,-300,2137,119847,0,85300,130082,3772,0,0,0,1,0,-30487,-1,0,0,0,-26,4097,0,-157,0,19119915,0,0,0,0,2920924,56611321,56831041,57050761,0,35167,0,0,9474880,9975448,43665,1709605477,-3170965,-186132388,16,0,0,0,0,119824,2390,1335484,1,0
365,2025-10-29T11:43:48.165,2,,2917732,2912412,2917732,2912412,2919328,2918796,2912412,2917732,0,120186,0,2143,2651,32,8250,40954316,-157744,-1520538652,15347,-315488,2178652,3349052,2703,-16777216,0,654,0,0,4424548,2,1,53499215,150,16777216,32510,41,0,0,1,2918264,62819,54969,147269,128269,1279,1346,6824,47818876,15039354,0,42,0,1,0,38,119335,120340,247,1095,0,2769,614,6824,47818876,15039354,0,4095,4096,0,1,10753505,10753997,4195330,2911880,2917732,14,0,0,0,0,-1063,-298,-301,2139,120121,0,85300,130318,3774,0,0,0,1,0,-30487,-1,0,0,0,-26,4097,0,-157,0,19119915,0,0,0,0,2920924,56611321,56831041,57050761,0,35167,0,0,9376567,10044610,42378,1717245237,-3170965,-184316356,16,0,0,0,0,120093,2619,-157744,1,0
366,2025-10-29T11:43:48.264,2,,2917732,2912412,2917732,2912412,2919328,2918796,2912412,2917732,0,120684,0,7578,2764,36,8250,41421912,105864,1342772880,15418,211728,2178652,3349052,2703,-16777216,0,654,0,0,4424548,2,1,53740353,150,16777216,32510,41,0,0,1,2918264,62819,54969,147269,128269,1279,1346,6824,47818876,15039354,0,42,0,1,0,38,111873,120741,201,1115,0,2773,610,6824,47818876,15039354,0,4097,4094,1,1,10753505,10748673,4194560,2911880,2912412,12,0,0,0,0,-1079,-301,-304,2143,120570,0,85300,130753,3776,0,0,0,1,0,-30487,-1,0,0,0,-26,4097,0,-157,0,19119915,0,0,0,0,2920924,56611321,56831041,57050761,0,35167,0,0,9177023,10179896,39792,1732573445,-3087518,-180621204,16,0,0,0,0,120540,2728,105864,1,0
367,2025-10-29T11:43:48.362,2,,2917732,2912412,2917732,2912412,2919328,2918796,2912412,2917732,0,120825,0,10320,2720,-44,8250,40982714,-439198,-1520538650,15447,-878396,2178652,3349052,2703,-16777216,0,654,0,0,4424548,2,1,53861178,150,16777216,32510,41,0,0,1,2918264,62819,54969,147269,128269,1279,1346,6824,47818876,15039354,0,42,0,1,0,38,107928,120952,211,1043,0,2775,610,6824,47818876,15039354,0,4098,4093,1,1,10753505,10745927,4194560,2911880,2912412,11,0,0,0,0,-1087,-302,-305,2145,120772,0,85300,130982,3775,0,0,0,1,0,-30487,-1,0,0,0,-26,4097,0,-157,0,19119915,0,0,0,0,2920924,56611321,56831041,57050761,0,35167,0,0,9075926,10245916,38519,1740258592,-3004072,-178766542,17,0,0,0,0,120741,2764,-439198,1,0
368,2025-10-29T11:43:48.462,2,,2917732,2912412,2917732,2912412,2919328,2918796,2912412,2917732,0,121331,0,15490,2413,-190,8250,44128255,837382,1342772882,15508,1674764,2178652,3349052,2703,-16777216,0,654,0,0,4424548,2,1,54103668,150,16777216,32510,41,0,0,1,2918264,62819,54969,147269,128269,1279,1346,6824,47818876,15039354,0,42,0,1,0,38,99041,121237,194,1390,0,2908,591,6824,47818876,15039354,0,4102,4089,1,1,7892831,7879849,4194560,2920924,2912412,9,0,0,0,0,-1580,-303,-306,2272,121070,0,85300,131290,3776,0,0,0,1,0,-30487,-1,0,0,0,-26,4097,0,-157,0,19119915,0,0,0,0,2920924,56611321,56831041,57050761,0,35167,0,0,8870650,10374336,36110,1761259428,-2920625,-175088989,17,0,0,0,0,121043,2603,837382,1,0
369,2025-10-29T11:43:48.566,2,,2917732,2912412,2917732,2912412,2919328,2918796,2912412,2917732,0,121581,0,17784,2175,-238,8250,44031362,-96893,-1520538648,15530,-193786,2178652,3349052,2703,-16777216,0,654,0,0,4424548,2,1,54225249,150,16777216,32510,41,0,0,1,2918264,62819,54969,147269,128269,1279,1346,6824,47818876,15039354,0,42,0,1,0,38,94315,121424,187,1352,0,2910,589,6824,47818876,15039354,0,4104,4087,1,1,7892831,7877341,4194560,2920924,2912412,8,0,0,0,0,-1590,-304,-307,2273,121261,0,85300,131492,3776,0,0,0,1,0,-30487,-1,0,0,0,-26,4097,0,-157,0,19119915,0,0,0,0,2920924,56611321,56831041,57050761,0,35167,0,0,8766460,10436536,35013,1771788946,-2753732,-173289835,17,0,0,0,0,121237,2413,-96893,1,0
370,2025-10-29T11:43:48.662,2,,2917732,2912412,2917732,2912412,2919328,2918796,2912412,2917732,0,121977,0,21493,1558,-284,8250,41914677,-965038,1342772884,15589,-1930076,2178652,3349052,2703,-16777216,0,654,0,0,4424548,2,1,54469017,150,16777216,32510,41,0,0,1,2918264,62819,54969,147269,128269,1279,1346,6824,47818876,15039354,0,42,0,1,0,38,84655,121765,168,1325,0,2910,588,6824,47818876,15039354,0,4106,4085,0,1,7892831,7873038,4194560,2920924,2912412,6,0,0,0,0,-1609,-306,-309,2274,121610,0,85300,131862,3777,0,0,0,1,0,-30487,-1,0,0,0,-26,4097,0,-157,0,19119915,0,0,0,0,2920924,56611321,56831041,57050761,0,35167,0,0,8555296,10557136,33113,1792900464,-2503393,-169830727,17,0,0,0,0,121597,1842,-965038,1,0
371,2025-10-29T11:43:48.764,2,,2917732,2912412,2917732,2912412,2919328,2918796,2912412,2917732,0,122178,0,22917,1290,-268,8250,40914118,-1000559,-1520538646,15613,-2001118,2178652,3349052,2703,-16777216,0,654,0,0,4424548,2,1,54591195,150,16777216,32510,41,0,0,1,2918264,62819,54969,147269,128269,1279,1346,6824,47818876,15039354,0,42,0,1,0,38,79783,121937,172,1349,0,2910,586,6824,47818876,15039354,0,4107,4084,0,1,7892831,7871338,4194560,2920924,2912412,5,0,0,0,0,-1617,-307,-310,2274,121774,0,85300,132048,3777,0,0,0,1,0,-30487,-1,0,0,0,-26,4097,0,-157,0,19119915,0,0,0,0,2920924,56611321,56831041,57050761,0,35167,0,0,8448347,10615504,32310,1803481684,-2419947,-168193284,17,0,0,0,0,121765,1558,-1000559,1,0
372,2025-10-29T11:43:48.861,2,,2917732,2912412,2917732,2912412,2919328,2918796,2912412,2917732,0,122554,0,24975,766,-264,8250,38713492,-1155474,1342772886,15661,-2310948,2178652,3349052,2703,-16777216,0,654,0,0,4424548,2,1,54836099,150,16777216,32510,41,0,0,1,2918264,62819,54969,147269,128269,1279,1346,6824,47818876,15039354,0,42,0,1,0,38,70005,122285,175,1370,0,2910,584,6824,47818876,15039354,0,4108,4083,0,1,7892831,7868754,4194560,2920924,2912412,3,0,0,0,0,-1634,-309,-311,2274,122114,0,85300,132424,3776,0,0,0,1,0,-30487,-1,0,0,0,-26,4097,0,-157,0,19119915,0,0,0,0,2920924,56611321,56831041,57050761,0,35167,0,0,8231701,10728098,30983,1824691586,-2169607,-165162851,17,0,0,0,0,122110,1030,-1155474,1,0
373,2025-10-29T11:43:48.962,2,,2917732,2912412,2917732,2912412,2919328,2918796,2912412,2917732,0,122759,0,25601,486,-280,8250,37374481,-1339011,-1520538644,15687,-2678022,2178652,3349052,2703,-16777216,0,654,0,0,4424548,2,1,54958858,150,16777216,32510,41,0,0,1,2918264,62819,54969,147269,128269,1279,1346,6824,47818876,15039354,0,42,0,1,0,38,65036,122458,173,1361,0,2912,584,6824,47818876,15039354,0,4109,4083,0,1,7892831,7867856,4194560,2920924,2912412,2,0,0,0,0,-1641,-310,-312,2275,122287,0,85300,132612,3777,0,0,0,1,0,-30487,-1,0,0,0,-26,4097,0,-157,0,19119915,0,0,0,0,2920924,56611321,56831041,57050761,0,35167,0,0,8122006,10782320,30464,1835323124,-1919268,-163792749,17,0,0,0,0,122285,766,-1339011,1,0
374,2025-10-29T11:43:49.063,2,,2917732,2912412,2917732,2912412,2919328,2918796,2912412,2917732,0,123134,0,25986,-111,-308,8250,34387934,-1570885,1342772888,15736,-3141770,2178652,3349052,2703,-16777216,0,654,0,0,4424548,2,1,55204927,150,16777216,32510,41,0,0,1,2918264,62819,54969,147269,128269,1279,1346,6824,47818876,15039354,0,42,0,1,0,38,54990,122854,217,1350,0,2914,581,6824,47818876,15039354,0,4109,4082,0,1,7892831,7866888,4195330,2911348,2916668,15,0,0,0,0,-1658,-312,-314,2278,122637,0,85300,132982,3777,0,0,0,1,0,-30487,-1,0,0,0,-26,4097,0,-155,0,19119915,0,0,0,0,2920924,56611321,56831041,57050761,0,35167,0,0,7900064,10886676,29734,1856633920,-1585483,-161406058,17,0,0,0,0,122637,197,-1570885,1,0
375,2025-10-29T11:43:49.162,2,,2917732,2912412,2917732,2912412,2919328,2918796,2912412,2917732,0,123326,0,25710,-442,-331,8250,32650317,-1737617,-1520538642,15761,-3475234,2178652,3349052,2703,-16777216,0,654,0,0,4424548,2,1,55328253,150,16777216,32510,41,0,0,1,2918264,62819,54969,147269,128269,1279,1346,6824,47818876,15039354,0,42,0,1,0,38,49930,123020,166,1335,0,2916,579,6824,47818876,15039354,0,4109,4082,0,1,7892831,7866845,4195330,2911348,2916668,14,0,0,0,0,-1666,-314,-315,2279,122854,0,85300,133153,3779,0,0,0,1,0,-30487,-1,0,0,0,-26,4097,0,-155,0,19119915,0,0,0,0,2920924,56611321,56831041,57050761,0,35167,0,0,7787828,10936797,29535,1867314564,-1418590,-160413264,17,0,0,0,0,122854,-111,-1737617,1,0
376,2025-10-29T11:43:49.262,2,,2917732,2912412,2917732,2912412,2919328,2918796,2912412,2917732,0,123662,0,24286,-997,-292,8250,29959824,-1470018,1342772890,15807,-2940036,2178652,3349052,2703,-16777216,0,654,0,0,4424548,2,1,55575406,150,16777216,32510,41,0,0,1,2918264,62819,54969,147269,128269,1279,1346,6824,47818876,15039354,0,42,0,1,0,38,39858,123363,181,1387,0,2918,577,6824,47818876,15039354,0,4109,4082,0,1,7892831,7867694,4195330,2926244,2916668,12,0,0,0,0,-1679,-316,-317,2282,123184,0,85300,133524,3778,0,0,0,1,0,-30487,-1,0,0,0,-26,4097,0,-155,0,19119915,0,0,0,0,2920924,56611321,56831041,57050761,0,35167,0,0,7560910,11032725,29464,1888719238,-917911,-158893791,17,0,0,0,0,123182,-705,-1470018,1,0
377,2025-10-29T11:43:49.362,2,,2917732,2912412,2917732,2912412,2919328,2918796,2912412,2917732,0,123802,0,23179,-1218,-221,8250,29007342,-952482,-1520538640,15829,-1904964,2178652,3349052,2703,-16777216,0,654,0,0,4424548,2,1,55699208,150,16777216,32510,41,0,0,1,2918264,62819,54969,147269,128269,1279,1346,6824,47818876,15039354,0,42,0,1,0,38,34834,123520,157,1465,0,2922,577,6824,47818876,15039354,0,4108,4083,0,1,7892831,7868545,4194560,2925180,2916668,11,0,0,0,0,-1686,-317,-318,2285,123367,0,85300,133694,3779,0,0,0,1,0,-30487,-1,0,0,0,-26,4097,0,-155,0,19119915,0,0,0,0,2920924,56611321,56831041,57050761,0,35167,0,0,7446273,11078484,29589,1899441106,-584125,-158391392,17,0,0,0,0,123363,-997,-952482,1,0
378,2025-10-29T11:43:49.464,2,,2917732,2912412,2917732,2912412,2919328,2918796,2912412,2917732,0,124011,0,20687,-1146,164,8250,30676055,1714935,1342772892,15861,3429870,2178652,3349052,2703,-16777216,0,654,0,0,4424548,2,1,55947137,150,16777216,32510,41,0,0,1,2918264,62819,54969,147269,128269,1279,1346,6824,47818876,15039354,0,42,0,1,0,38,24887,123765,170,1858,0,2924,574,6824,47818876,15039354,0,4107,4084,0,1,7892831,7870916,4194560,2925180,2912944,9,0,0,0,0,-1694,-319,-319,2288,123601,0,85300,133960,3779,0,0,0,1,0,-30487,-1,0,0,0,-26,4097,0,-155,0,19119915,0,0,0,0,2920924,56611321,56831041,57050761,0,35167,0,0,7214648,11164955,30059,1920912986,0,-157963693,17,0,0,0,0,123595,-1310,1714935,1,0
379,2025-10-29T11:43:49.563,2,,2917732,2912412,2917732,2912412,2919328,2918796,2912412,2917732,0,123938,0,19690,-847,299,8250,19907143,-10768912,-1520538638,15873,-21537824,2178652,3349052,2703,-16777216,0,654,0,0,4424548,2,1,56071075,150,16777216,32510,41,0,0,1,2918264,62819,54969,147269,128269,1279,1346,6824,47818876,15039354,0,42,0,1,0,38,19936,123916,151,180,0,2493,625,6824,47818876,15039354,0,4106,4085,0,1,7892831,7872144,4194560,2925180,2912944,8,0,0,0,0,119,-320,-320,1888,123770,0,85300,134122,3779,0,0,0,1,0,-30487,-1,0,0,0,-26,4097,0,-155,0,19119915,0,0,0,0,2920924,56611321,56831041,57050761,0,35167,0,0,7097770,11206179,29717,1921349910,-5507464,-157965158,18,0,0,0,0,123765,-1146,-10768912,1,0
380,2025-10-29T11:43:49.662,2,,2917732,2912412,2917732,2912412,2919328,2918796,2912412,2917732,0,124089,0,18907,98,506,8250,12913193,-962016,1342772894,15865,-1924032,2178652,3349052,2703,-16777216,0,654,0,0,4424548,2,1,56319110,150,16777216,32510,41,0,0,1,2918264,62819,54969,147269,128269,1279,1346,6824,47818876,15039354,0,42,0,1,0,38,14023,124155,179,509,0,2502,623,6824,47818876,15039354,0,4096,4096,0,0,0,0,4194560,2925180,2912944,6,0,0,0,0,-3,-316,-321,1896,123976,0,85300,134382,3778,0,0,0,1,0,-30487,-1,0,0,0,-26,4097,0,-155,0,19119915,0,0,0,0,2920924,56611321,56831041,57050761,0,35167,0,0,6863393,11287277,28558,1922474033,0,-157965158,19,0,0,0,0,123976,-408,-962016,1,0
381,2025-10-29T11:43:49.762,2,,2917732,2912412,2917732,2912412,2919328,2918796,2912412,2917732,0,124330,0,19237,562,464,8250,16101305,3188112,-1520538636,15883,6376224,2178652,3349052,2703,-16777216,0,654,0,0,4424548,2,1,56443440,150,16777216,32510,41,0,0,1,2918264,62819,54969,147269,128269,1279,1346,6824,47818876,15039354,0,42,0,1,0,38,10984,124325,170,891,0,2643,606,6824,47818876,15039354,0,4099,4092,0,1,24173663,24154756,4194560,2925180,2912944,5,0,0,0,0,-427,-322,-322,2023,124155,0,85300,134565,3779,0,0,0,1,0,-30487,-1,0,0,0,-26,4097,0,-155,0,19119915,0,0,0,0,2920924,56611321,56831041,57050761,0,35167,0,0,6745634,11326852,28480,1925989747,0,-157965158,19,0,0,0,0,124155,98,3188112,1,0
382,2025-10-29T11:43:49.863,2,,2917732,2912412,2917732,2912412,2919328,2918796,2912412,2917732,0,124725,0,20955,1134,263,8250,19132680,1326605,1342772896,15938,2653210,2178652,3349052,2703,-16777216,0,654,0,0,4424548,2,1,56692684,150,16777216,32510,41,0,0,1,2918264,62819,54969,147269,128269,1279,1346,6824,47818876,15039354,0,42,0,1,0,38,4051,124737,206,693,0,2652,603,6824,47818876,15039354,0,4099,4092,0,1,24173663,24153710,4194560,2925180,2912944,3,0,0,0,0,-430,-324,-324,2031,124534,0,85300,135012,3778,0,0,0,1,0,-30487,-1,0,0,0,-26,4097,0,-155,0,19119915,0,0,0,0,2920924,56611321,56831041,57050761,0,35167,0,0,6508620,11403311,28076,1933037689,0,-157965158,19,0,0,0,0,124531,871,1326605,1,0
383,2025-10-29T11:43:49.964,2,,2912412,2914540,2912412,2914540,2919328,2918796,2914540,2912412,0,124937,0,22183,1323,189,8250,19900179,767499,-1520538634,15965,1534998,2178652,3349052,2703,-16777216,0,654,0,0,4424548,2,1,56817621,150,16777216,32510,41,0,0,1,2918264,62819,54969,147269,128269,1279,1346,6824,47818876,15039354,0,42,0,1,0,38,563,124955,218,621,0,2655,601,6824,47818876,15039354,0,4099,4092,0,1,24173663,24152708,4194560,2925180,2912944,2,0,0,0,0,-432,-325,-325,2034,124742,0,85300,135247,3777,0,0,0,1,0,-30487,-1,0,0,0,-26,4097,0,-155,0,19119915,0,0,0,0,2920924,56611321,56831041,57050761,0,35167,0,0,6389399,11440316,27787,1936570569,0,-157965158,19,0,0,0,0,124737,1134,767499,1,0
384,2025-10-29T11:43:50.064,2,,2912412,2914540,2912412,2914540,2919328,2918796,2914540,2912412,0,125272,0,25073,1544,87,8250,20448469,135629,1342772898,16012,271258,2178652,3349052,2703,-16777216,0,654,0,0,4424548,2,1,57067989,150,16777216,32510,41,0,0,1,2918264,62819,54969,147269,128269,1279,1346,6824,47818876,15039354,0,42,0,1,0,38,345630,125307,251,522,0,2663,598,6824,47818876,15039354,0,4099,4092,0,1,24173663,24150090,4195330,2911348,2923052,15,0,0,0,0,-435,-327,-327,2041,125064,0,85300,135579,3778,0,0,0,1,0,-30487,-1,0,0,0,-26,4097,0,-152,0,19119915,0,0,0,0,2920924,56611321,56831041,57050761,0,35167,0,0,6149832,11512263,27107,1943650295,0,-157965158,19,0,0,0,0,125056,1457,135629,1,0
385,2025-10-29T11:43:50.163,2,,2912412,2914540,2912412,2914540,2919328,2918796,2914540,2912412,0,125553,0,26654,1618,74,8250,20604031,155562,-1520538632,16035,311124,2178652,3349052,2703,-16777216,0,654,0,0,4424548,2,1,57193542,150,16777216,32510,41,0,0,1,2918264,62819,54969,147269,128269,1279,1346,6824,47818876,15039354,0,42,0,1,0,38,345412,125556,249,512,0,2667,597,6824,47818876,15039354,0,4100,4091,0,1,24173663,24148590,4195330,2911348,2923052,14,0,0,0,0,-438,-328,-328,2045,125316,0,85300,135802,3779,0,0,0,1,0,-30487,-1,0,0,0,-26,4097,0,-152,0,19119915,0,0,0,0,2920924,56611321,56831041,57050761,0,35167,0,0,6029400,11547309,26735,1947200593,0,-157965158,19,0,0,0,0,125307,1544,155562,1,0
386,2025-10-29T11:43:50.262,2,,2912412,2914540,2912412,2914540,2919328,2918796,2914540,2912412,0,125980,0,30061,1804,108,8250,21455603,578247,1342772900,16100,1156494,2178652,3349052,2703,-16777216,0,654,0,0,4424548,2,1,57445303,150,16777216,32510,41,0,0,1,2918264,62819,54969,147269,128269,1279,1346,6824,47818876,15039354,0,42,0,1,0,38,344589,125954,192,551,0,2677,593,6824,47818876,15039354,0,4100,4091,0,1,24173663,24145352,4195330,2911348,2923052,12,0,0,0,0,-443,-330,-330,2054,125773,0,85300,136225,3781,0,0,0,1,0,-30487,-1,0,0,0,-26,4097,0,-152,0,19119915,0,0,0,0,2920924,56611321,56831041,57050761,0,35167,0,0,5787328,11615475,25932,1954319709,0,-157965158,19,0,0,0,0,125762,1696,578247,1,0
387,2025-10-29T11:43:50.363,2,,2912412,2914540,2912412,2914540,2919328,2918796,2914540,2912412,0,126198,0,31940,1955,151,8250,22389186,933583,-1520538630,16125,1867166,2178652,3349052,2703,-16777216,0,654,0,0,4424548,2,1,57571501,150,16777216,32510,41,0,0,1,2918264,62819,54969,147269,128269,1279,1346,6824,47818876,15039354,0,42,0,1,0,38,344024,126137,183,596,0,2681,591,6824,47818876,15039354,0,4101,4090,0,1,24173663,24143602,4194560,2914540,2921988,11,0,0,0,0,-445,-331,-331,2058,125966,0,85300,136423,3781,0,0,0,1,0,-30487,-1,0,0,0,-26,4097,0,-152,0,19119915,0,0,0,0,2920924,56611321,56831041,57050761,0,35167,0,0,5665667,11648449,25490,1957888245,0,-157965158,19,0,0,0,0,125954,1804,933583,1,0
388,2025-10-29T11:43:50.463,2,,2912412,2914540,2912412,2914540,2919328,2918796,2914540,2912412,0,126546,0,36230,2338,194,8250,24776551,1181023,1342772902,16176,2362046,2178652,3349052,2703,-16777216,0,654,0,0,4424548,2,1,57824423,150,16777216,32510,41,0,0,1,2918264,62819,54969,147269,128269,1279,1346,6824,47818876,15039354,0,42,0,1,0,38,343147,126476,167,642,0,2689,589,6824,47818876,15039354,0,4101,4090,0,1,24173663,24139674,4194560,2914540,2921988,9,0,0,0,0,-448,-333,-333,2065,126327,0,85300,136790,3782,0,0,0,1,0,-30487,-1,0,0,0,-26,4097,0,-152,0,19119915,0,0,0,0,2920924,56611321,56831041,57050761,0,35167,0,0,5421234,11712163,24481,1965040193,0,-157965158,19,0,0,0,0,126309,2144,1181023,1,0
389,2025-10-29T11:43:50.563,2,,2912412,2914540,2912412,2914540,2919328,2918796,2914540,2912412,0,126746,0,38685,2572,234,8250,26242897,1466346,-1520538628,16198,2932692,2178652,3349052,2703,-16777216,0,654,0,0,4424548,2,1,57951169,150,16777216,32510,41,0,0,1,2918264,62819,54969,147269,128269,1279,1346,6824,47818876,15039354,0,42,0,1,0,38,342656,126646,170,684,0,2691,587,6824,47818876,15039354,0,4102,4089,0,1,24173663,24137433,4194560,2914540,2921988,8,0,0,0,0,-450,-334,-334,2067,126497,0,85300,136973,3782,0,0,0,1,0,-30487,-1,0,0,0,-26,4097,0,-152,0,19119915,0,0,0,0,2920924,56611321,56831041,57050761,0,35167,0,0,5298440,11742859,23903,1968624225,0,-157965158,19,0,0,0,0,126476,2338,1466346,1,0
390,2025-10-29T11:43:50.666,2,,2912412,2914540,2912412,2914540,2919328,2918796,2914540,2912412,0,127100,0,44287,3024,220,8250,28871910,1246484,1342772904,16244,2492968,2178652,3349052,2703,-16777216,0,654,0,0,4424548,2,1,58205174,150,16777216,32510,41,0,0,1,2918264,62819,54969,147269,128269,1279,1346,6824,47818876,15039354,0,42,0,1,0,38,341750,126974,179,674,0,2699,584,6824,47818876,15039354,0,4103,4088,0,1,24173663,24132290,4194560,2914540,2921988,6,0,0,0,0,-454,-336,-336,2074,126826,0,85300,137329,3781,0,0,0,1,0,-30487,-1,0,0,0,-26,4097,0,-152,0,19119915,0,0,0,0,2920924,56611321,56831041,57050761,0,35167,0,0,5051760,11801818,22585,1975806797,0,-157965158,19,0,0,0,0,126795,2804,1246484,1,0
391,2025-10-29T11:43:50.763,2,,2912412,2914540,2912412,2914540,2919328,2918796,2914540,2912412,0,127282,0,47307,3016,-8,8250,28270041,-601869,-1520538626,16269,-1203738,2178652,3349052,2703,-16777216,0,654,0,0,4424548,2,1,58332456,150,16777216,32510,41,0,0,1,2918264,62819,54969,147269,128269,1279,1346,6824,47818876,15039354,0,42,0,1,0,38,341346,127159,185,448,0,2702,584,6824,47818876,15039354,0,4103,4088,0,1,24173663,24129376,4194560,2914540,2921988,5,0,0,0,0,-456,-337,-337,2077,127010,0,85300,137529,3781,0,0,0,1,0,-30487,-1,0,0,0,-26,4097,0,-152,0,19119915,0,0,0,0,2920924,56611321,56831041,57050761,0,35167,0,0,4927879,11830137,21874,1979405985,0,-157965158,19,0,0,0,0,126974,3024,-601869,1,0
392,2025-10-29T11:43:50.862,2,,2912412,2914540,2912412,2914540,2919328,2918796,2914540,2912412,0,127749,0,53406,3066,8,8250,29187811,624999,1342772906,16321,1249998,2178652,3349052,2703,-16777216,0,654,0,0,4424548,2,1,58587717,150,16777216,32510,41,0,0,1,2918264,62819,54969,147269,128269,1279,1346,6824,47818876,15039354,0,42,0,1,0,38,340308,127535,191,591,0,2742,576,6824,47818876,15039354,0,4106,4085,0,1,20341512,20291168,4194560,2914540,2921988,3,0,0,0,0,-583,-339,-339,2114,127380,0,85300,137935,3781,0,0,0,1,0,-30487,-1,0,0,0,-26,4097,0,-152,0,19119915,0,0,0,0,2920924,56611321,56831041,57050761,0,35167,0,0,4679101,11884845,20439,1987526754,0,-157965158,20,0,0,0,0,127344,3058,624999,1,0
393,2025-10-29T11:43:50.963,2,,2912412,2914540,2912412,2914540,2919328,2918796,2914540,2912412,0,127892,0,56440,3002,-64,8250,29050804,-137007,-1520538624,16352,-274014,2178652,3349052,2703,-16777216,0,654,0,0,4424548,2,1,58715609,150,16777216,32510,41,0,0,1,2918264,62819,54969,147269,128269,1279,1346,6824,47818876,15039354,0,42,0,1,0,38,339797,127627,92,521,0,2746,575,6824,47818876,15039354,0,4106,4085,0,1,20341512,20288106,4194560,2914540,2921988,2,0,0,0,0,-585,-340,-340,2118,127571,0,85300,138035,3784,0,0,0,1,0,-30487,-1,0,0,0,-26,4097,0,-152,0,19119915,0,0,0,0,2920924,56611321,56831041,57050761,0,35167,0,0,4554246,11911083,19725,1991824500,0,-157965158,20,0,0,0,0,127535,3066,-137007,1,0
394,2025-10-29T11:43:51.061,2,,2912412,2914540,2912412,2914540,2919328,2918796,2914540,2912412,0,128270,0,62150,2681,-187,8250,27148952,-1153919,1342772908,16392,-2307838,2178652,3349052,2703,-16777216,0,654,0,0,4424548,2,1,58971944,150,16777216,32510,41,0,0,1,2918264,62819,54969,147269,128269,1279,1346,6824,47818876,15039354,0,42,0,1,0,38,338754,128036,217,402,0,2752,573,6824,47818876,15039354,0,4107,4084,0,1,20341512,20282137,4195330,2911880,2915604,15,0,0,0,0,-589,-341,-341,2123,127851,0,85300,138454,3781,0,0,0,1,0,-30487,-1,0,0,0,-26,4097,0,-150,0,19119915,0,0,0,0,2920924,56611321,56831041,57050761,0,35167,0,0,4303649,11961658,18382,2000438510,0,-157965158,20,0,0,0,0,127819,2868,-1153919,1,0
395,2025-10-29T11:43:51.161,2,,2912412,2914540,2912412,2914540,2919328,2918796,2914540,2912412,0,128518,0,64727,2472,-209,8250,25883141,-1265811,-1520538622,16418,-2531622,2178652,3349052,2703,-16777216,0,654,0,0,4424548,2,1,59100462,150,16777216,32510,41,0,0,1,2918264,62819,54969,147269,128269,1279,1346,6824,47818876,15039354,0,42,0,1,0,38,338154,128251,215,383,0,2757,571,6824,47818876,15039354,0,4108,4083,0,1,20341512,20279362,4195330,2911880,2915604,14,0,0,0,0,-592,-342,-342,2128,128064,0,85300,138665,3782,0,0,0,1,0,-30487,-1,0,0,0,-26,4097,0,-150,0,19119915,0,0,0,0,2920924,56611321,56831041,57050761,0,35167,0,0,4177859,11986101,17775,2004757294,0,-157965158,20,0,0,0,0,128036,2681,-1265811,1,0
396,2025-10-29T11:43:51.263,2,,2912412,2914540,2912412,2914540,2919328,2918796,2914540,2912412,0,128925,0,69183,1991,-233,8250,23056386,-1316533,1342772910,16482,-2633066,2178652,3349052,2703,-16777216,0,654,0,0,4424548,2,1,59358151,150,16777216,32510,41,0,0,1,2918264,62819,54969,147269,128269,1279,1346,6824,47818876,15039354,0,42,0,1,0,38,336767,128574,111,365,0,2765,568,6824,47818876,15039354,0,4109,4082,0,1,20341512,20274437,4194560,2919860,2924648,12,0,0,0,0,-598,-345,-345,2136,128482,0,85300,138988,3785,0,0,0,1,0,-30487,-1,0,0,0,-26,4097,0,-150,0,19119915,0,0,0,0,2920924,56611321,56831041,57050761,0,35167,0,0,3925369,12033380,16727,2013416802,0,-157965158,20,0,0,0,0,128463,2224,-1316533,1,0
397,2025-10-29T11:43:51.362,2,,2912412,2914540,2912412,2914540,2919328,2918796,2914540,2912412,0,129066,0,71081,1804,-187,8250,22128885,-927501,-1520538620,16502,-1855002,2178652,3349052,2703,-16777216,0,654,0,0,4424548,2,1,59487217,150,16777216,32510,41,0,0,1,2918264,62819,54969,147269,128269,1279,1346,6824,47818876,15039354,0,42,0,1,0,38,335997,128743,169,412,0,2767,567,6824,47818876,15039354,0,4109,4082,0,1,20341512,20272329,4194560,2919860,2924648,11,0,0,0,0,-599,-345,-345,2138,128589,0,85300,139171,3784,0,0,0,1,0,-30487,-1,0,0,0,-26,4097,0,-150,0,19119915,0,0,0,0,2920924,56611321,56831041,57050761,0,35167,0,0,3798769,12056170,16279,2017754002,0,-157965158,20,0,0,0,0,128574,1991,-927501,1,0
398,2025-10-29T11:43:51.464,2,,2912412,2914540,2912412,2914540,2919328,2918796,2914540,2912412,0,129435,0,74450,1590,-82,8250,21438767,-177796,1342772912,16546,-355592,2178652,3349052,2703,-16777216,0,654,0,0,4424548,2,1,59745919,150,16777216,32510,41,0,0,1,2918264,62819,54969,147269,128269,1279,1346,6824,47818876,15039354,0,42,0,1,0,38,334444,129080,169,521,0,2775,565,6824,47818876,15039354,0,4110,4081,0,1,20341512,20268693,4194560,2919860,2924648,9,0,0,0,0,-603,-347,-347,2145,128921,0,85300,139535,3784,0,0,0,1,0,-30487,-1,0,0,0,-26,4097,0,-150,0,19119915,0,0,0,0,2920924,56611321,56831041,57050761,0,35167,0,0,3544700,12099854,15487,2026447552,0,-157965158,20,0,0,0,0,128911,1672,-177796,1,0
399,2025-10-29T11:43:51.561,2,,2912412,2914540,2912412,2914540,2919328,2918796,2914540,2912412,0,129631,0,76019,1548,-42,8250,21499842,61075,-1520538618,16568,122150,2178652,3349052,2703,-16777216,0,654,0,0,4424548,2,1,59875550,150,16777216,32510,41,0,0,1,2918264,62819,54969,147269,128269,1279,1346,6824,47818876,15039354,0,42,0,1,0,38,333704,129238,158,564,0,2780,563,6824,47818876,15039354,0,4111,4081,0,1,20341512,20267062,4194560,2919860,2924648,8,0,0,0,0,-606,-348,-348,2149,129089,0,85300,139706,3784,0,0,0,1,0,-30487,-1,0,0,0,-26,4097,0,-150,0,19119915,0,0,0,0,2920924,56611321,56831041,57050761,0,35167,0,0,3417223,12120643,15117,2030803738,0,-157965158,20,0,0,0,0,129080,1590,61075,1,0
400,2025-10-29T11:43:51.664,2,,2912412,2914540,2912412,2914540,2919328,2918796,2914540,2912412,0,129953,0,79068,1507,-14,8250,21713555,121074,1342772914,16613,242148,2178652,3349052,2703,-16777216,0,654,0,0,4424548,2,1,60135295,150,16777216,32510,41,0,0,1,2918264,62819,54969,147269,128269,1279,1346,6824,47818876,15039354,0,42,0,1,0,38,332040,129559,158,596,0,2786,561,6824,47818876,15039354,0,4111,4080,0,1,20341512,20263958,4194560,2919860,2924648,6,0,0,0,0,-610,-350,-350,2155,129409,0,85300,140053,3784,0,0,0,1,0,-30487,-1,0,0,0,-26,4097,0,-150,0,19119915,0,0,0,0,2920924,56611321,56831041,57050761,0,35167,0,0,3161454,12159942,14399,2039532338,0,-157965158,20,0,0,0,0,129401,1521,121074,1,0
401,2025-10-29T11:43:51.762,2,,2912412,2914540,2912412,2914540,2919328,2918796,2914540,2912412,0,130109,0,80559,1475,-32,8250,21629176,-84379,-1520538616,16634,-168758,2178652,3349052,2703,-16777216,0,654,0,0,4424548,2,1,60265404,150,16777216,32510,41,0,0,1,2918264,62819,54969,147269,128269,1279,1346,6824,47818876,15039354,0,42,0,1,0,38,331230,129712,153,579,0,2789,559,6824,47818876,15039354,0,4111,4080,0,1,20341512,20262444,4194560,2919860,2924648,5,0,0,0,0,-611,-351,-351,2158,129567,0,85300,140218,3784,0,0,0,1,0,-30487,-1,0,0,0,-26,4097,0,-150,0,19119915,0,0,0,0,2920924,56611321,56831041,57050761,0,35167,0,0,3033173,12178434,14048,2043904586,0,-157965158,20,0,0,0,0,129559,1507,-84379,1,0
402,2025-10-29T11:43:51.863,2,,2912412,2914540,2912412,2914540,2919328,2918796,2914540,2912412,0,130398,0,83371,1324,-88,8250,20756214,-527230,1342772916,16678,-1054460,2178652,3349052,2703,-16777216,0,654,0,0,4424548,2,1,60526098,150,16777216,32510,41,0,0,1,2918264,62819,54969,147269,128269,1279,1346,6824,47818876,15039354,0,42,0,1,0,38,329401,129913,44,527,0,2795,557,6824,47818876,15039354,0,4112,4079,0,1,20341512,20259509,4194560,2919860,2924648,3,0,0,0,0,-615,-352,-352,2164,129876,0,85300,140436,3787,0,0,0,1,0,-30487,-1,0,0,0,-26,4097,0,-150,0,19119915,0,0,0,0,2920924,56611321,56831041,57050761,0,35167,0,0,2775854,12213189,13386,2052665076,0,-157965158,20,0,0,0,0,129869,1412,-527230,1,0
403,2025-10-29T11:43:51.962,2,,2912412,2914540,2912412,2914540,2919328,2918796,2914540,2912412,0,130500,0,84635,1204,-120,8250,20006219,-749995,-1520538614,16691,-1499990,2178652,3349052,2703,-16777216,0,654,0,0,4424548,2,1,60656598,150,16777216,32510,41,0,0,1,2918264,62819,54969,147269,128269,1279,1346,6824,47818876,15039354,0,42,0,1,0,38,328498,130073,160,496,0,2797,557,6824,47818876,15039354,0,4112,4079,0,1,20341512,20258141,4194560,2919860,2924648,2,0,0,0,0,-616,-352,-352,2165,129919,0,85300,140609,3784,0,0,0,1,0,-30487,-1,0,0,0,-26,4097,0,-150,0,19119915,0,0,0,0,2920924,56611321,56831041,57050761,0,35167,0,0,2646913,12229490,13088,2057050464,0,-157965158,20,0,0,0,0,129913,1324,-749995,1,0
404,2025-10-29T11:43:52.063,2,,2912412,2914540,2912412,2914540,2919328,2918796,2914540,2912412,0,130869,0,86776,934,-137,8250,18413187,-789309,1342772918,16729,-1578618,2178652,3349052,2703,-16777216,0,654,0,0,4424548,2,1,60918161,150,16777216,32510,41,0,0,1,2918264,62819,54969,147269,128269,1279,1346,6824,47818876,15039354,0,42,0,1,0,38,326597,130421,183,483,0,2803,555,6824,47818876,15039354,0,4113,4078,0,1,20341512,20255739,4195330,2911880,2923052,15,0,0,0,0,-620,-354,-354,2171,130242,0,85300,140954,3784,0,0,0,1,0,-30487,-1,0,0,0,-26,4097,0,-147,0,19119915,0,0,0,0,2920924,56611321,56831041,57050761,0,35167,0,0,2388246,12260061,12583,2065840158,0,-157965158,20,0,0,0,0,130238,1071,-789309,1,0
405,2025-10-29T11:43:52.164,2,,2912412,2914540,2912412,2914540,2919328,2918796,2914540,2912412,0,131051,0,87648,809,-125,8250,17746511,-666676,-1520538612,16751,-1333352,2178652,3349052,2703,-16777216,0,654,0,0,4424548,2,1,61049212,150,16777216,32510,41,0,0,1,2918264,62819,54969,147269,128269,1279,1346,6824,47818876,15039354,0,42,0,1,0,38,325599,130600,179,497,0,2808,553,6824,47818876,15039354,0,4113,4078,0,1,20341512,20254736,4195330,2911880,2923052,14,0,0,0,0,-622,-355,-355,2176,130424,0,85300,141113,3785,0,0,0,1,0,-30487,-1,0,0,0,-26,4097,0,-147,0,19119915,0,0,0,0,2920924,56611321,56831041,57050761,0,35167,0,0,2258537,12274328,12378,2070244060,0,-157965158,20,0,0,0,0,130421,934,-666676,1,0
406,2025-10-29T11:43:52.267,2,,2912412,2914540,2912412,2914540,2919328,2918796,2914540,2912412,0,131376,0,89020,570,-112,8250,16545563,-539803,1342772920,16797,-1079606,2178652,3349052,2703,-16777216,0,654,0,0,4424548,2,1,61311818,150,16777216,32510,41,0,0,1,2918264,62819,54969,147269,128269,1279,1346,6824,47818876,15039354,0,42,0,1,0,38,323382,130893,117,515,0,2816,550,6824,47818876,15039354,0,4113,4078,0,1,20341512,20253118,4194560,2918796,2912944,12,0,0,0,0,-627,-357,-357,2183,130777,0,85300,141388,3788,0,0,0,1,0,-30487,-1,0,0,0,-26,4097,0,-147,0,19119915,0,0,0,0,2920924,56611321,56831041,57050761,0,35167,0,0,1998412,12300778,12054,2079068804,0,-157965158,20,0,0,0,0,130776,682,-539803,1,0
407,2025-10-29T11:43:52.362,2,,2912412,2914540,2912412,2914540,2919328,2918796,2914540,2912412,0,131539,0,89540,470,-100,8250,16086925,-458638,-1520538610,16816,-917276,2178652,3349052,2703,-16777216,0,654,0,0,4424548,2,1,61443357,150,16777216,32510,41,0,0,1,2918264,62819,54969,147269,128269,1279,1346,6824,47818876,15039354,0,42,0,1,0,38,322223,131035,142,528,0,2818,550,6824,47818876,15039354,0,4114,4078,0,1,20341512,20252492,4194560,2918796,2912944,11,0,0,0,0,-628,-358,-358,2185,130894,0,85300,141541,3787,0,0,0,1,0,-30487,-1,0,0,0,-26,4097,0,-147,0,19119915,0,0,0,0,2920924,56611321,56831041,57050761,0,35167,0,0,1868015,12312934,11931,2083489106,0,-157965158,20,0,0,0,0,130893,570,-458638,1,0
408,2025-10-29T11:43:52.463,2,,2912412,2914540,2912412,2914540,2919328,2918796,2914540,2912412,0,131835,0,90343,340,-58,8250,15656369,-177719,1342772922,16855,-355438,2178652,3349052,2703,-16777216,0,654,0,0,4424548,2,1,61706876,150,16777216,32510,41,0,0,1,2918264,62819,54969,147269,128269,1279,1346,6824,47818876,15039354,0,42,0,1,0,38,319949,131335,152,574,0,2824,547,6824,47818876,15039354,0,4114,4077,0,1,20341512,20251538,4194560,2918796,2912944,9,0,0,0,0,-632,-359,-359,2191,131183,0,85300,141865,3787,0,0,0,1,0,-30487,-1,0,0,0,-26,4097,0,-147,0,19119915,0,0,0,0,2920924,56611321,56831041,57050761,0,35167,0,0,1606591,12334992,11742,2092344530,0,-157965158,20,0,0,0,0,131183,398,-177719,1,0
409,2025-10-29T11:43:52.566,2,,2912412,2914540,2912412,2914540,2919328,2918796,2914540,2912412,0,131980,0,90668,310,-30,8250,15663618,7249,-1520538608,16875,14498,2178652,3349052,2703,-16777216,0,654,0,0,4424548,2,1,61838856,150,16777216,32510,41,0,0,1,2918264,62819,54969,147269,128269,1279,1346,6824,47818876,15039354,0,42,0,1,0,38,318838,131471,136,604,0,2826,546,6824,47818876,15039354,0,4114,4077,0,1,20341512,20251169,4194560,2918796,2912944,8,0,0,0,0,-634,-360,-360,2193,131335,0,85300,142012,3788,0,0,0,1,0,-30487,-1,0,0,0,-26,4097,0,-147,0,19119915,0,0,0,0,2920924,56611321,56831041,57050761,0,35167,0,0,1475568,12344847,11666,2096779652,0,-157965158,20,0,0,0,0,131335,340,7249,1,0
410,2025-10-29T11:43:52.663,2,,2912412,2914540,2912412,2914540,2919328,2918796,2914540,2912412,0,132253,0,91260,289,-3,8250,15847074,130471,1342772924,16911,260942,2178652,3349052,2703,-16777216,0,654,0,0,4424548,2,1,62103225,150,16777216,32510,41,0,0,1,2918264,62819,54969,147269,128269,1279,1346,6824,47818876,15039354,0,42,0,1,0,38,316505,131743,136,635,0,2832,545,6824,47818876,15039354,0,4114,4077,0,1,20341512,20250543,4194560,2918796,2912944,6,0,0,0,0,-638,-362,-362,2199,131607,0,85300,142306,3788,0,0,0,1,0,-30487,-1,0,0,0,-26,4097,0,-147,0,19119915,0,0,0,0,2920924,56611321,56831041,57050761,0,35167,0,0,1212947,12362074,11525,2105663640,0,-157965158,20,0,0,0,0,131607,292,130471,1,0
411,2025-10-29T11:43:52.768,2,,2912412,2914540,2912412,2914540,2919328,2918796,2914540,2912412,0,132341,0,91557,305,16,8250,16080339,233265,-1520538606,16928,466530,2178652,3349052,2703,-16777216,0,654,0,0,4424548,2,1,62235566,150,16777216,32510,41,0,0,1,2918264,62819,54969,147269,128269,1279,1346,6824,47818876,15039354,0,42,0,1,0,38,315249,131783,40,656,0,2837,543,6824,47818876,15039354,0,4114,4077,0,1,20341512,20250252,4194560,2918796,2912944,5,0,0,0,0,-640,-362,-362,2203,131743,0,85300,142349,3790,0,0,0,1,0,-30487,-1,0,0,0,-26,4097,0,-147,0,19119915,0,0,0,0,2920924,56611321,56831041,57050761,0,35167,0,0,1081404,12369385,11455,2110110892,0,-157965158,20,0,0,0,0,131743,289,233265,1,0
412,2025-10-29T11:43:52.862,2,,2912412,2914540,2912412,2914540,2919328,2918796,2914540,2912412,0,132560,0,92203,346,25,8250,16492994,229633,1342772926,16951,459266,2178652,3349052,2703,-16777216,0,654,0,0,4424548,2,1,62500554,150,16777216,32510,41,0,0,1,2918264,62819,54969,147269,128269,1279,1346,6824,47818876,15039354,0,42,0,1,0,38,312841,132047,131,667,0,2839,542,6824,47818876,15039354,0,4114,4077,0,1,20341512,20249642,4194560,2918796,2916136,3,0,0,0,0,-642,-363,-363,2206,131916,0,85300,142634,3788,0,0,0,1,0,-30487,-1,0,0,0,-26,4097,0,-147,0,19119915,0,0,0,0,2920924,56611321,56831041,57050761,0,35167,0,0,817888,12381406,11302,2119015680,0,-157965158,20,0,0,0,0,131916,321,229633,1,0
413,2025-10-29T11:43:52.963,2,,2912412,2914540,2912412,2914540,2919328,2918796,2914540,2912412,0,132694,0,92562,373,27,8250,16712020,219026,-1520538604,16968,438052,2178652,3349052,2703,-16777216,0,654,0,0,4424548,2,1,62633248,150,16777216,32510,41,0,0,1,2918264,62819,54969,147269,128269,1279,1346,6824,47818876,15039354,0,42,0,1,0,38,311641,132181,134,671,0,2843,541,6824,47818876,15039354,0,4114,4077,0,1,20341512,20249309,4194560,2918796,2916136,2,0,0,0,0,-644,-364,-364,2209,132047,0,85300,142779,3788,0,0,0,1,0,-30487,-1,0,0,0,-26,4097,0,-147,0,19119915,0,0,0,0,2920924,56611321,56831041,57050761,0,35167,0,0,685880,12386104,11218,2123474796,0,-157965158,20,0,0,0,0,132047,346,219026,1,0
414,2025-10-29T11:43:53.066,2,,2912412,2914540,2912412,2914540,2919328,2918796,2914540,2912412,0,132971,0,93348,413,19,8250,16992561,130308,1342772928,17002,260616,2178652,3349052,2703,-16777216,0,654,0,0,4424548,2,1,62899048,150,16777216,32510,41,0,0,1,2918264,62819,54969,147269,128269,1279,1346,6824,47818876,15039354,0,42,0,1,0,38,309160,132464,147,666,0,2848,539,6824,47818876,15039354,0,4114,4077,0,1,20341512,20248567,4195330,2911348,2926776,15,0,0,0,0,-647,-366,-366,2214,132317,0,85300,143018,3789,0,0,0,1,0,-30487,-1,0,0,0,-26,4097,0,-144,0,19119915,0,0,0,0,2920924,56611321,56831041,57050761,0,35167,0,0,421383,12392866,11032,2132406872,0,-157965158,20,0,0,0,0,132317,394,130308,1,0
415,2025-10-29T11:43:53.162,2,,2912412,2914540,2912412,2914540,2919328,2918796,2914540,2912412,0,133119,0,93766,424,11,8250,17052766,60205,-1520538602,17020,120410,2178652,3349052,2703,-16777216,0,654,0,0,4424548,2,1,63032167,150,16777216,32510,41,0,0,1,2918264,62819,54969,147269,128269,1279,1346,6824,47818876,15039354,0,42,0,1,0,38,307962,132611,147,659,0,2851,538,6824,47818876,15039354,0,4114,4077,0,1,20341512,20248164,4195330,2911348,2926776,14,0,0,0,0,-648,-366,-366,2217,132464,0,85300,143159,3789,0,0,0,1,0,-30487,-1,0,0,0,-26,4097,0,-144,0,19119915,0,0,0,0,2920924,56611321,56831041,57050761,0,35167,0,0,288892,12394934,10934,2136880270,0,-157965158,20,0,0,0,0,132464,413,60205,1,0
416,2025-10-29T11:43:53.262,2,,2912412,2914540,2912412,2914540,2919328,2918796,2914540,2912412,0,133439,0,94668,471,16,8250,17366258,93303,1342772930,17058,186606,2178652,3349052,2703,-16777216,0,654,0,0,4424548,2,1,63298870,150,16777216,32510,41,0,0,1,2918264,62819,54969,147269,128269,1279,1346,6824,47818876,15039354,0,42,0,1,0,38,305280,132895,141,668,0,2858,536,6824,47818876,15039354,0,4115,4077,0,1,20341512,20247307,4194560,2921456,2921988,12,0,0,0,0,-652,-368,-368,2223,132754,0,85300,143441,3790,0,0,0,1,0,-30487,-1,0,0,0,-26,4097,0,-144,0,19119915,0,0,0,0,2920924,56611321,56831041,57050761,0,35167,0,0,23429,12396413,10722,2145842690,0,-157965158,20,0,0,0,0,132754,455,93303,1,0
417,2025-10-29T11:43:53.361,2,,2912412,2914540,2912412,2914540,2919328,2918796,2914540,2912412,0,133584,0,95141,476,5,8250,17333628,-32630,-1520538600,17080,-65260,2178652,3349052,41363,2703,0,2182,0,0,4424548,2,1,73369,149,38660,32510,40,0,0,2,2918264,62819,54969,147269,128269,1279,1346,6824,47818876,15039354,0,42,0,1,0,38,303714,133010,115,652,0,2858,535,6824,47818876,15039354,0,4115,4076,0,1,20341512,20246844,4194560,2921456,2921988,11,0,0,0,0,-647,-369,-369,2224,132895,0,85300,143565,3791,0,0,0,1,0,-30487,-1,0,0,0,-26,4097,0,-144,0,19119915,0,0,0,0,2920924,56611321,56831041,57050761,0,35167,0,0,-109534,12395831,10612,-2144671734,0,-157965158,0,0,0,0,0,132895,471,-32630,1,0
418,2025-10-29T11:43:53.463,2,,2912412,2914540,2912412,2914540,2919328,2918796,2914540,2912412,0,133798,0,96097,467,-17,8250,17127297,-181399,1342772932,17107,-362798,2178652,3349052,41363,2703,0,2182,0,0,4424548,2,1,340818,149,38660,32510,40,0,0,2,2918264,62819,54969,147269,128269,1279,1346,6824,47818876,15039354,0,42,0,1,0,38,300755,133239,115,628,0,2862,533,6824,47818876,15039354,0,4115,4077,0,1,20644179,20548558,4194560,2921456,2921988,9,0,0,0,0,-645,-370,-370,2228,133124,0,85300,143812,3791,0,0,0,1,0,-30487,-1,0,0,0,-26,4097,0,-144,0,19119915,0,0,0,0,2920924,56611321,56831041,57050761,0,35167,0,0,-375717,12392075,10387,-2135816024,0,-157965158,0,0,0,0,0,133124,484,-181399,1,0
419,2025-10-29T11:43:53.562,2,,2912412,2914540,2912412,2914540,2919328,2918796,2914540,2912412,0,133916,0,96560,459,-8,8250,17048993,-78304,-1520538598,17126,-156608,2178652,3349052,41363,2703,0,2182,0,0,4424548,2,1,474734,149,38660,32510,40,0,0,2,2918264,62819,54969,147269,128269,1279,1346,6824,47818876,15039354,0,42,0,1,0,38,299213,133358,119,638,0,2864,533,6824,47818876,15039354,0,4115,4076,0,1,20644179,20548082,4194560,2921456,2921988,8,0,0,0,0,-646,-371,-371,2230,133239,0,85300,143941,3791,0,0,0,1,0,-30487,-1,0,0,0,-26,4097,0,-144,0,19119915,0,0,0,0,2920924,56611321,56831041,57050761,0,35167,0,0,-508971,12388919,10278,-2131381828,0,-157965158,0,0,0,0,0,133239,467,-78304,1,0
420,2025-10-29T11:43:53.663,2,,2912412,2914540,2912412,2914540,2919328,2918796,2914540,2912412,0,134160,0,97417,386,-48,8250,16524754,-337465,1342772934,17157,-674930,2178652,3349052,41363,2703,0,2182,0,0,4424548,2,1,742930,149,38660,32510,40,0,0,2,2918264,62819,54969,147269,128269,1279,1346,6824,47818876,15039354,0,42,0,1,0,38,295990,133603,124,601,0,2870,530,6824,47818876,15039354,0,4115,4076,0,1,20644179,20547172,4194560,2916668,2921988,6,0,0,0,0,-649,-372,-372,2235,133479,0,85300,144206,3791,0,0,0,1,0,-30487,-1,0,0,0,-26,4097,0,-144,0,19119915,0,0,0,0,2920924,56611321,56831041,57050761,0,35167,0,0,-775759,12380078,10077,-2122501384,0,-157965158,0,0,0,0,0,133479,434,-337465,1,0
421,2025-10-29T11:43:53.764,2,,2912412,2914540,2912412,2914540,2919328,2918796,2914540,2912412,0,134231,0,97773,326,-60,8250,16130983,-393771,-1520538596,17172,-787542,2178652,3349052,41363,2703,0,2182,0,0,4424548,2,1,877161,149,38660,32510,40,0,0,2,2918264,62819,54969,147269,128269,1279,1346,6824,47818876,15039354,0,42,0,1,0,38,294387,133622,19,590,0,2872,530,6824,47818876,15039354,0,4115,4076,0,1,20644179,20546762,4194560,2916668,2921988,5,0,0,0,0,-650,-373,-373,2237,133603,0,85300,144226,3794,0,0,0,1,0,-30487,-1,0,0,0,-26,4097,0,-144,0,19119915,0,0,0,0,2920924,56611321,56831041,57050761,0,35167,0,0,-909236,12374417,9993,-2118056758,0,-157965158,0,0,0,0,0,133603,386,-393771,1,0
422,2025-10-29T11:43:53.863,2,,2912412,2914540,2912412,2914540,2919328,2918796,2914540,2912412,0,134420,0,98248,145,-94,8250,14993628,-573097,1342772936,17190,-1146194,2178652,3349052,41363,2703,0,2182,0,0,4424548,2,1,1145880,149,38660,32510,40,0,0,2,2918264,62819,54969,147269,128269,1279,1346,6824,47818876,15039354,0,42,0,1,0,38,291040,133862,123,558,0,2876,529,6824,47818876,15039354,0,4115,4076,0,1,20644179,20546123,4194560,2916668,2921988,3,0,0,0,0,-652,-374,-374,2241,133739,0,85300,144485,3791,0,0,0,1,0,-30487,-1,0,0,0,-26,4097,0,-144,0,19119915,0,0,0,0,2920924,56611321,56831041,57050761,0,35167,0,0,-1176323,12360654,9881,-2109158996,0,-157965158,0,0,0,0,0,133739,239,-573097,1,0
423,2025-10-29T11:43:53.962,2,,2912412,2914540,2912412,2914540,2919328,2918796,2914540,2912412,0,134541,0,98338,34,-111,8250,14335206,-658422,-1520538594,17206,-1316844,2178652,3349052,41363,2703,0,2182,0,0,4424548,2,1,1280421,149,38660,32510,40,0,0,2,2918264,62819,54969,147269,128269,1279,1346,6824,47818876,15039354,0,42,0,1,0,38,289381,133980,118,543,0,2878,528,6824,47818876,15039354,0,4115,4076,0,1,20644179,20545931,4194560,2914540,2921988,2,0,0,0,0,-654,-374,-374,2243,133862,0,85300,144612,3791,0,0,0,1,0,-30487,-1,0,0,0,-26,4097,0,-144,0,19119915,0,0,0,0,2920924,56611321,56831041,57050761,0,35167,0,0,-1309981,12352610,9860,-2104704106,0,-157965158,0,0,0,0,0,133862,145,-658422,1,0
424,2025-10-29T11:43:54.063,2,,2912412,2914540,2912412,2914540,2919328,2918796,2914540,2912412,0,134784,0,98111,-277,-171,8250,12472251,-1021283,1342772938,17236,-2042566,2178652,3349052,41363,2703,0,2182,0,0,4424548,2,1,1549864,149,38660,32510,40,0,0,2,2918264,62819,54969,147269,128269,1279,1346,6824,47818876,15039354,0,42,0,1,0,38,285687,134228,132,486,0,2883,526,6824,47818876,15039354,0,4115,4076,0,1,20644179,20545877,4195330,2911348,2917732,15,0,0,0,0,-657,-376,-376,2248,134096,0,85300,144824,3792,0,0,0,1,0,-30487,-1,0,0,0,-26,4097,0,-141,0,19119915,0,0,0,0,2920924,56611321,56831041,57050761,0,35167,0,0,-1577513,12334296,9913,-2095782370,0,-157965158,0,0,0,0,0,134096,-106,-1021283,1,0
425,2025-10-29T11:43:54.162,2,,2912412,2914540,2912412,2914540,2919328,2918796,2914540,2912412,0,134916,0,97734,-477,-200,8250,11285850,-1186401,-1520538592,17252,-2372802,2178652,3349052,41363,2703,0,2182,0,0,4424548,2,1,1684780,149,38660,32510,40,0,0,2,2918264,62819,54969,147269,128269,1279,1346,6824,47818876,15039354,0,42,0,1,0,38,283813,134360,132,458,0,2887,525,6824,47818876,15039354,0,4115,4076,0,1,20644179,20546068,4195330,2911348,2917732,14,0,0,0,0,-658,-376,-376,2251,134228,0,85300,144941,3793,0,0,0,1,0,-30487,-1,0,0,0,-26,4097,0,-141,0,19119915,0,0,0,0,2920924,56611321,56831041,57050761,0,35167,0,0,-1711400,12324081,10002,-2091315064,0,-157965158,0,0,0,0,0,134228,-277,-1186401,1,0
426,2025-10-29T11:43:54.264,2,,2912412,2914540,2912412,2914540,2919328,2918796,2914540,2912412,0,135170,0,96391,-880,-215,8250,9064610,-1193108,1342772940,17286,-2386216,2178652,3349052,41363,2703,0,2182,0,0,4424548,2,1,1954998,149,38660,32510,40,0,0,2,2918264,62819,54969,147269,128269,1279,1346,6824,47818876,15039354,0,42,0,1,0,38,279697,134604,114,447,0,2892,523,6824,47818876,15039354,0,4115,4076,0,1,20644179,20547016,4194560,2914008,2923052,12,0,0,0,0,-662,-378,-378,2256,134491,0,85300,145176,3794,0,0,0,1,0,-30487,-1,0,0,0,-26,4097,0,-141,0,19119915,0,0,0,0,2920924,56611321,56831041,57050761,0,35167,0,0,-1979405,12301586,10318,-2082367668,0,-157965158,0,0,0,0,0,134490,-665,-1193108,1,0
427,2025-10-29T11:43:54.361,2,,2912412,2914540,2912412,2914540,2919328,2918796,2914540,2912412,0,135283,0,95355,-1192,-312,8250,7184346,-1880264,-1520538590,17302,-3760528,2178652,3349052,41363,2703,0,2182,0,0,4424548,2,1,2090281,149,38660,32510,40,0,0,2,2918264,62819,54969,147269,128269,1279,1346,6824,47818876,15039354,0,42,0,1,0,38,277581,134714,110,351,0,2894,522,6824,47818876,15039354,0,4115,4076,0,1,20644179,20547788,4194560,2914008,2923052,11,0,0,0,0,-663,-378,-378,2258,134606,0,85300,145294,3794,0,0,0,1,0,-30487,-1,0,0,0,-26,4097,0,-141,0,19119915,0,0,0,0,2920924,56611321,56831041,57050761,0,35167,0,0,-2113508,12289373,10562,-2077888208,0,-157965158,0,0,0,0,0,134604,-880,-1880264,1,0
428,2025-10-29T11:43:54.467,2,,2912412,2914540,2912412,2914540,2919328,2918796,2914540,2912412,0,135410,0,92477,-1660,-208,8250,4836398,-969581,1342772942,17326,-1939162,2178652,3349052,41363,2703,0,2182,0,0,4424548,2,1,2361053,149,38660,32510,40,0,0,2,2918264,62819,54969,147269,128269,1279,1346,6824,47818876,15039354,0,42,0,1,0,38,273273,134875,113,457,0,2898,521,6824,47818876,15039354,0,4114,4077,0,1,20644179,20550146,4194560,2914008,2923052,9,0,0,198,32,-665,-379,-379,2262,134769,0,85300,145468,3794,0,0,0,1,0,-30487,-1,0,0,0,-26,4097,0,-141,0,19119915,0,0,0,0,2920924,56611321,56831041,57050761,0,35167,0,0,-2381777,12263099,11239,-2068922468,0,-157965158,0,0,0,0,0,134762,-1452,-969581,1,0
429,2025-10-29T11:43:54.568,2,,2912412,2914540,2912412,2914540,2919328,2918796,2914540,2912412,0,135528,0,90738,-1819,-159,8250,4223775,-612623,-1520538588,17332,-1225246,2178652,3349052,41363,2703,0,2182,0,0,4424548,2,1,2496581,149,38660,32510,40,0,0,2,2918264,62819,54969,147269,128269,1279,1346,6824,47818876,15039354,0,42,0,1,0,38,271124,134997,122,508,0,2897,520,6824,47818876,15039354,0,4114,4077,0,1,20644179,20551702,4195330,2924648,2917732,8,0,0,495,80,-667,-379,-379,2261,134885,0,85300,145624,3793,0,0,0,1,0,-30487,-1,0,0,0,-26,4097,0,-141,0,19119915,0,0,0,0,2920924,56611321,56831041,57050761,0,35167,0,0,-2515968,12248927,11648,-2064434896,0,-157965158,0,0,0,0,0,134875,-1660,-612623,1,0
430,2025-10-29T11:43:54.666,2,,2912412,2914540,2912412,2914540,2919328,2918796,2914540,2912412,0,135721,0,86836,-2071,-114,8250,3349231,-369186,1342772944,17363,-738372,2178652,3349052,41363,2703,0,2182,0,0,4424548,2,1,2767950,149,38660,32510,40,0,0,2,2918264,62819,54969,147269,128269,1279,1346,6824,47818876,15039354,0,42,0,1,0,38,266739,135210,97,556,0,2892,519,6824,47818876,15039354,0,4113,4078,0,1,20644179,20555329,4195330,2920392,2917732,6,0,0,906,146,-670,-377,-377,2256,135127,0,85300,145829,3795,0,0,0,1,0,-30487,-1,0,0,0,-26,4097,0,-141,0,19119915,0,0,0,0,2920924,56611321,56831041,57050761,0,35167,0,0,-2784459,12218329,12566,-2055449388,0,-157965158,0,0,0,0,0,135113,-1957,-369186,1,0
431,2025-10-29T11:43:54.761,2,,2912412,2914540,2912412,2914540,2919328,2918796,2914540,2912412,0,135776,0,84719,-2163,-92,8250,3087414,-261817,-1520538586,17372,-523634,2178652,3349052,41363,2703,0,2182,0,0,4424548,2,1,2903726,149,38660,32510,40,0,0,2,2918264,62819,54969,147269,128269,1279,1346,6824,47818876,15039354,0,42,0,1,0,38,264408,135220,10,579,0,2891,519,6824,47818876,15039354,0,4113,4078,0,1,20644179,20557343,4194560,2925180,2915072,5,0,0,1012,163,-671,-377,-377,2255,135225,0,85300,145840,3797,0,0,0,1,0,-30487,-1,0,0,0,-26,4097,0,-141,0,19119915,0,0,0,0,2920924,56611321,56831041,57050761,0,35167,0,0,-2918679,12201851,13064,-2050953604,0,-157965158,0,0,0,0,0,135210,-2071,-261817,1,0
432,2025-10-29T11:43:54.861,2,,2912412,2914540,2912412,2914540,2919328,2918796,2914540,2912412,0,135886,0,80254,-2290,-51,8250,2812088,-69194,1342772946,17382,-138388,2178652,3349052,41363,2703,0,2182,0,0,4424548,2,1,3175407,149,38660,32510,40,0,0,2,2918264,62819,54969,147269,128269,1279,1346,6824,47818876,15039354,0,42,0,1,0,38,259810,135401,86,621,0,2890,519,6824,47818876,15039354,0,4112,4079,0,1,20644179,20561661,4194560,2925180,2915072,3,0,0,1062,171,-672,-377,-377,2254,135333,0,85300,146035,3795,0,0,0,1,0,-30487,-1,0,0,0,-26,4097,0,-141,0,19119915,0,0,0,0,2920924,56611321,56831041,57050761,0,35167,0,0,-3186973,12166374,14115,-2041957766,0,-157965158,0,0,0,0,0,135315,-2239,-69194,1,0
433,2025-10-29T11:43:54.962,2,,2912412,2914540,2912412,2914540,2919328,2918796,2914540,2912412,0,135940,0,77941,-2337,-47,8250,2715212,-96876,-1520538584,17393,-193752,2178652,3349052,41363,2703,0,2182,0,0,4424548,2,1,3311347,149,38660,32510,40,0,0,2,2918264,62819,54969,147269,128269,1279,1346,6824,47818876,15039354,0,42,0,1,0,38,257473,135490,89,626,0,2893,517,6824,47818876,15039354,0,4111,4080,0,1,20644179,20563925,4194560,2925180,2915072,2,0,0,1020,164,-673,-377,-377,2257,135420,0,85300,146131,3795,0,0,0,1,0,-30487,-1,0,0,0,-26,4097,0,-141,0,19119915,0,0,0,0,2920924,56611321,56831041,57050761,0,35167,0,0,-3321072,12147379,14659,-2037456552,0,-157965158,0,0,0,0,0,135401,-2290,-96876,1,0
434,2025-10-29T11:43:55.063,2,,2912412,2914540,2912412,2914540,2919328,2918796,2914540,2912412,0,136106,0,73213,-2384,-16,8250,2751526,53247,1342772948,17410,106494,2178652,3349052,41363,2703,0,2182,0,0,4424548,2,1,3583471,149,38660,32510,40,0,0,2,2918264,62819,54969,147269,128269,1279,1346,6824,47818876,15039354,0,42,0,1,0,38,252579,135667,113,659,0,2898,516,6824,47818876,15039354,0,4111,4081,0,1,20644179,20568590,4195330,2911348,2923584,15,0,0,884,142,-675,-378,-378,2262,135574,0,85300,146288,3795,0,0,0,1,0,-30487,-1,0,0,0,-26,4097,0,-138,0,19119915,0,0,0,0,2920924,56611321,56831041,57050761,0,35167,0,0,-3589185,12106803,15772,-2028446044,0,-157965158,0,0,0,0,0,135554,-2368,53247,1,0
435,2025-10-29T11:43:55.161,2,,2912412,2914540,2912412,2914540,2919328,2918796,2914540,2912412,0,136185,0,70821,-2400,-16,8250,2765850,14324,-1520538582,17422,28648,2178652,3349052,41363,2703,0,2182,0,0,4424548,2,1,3719656,149,38660,32510,40,0,0,2,2918264,62819,54969,147269,128269,1279,1346,6824,47818876,15039354,0,42,0,1,0,38,250108,135777,110,660,0,2901,515,6824,47818876,15039354,0,4110,4081,0,1,20644179,20570966,4195330,2911348,2923584,14,0,0,834,134,-676,-380,-380,2265,135687,0,85300,146376,3796,0,0,0,1,0,-30487,-1,0,0,0,-26,4097,0,-138,0,19119915,0,0,0,0,2920924,56611321,56831041,57050761,0,35167,0,0,-3723185,12085199,16335,-2023936718,0,-157965158,0,0,0,0,0,135667,-2384,14324,1,0
436,2025-10-29T11:43:55.262,2,,2912412,2914540,2912412,2914540,2919328,2918796,2914540,2912412,0,136366,0,65988,-2471,-73,8250,2429364,-464982,1342772950,17446,-929964,2178652,3349052,41363,2703,0,2182,0,0,4424548,2,1,3992317,149,38660,32510,40,0,0,2,2918264,62819,54969,147269,128269,1279,1346,6824,47818876,15039354,0,42,0,1,0,38,244893,135984,98,606,0,2908,514,6824,47818876,15039354,0,4109,4082,0,1,20644179,20575757,4195330,2915604,2923584,12,0,0,761,122,-679,-381,-381,2271,135907,0,85300,146553,3797,0,0,0,1,0,-30487,-1,0,0,0,-26,4097,0,-138,0,19119915,0,0,0,0,2920924,56611321,56831041,57050761,0,35167,0,0,-3991085,12039337,17472,-2014908430,0,-157965158,0,0,0,0,0,135886,-2398,-464982,1,0
437,2025-10-29T11:43:55.366,2,,2912412,2914540,2912412,2914540,2919328,2918796,2914540,2912412,0,136432,0,63523,-2459,12,8250,2637946,208582,-1520538580,17455,417164,2178652,3349052,41363,2703,0,2182,0,0,4424548,2,1,4128749,149,38660,32510,40,0,0,2,2918264,62819,54969,147269,128269,1279,1346,6824,47818876,15039354,0,42,0,1,0,38,242201,136019,35,692,0,2910,513,6824,47818876,15039354,0,4109,4082,0,1,20644179,20578191,4194560,2919860,2922520,11,0,0,736,118,-680,-382,-382,2274,136006,0,85300,146590,3799,0,0,0,1,0,-30487,-1,0,0,0,-26,4097,0,-138,0,19119915,0,0,0,0,2920924,56611321,56831041,57050761,0,35167,0,0,-4124936,12015110,18052,-2010390924,0,-157965158,0,0,0,0,0,135984,-2471,208582,1,0
438,2025-10-29T11:43:55.464,2,,2912412,2914540,2912412,2914540,2919328,2918796,2914540,2912412,0,136546,0,58749,-2294,103,8250,3934837,767763,1342772952,17466,1535526,2178652,3349052,41363,2703,0,2182,0,0,4424548,2,1,4401751,149,38660,32510,40,0,0,2,2918264,62819,54969,147269,128269,1279,1346,6824,47818876,15039354,0,42,0,1,0,38,237000,136198,100,784,0,2914,513,6824,47818876,15039354,0,4108,4083,0,1,20644179,20583084,4195330,2911348,2915604,9,0,0,693,111,-681,-383,-383,2277,136119,0,85300,146794,3797,0,0,0,1,0,-30487,-1,0,0,0,-26,4097,0,-138,0,19119915,0,0,0,0,2920924,56611321,56831041,57050761,0,35167,0,0,-4392295,11963826,19175,-2001351346,0,-157965158,0,0,0,0,0,136098,-2397,767763,1,0
439,2025-10-29T11:43:55.564,2,,2912412,2914540,2912412,2914540,2919328,2918796,2914540,2912412,0,136604,0,56522,-2159,135,8250,4870807,935970,-1520538578,17478,1871940,2178652,3349052,41363,2703,0,2182,0,0,4424548,2,1,4538355,149,38660,32510,40,0,0,2,2918264,62819,54969,147269,128269,1279,1346,6824,47818876,15039354,0,42,0,1,0,38,234393,136280,82,818,0,2916,511,6824,47818876,15039354,0,4107,4084,0,1,20644179,20585430,4195330,2911348,2915604,8,0,0,687,110,-683,-384,-384,2280,136217,0,85300,146871,3798,0,0,0,1,0,-30487,-1,0,0,0,-26,4097,0,-138,0,19119915,0,0,0,0,2920924,56611321,56831041,57050761,0,35167,0,0,-4525804,11936683,19699,-1996828144,0,-157965158,0,0,0,0,0,136198,-2294,935970,1,0
440,2025-10-29T11:43:55.662,2,,2912412,2914540,2912412,2914540,2919328,2918796,2914540,2912412,0,136659,0,52300,-2075,29,8250,5203827,72526,1342772954,17491,145052,2178652,3349052,41363,2703,0,2182,0,0,4424548,2,1,4811663,149,38660,32510,40,0,0,2,2918264,62819,54969,147269,128269,1279,1346,6824,47818876,15039354,0,42,0,1,0,38,229087,136367,79,713,0,2918,511,6824,47818876,15039354,0,4106,4085,0,1,20644179,20589789,4194560,2918264,2914540,6,0,0,669,107,-684,-384,-384,2282,136304,0,85300,146965,3798,0,0,0,1,0,-30487,-1,0,0,0,-26,4097,0,-138,0,19119915,0,0,0,0,2920924,56611321,56831041,57050761,0,35167,0,0,-4792346,11879446,20692,-1987778434,0,-157965158,0,0,0,0,0,136288,-2104,72526,1,0
441,2025-10-29T11:43:55.769,2,,2912412,2914540,2912412,2914540,2919328,2918796,2914540,2912412,0,136734,0,50284,-1956,119,8250,5967613,763786,-1520538576,17492,1527572,2178652,3349052,41363,2703,0,2182,0,0,4424548,2,1,4948397,149,38660,32510,40,0,0,2,2918264,62819,54969,147269,128269,1279,1346,6824,47818876,15039354,0,42,0,1,0,38,226494,136437,70,803,0,2920,510,6824,47818876,15039354,0,4106,4085,0,1,20644179,20591879,4194560,2918264,2914540,5,0,0,656,105,-684,-385,-385,2283,136382,0,85300,147041,3798,0,0,0,1,0,-30487,-1,0,0,0,-26,4097,0,-138,0,19119915,0,0,0,0,2920924,56611321,56831041,57050761,0,35167,0,0,-4925396,11849367,21167,-1983250928,0,-157965158,0,0,0,0,0,136367,-2075,763786,1,0
442,2025-10-29T11:43:55.861,2,,2912412,2914540,2912412,2914540,2919328,2918796,2914540,2912412,0,136824,0,46763,-1553,213,8250,7980460,1085667,1342772956,17510,2171334,2178652,3349052,41363,2703,0,2182,0,0,4424548,2,1,5222015,149,38660,32510,40,0,0,2,2918264,62819,54969,147269,128269,1279,1346,6824,47818876,15039354,0,42,0,1,0,38,221283,136552,54,850,0,2912,510,6824,47818876,15039354,0,4105,4086,0,1,21863530,21815107,4194560,2918264,2914540,3,0,0,651,104,-637,-385,-385,2275,136509,0,85300,147165,3799,0,0,0,1,0,-30487,-1,0,0,0,-26,4097,0,-138,0,19119915,0,0,0,0,2920924,56611321,56831041,57050761,0,35167,0,0,-5190700,11784923,21994,-1974672458,0,-157965158,1,0,0,0,0,136498,-1766,1085667,1,0
443,2025-10-29T11:43:55.962,2,,2912412,2914540,2912412,2914540,2919328,2918796,2914540,2912412,0,136850,0,45317,-1339,214,8250,9068212,1087752,-1520538574,17513,2175504,2178652,3349052,41363,2703,0,2182,0,0,4424548,2,1,5358865,149,38660,32510,40,0,0,2,2918264,62819,54969,147269,128269,1279,1346,6824,47818876,15039354,0,42,0,1,0,38,218635,136617,65,851,0,2912,510,6824,47818876,15039354,0,4104,4087,0,1,21863530,21816767,4194560,2918264,2914540,2,0,0,645,103,-637,-386,-386,2276,136560,0,85300,147235,3798,0,0,0,1,0,-30487,-1,0,0,0,-26,4097,0,-138,0,19119915,0,0,0,0,2920924,56611321,56831041,57050761,0,35167,0,0,-5323176,11751747,22334,-1970393876,0,-157965158,1,0,0,0,0,136552,-1553,1087752,1,0
444,2025-10-29T11:43:56.062,2,,2912412,2914540,2912412,2914540,2919328,2918796,2914540,2912412,0,136999,0,42936,-1037,155,8250,10356718,700876,1342772958,17525,1401752,2178652,3349052,41363,2703,0,2182,0,0,4424548,2,1,5632782,149,38660,32510,40,0,0,2,2918264,62819,54969,147269,128269,1279,1346,6824,47818876,15039354,0,42,0,1,0,38,213427,136779,91,794,0,2916,509,6824,47818876,15039354,0,4104,4087,0,1,21863530,21819479,4195330,2919328,2924116,15,0,0,645,103,-639,-387,-387,2279,136693,0,85300,147394,3798,0,0,0,1,0,-30487,-1,0,0,0,-26,4097,0,-136,0,19119915,0,0,0,0,2920924,56611321,56831041,57050761,0,35167,0,0,-5587591,11682353,22895,-1961829928,0,-157965158,1,0,0,0,0,136688,-1192,700876,1,0
445,2025-10-29T11:43:56.164,2,,2912412,2914540,2912412,2914540,2919328,2918796,2914540,2912412,0,137092,0,41961,-913,124,8250,10856417,499699,-1520538572,17536,999398,2178652,3349052,41363,2703,0,2182,0,0,4424548,2,1,5769874,149,38660,32510,40,0,0,2,2918264,62819,54969,147269,128269,1279,1346,6824,47818876,15039354,0,42,0,1,0,38,210766,136872,93,764,0,2918,509,6824,47818876,15039354,0,4104,4087,0,1,21863530,21820594,4195330,2919328,2924116,14,0,0,652,104,-640,-387,-387,2281,136782,0,85300,147482,3798,0,0,0,1,0,-30487,-1,0,0,0,-26,4097,0,-136,0,19119915,0,0,0,0,2920924,56611321,56831041,57050761,0,35167,0,0,-5719547,11646169,23124,-1957543778,0,-157965158,1,0,0,0,0,136779,-1037,499699,1,0
446,2025-10-29T11:43:56.262,2,,2912412,2914540,2912412,2914540,2919328,2918796,2914540,2912412,0,137244,0,40289,-777,50,8250,11179591,57498,1342772960,17555,114996,2178652,3349052,41363,2703,0,2182,0,0,4424548,2,1,6044269,149,38660,32510,40,0,0,2,2918264,62819,54969,147269,128269,1279,1346,6824,47818876,15039354,0,42,0,1,0,38,205367,137056,92,692,0,2920,507,6824,47818876,15039354,0,4103,4088,0,1,21863530,21822439,4195330,2917732,2924116,12,0,0,646,103,-642,-388,-388,2284,136966,0,77228,147647,3799,0,0,0,1,0,-30487,-1,0,0,0,-26,4097,0,-136,0,19119915,0,0,0,0,2920924,56611321,56831041,57050761,0,35167,0,0,-5982905,11570991,23517,-1948964884,0,-157965158,1,0,0,0,0,136964,-827,57498,1,0
447,2025-10-29T11:43:56.365,2,,2912412,2914540,2912412,2914540,2919328,2918796,2914540,2912412,0,137334,0,39507,-788,-11,8250,10853034,-326557,-1520538570,17567,-653114,2178652,3349052,41363,2703,0,2182,0,0,4424548,2,1,6181603,149,38660,32510,40,0,0,2,2918264,62819,54969,147269,128269,1279,1346,6824,47818876,15039354,0,42,0,1,0,38,202569,137144,88,632,0,2922,507,6824,47818876,15039354,0,4103,4088,0,1,21863530,21823241,4195330,2917732,2924116,11,0,0,647,103,-643,-389,-389,2286,137058,0,77005,147729,3800,0,0,0,1,0,-30487,-1,0,0,0,-26,4097,0,-136,0,19119915,0,0,0,0,2920924,56611321,56831041,57050761,0,35167,0,0,-6114347,11532071,23701,-1944671170,0,-157965158,1,0,0,0,0,137056,-777,-326557,1,0
448,2025-10-29T11:43:56.463,2,,2912412,2914540,2912412,2914540,2919328,2918796,2914540,2912412,0,137458,0,37772,-966,-108,8250,9344528,-839872,1342772962,17589,-1679744,2178652,3349052,41363,2703,0,2182,0,0,4424548,2,1,6456475,149,38660,32510,40,0,0,2,2918264,62819,54969,147269,128269,1279,1346,6824,47818876,15039354,0,42,0,1,0,38,197012,137233,17,537,0,2927,506,6824,47818876,15039354,0,4103,4088,0,1,21863530,21824846,4194560,2925180,2915072,9,0,0,635,101,-645,-390,-390,2290,137218,0,76378,147824,3802,0,0,0,1,0,-30487,-1,0,0,0,-26,4097,0,-136,0,19119915,0,0,0,0,2920924,56611321,56831041,57050761,0,35167,0,0,-6376746,11451856,24109,-1936077364,0,-157965158,1,0,0,0,0,137216,-858,-839872,1,0
449,2025-10-29T11:43:56.565,2,,2912412,2914540,2912412,2914540,2919328,2918796,2914540,2912412,0,137508,0,36745,-1088,-122,8250,8501725,-842803,-1520538568,17595,-1685606,2178652,3349052,41363,2703,0,2182,0,0,4424548,2,1,6593983,149,38660,32510,40,0,0,2,2918264,62819,54969,147269,128269,1279,1346,6824,47818876,15039354,0,42,0,1,0,38,194174,137315,82,523,0,2927,506,6824,47818876,15039354,0,4103,4088,0,1,21863530,21825758,4194560,2925180,2915072,8,0,0,622,99,-645,-390,-390,2290,137236,0,76152,147913,3800,0,0,0,1,0,-30487,-1,0,0,0,-26,4097,0,-136,0,19119915,0,0,0,0,2920924,56611321,56831041,57050761,0,35167,0,0,-6507688,11410640,24350,-1931778208,0,-157965158,1,0,0,0,0,137233,-966,-842803,1,0
450,2025-10-29T11:43:56.663,2,,2912412,2909752,2912412,2914540,2919328,2918796,2909752,2912412,0,137630,0,34411,-1220,-39,8250,7846423,-111487,1342772964,17607,-222974,2178652,3349052,41363,2703,0,2182,0,0,4424548,2,1,6869168,149,38660,32510,40,0,0,2,2918264,62819,54969,147269,128269,1279,1346,6824,47818876,15039354,0,42,0,1,0,38,188453,137466,73,608,0,2931,505,6824,47818876,15039354,0,4102,4089,0,1,21863530,21827919,4194560,2925180,2915072,6,0,0,591,94,-647,-391,-391,2294,137398,0,75508,148076,3800,0,0,0,1,0,-30487,-1,0,0,0,-26,4097,0,-136,0,19119915,0,0,0,0,2920924,56611321,56831041,57050761,0,35167,0,0,-6769049,11325948,24900,-1923174616,0,-157965158,1,0,0,0,0,137393,-1181,-111487,1,0
451,2025-10-29T11:43:56.764,2,,2909752,2914540,2912412,2914540,2919328,2918796,2914540,2909752,0,137687,0,33289,-1024,196,8250,9450830,1604407,-1520538566,17617,3208814,2178652,3349052,41363,2703,0,2182,0,0,4424548,2,1,7006855,149,38660,32510,40,0,0,2,2918264,62819,54969,147269,128269,1279,1346,6824,47818876,15039354,0,42,0,1,0,38,69627,137506,40,844,0,2933,503,6824,47818876,15039354,0,4102,4089,0,1,21863530,21829119,4194560,2925180,2915072,5,0,0,573,91,-648,-391,-391,2296,137471,0,75353,148118,3801,0,0,0,1,0,-30487,-1,0,0,0,-26,4097,0,-136,0,19119915,0,0,0,0,2920924,56611321,56831041,57050761,0,35167,0,0,-6899410,11282294,25164,-1918869866,0,-157965158,1,0,0,0,0,137466,-1220,1604407,1,0
452,2025-10-29T11:43:56.863,2,,2909752,2914540,2912412,2914540,2919328,2918796,2914540,2909752,0,137623,0,31428,-883,24,8250,2281310,-5453927,1342772966,17620,-10907854,2178652,3349052,41363,2703,0,2182,0,0,4424548,2,1,7282131,149,38660,32510,40,0,0,2,2918264,62819,54969,147269,128269,1279,1346,6824,47818876,15039354,0,42,0,1,0,38,180937,137675,104,-171,0,2701,532,6824,47818876,15039354,0,4096,4096,0,0,0,0,4194560,2925180,2915072,3,0,0,579,92,195,-387,-392,2076,137573,0,74764,148300,3799,0,0,0,1,0,-30487,-1,0,0,0,-26,4097,0,-136,0,19119915,0,0,0,0,2920924,56611321,56831041,57050761,0,35167,0,0,-7159729,11193077,24164,-1916370183,-6175036,-157965158,2,0,0,0,0,137571,-907,-5453927,1,0
453,2025-10-29T11:43:56.961,2,,2909752,2914540,2912412,2914540,2919328,2918796,2914540,2909752,0,137815,0,30506,-962,-79,8250,1687356,-593954,-1520538564,17616,-1187908,2178652,3349052,41363,2703,0,2182,0,0,4424548,2,1,7419946,149,38660,32510,40,0,0,2,2918264,62819,54969,147269,128269,1279,1346,6824,47818876,15039354,0,42,0,1,0,38,179338,137719,44,212,0,2825,517,6824,47818876,15039354,0,4096,4096,0,0,0,0,4194560,2925180,2915072,2,0,0,554,88,-291,-386,-393,2192,137677,0,74369,148347,3801,0,0,0,1,0,-30487,-1,0,0,0,-26,4097,0,-136,0,19119915,0,0,0,0,2920924,56611321,56831041,57050761,0,35167,0,0,-7289900,11148152,23822,-1913890487,0,-157973946,3,0,0,0,0,137675,-883,-593954,1,0
454,2025-10-29T11:43:57.062,2,,2912412,2914540,2912412,2914540,2919328,2918796,2914540,2912412,0,138167,0,28148,-1419,-251,8250,16037609,5392244,1342772968,17684,10784488,2178652,3349052,41363,2703,0,2182,0,0,4424548,2,1,7696271,149,38660,32510,40,0,0,2,2918264,62819,54969,147269,128269,1279,1346,6824,47818876,15039354,0,42,0,1,0,38,170180,137737,13,1602,0,3196,469,6824,47818876,15039354,0,4109,4082,0,1,9039866,9010425,4195330,2926776,2915604,15,0,0,518,82,-1853,-394,-393,2562,137728,0,73783,148382,3801,0,0,0,1,0,-30487,-1,0,0,0,-26,4097,0,-133,0,19119915,0,0,0,0,2920924,56611321,56831041,57050761,0,35167,0,0,-7548771,11054110,24601,-1892995921,834464,-158707771,3,0,0,0,0,137724,-1168,5392244,1,0
455,2025-10-29T11:43:57.161,2,,2912412,2914540,2912412,2914540,2919328,2918796,2914540,2912412,0,138146,0,26564,-1749,-330,8250,18671558,2633949,-1520538562,17685,5267898,2178652,3349052,41363,2703,0,2182,0,0,4424548,2,1,7834417,149,38660,32510,40,0,0,2,2918264,62819,54969,147269,128269,1279,1346,6824,47818876,15039354,0,42,0,1,0,38,165647,137750,13,1523,0,3199,467,6824,47818876,15039354,0,4108,4083,0,1,9039866,9011718,4195330,2926776,2915604,14,0,0,531,84,-1853,-395,-393,2565,137744,0,73481,148400,3801,0,0,0,1,0,-30487,-1,0,0,0,-26,4097,0,-133,0,19119915,0,0,0,0,2920924,56611321,56831041,57050761,0,35167,0,0,-7677267,11004517,25214,-1882549885,1251696,-159482608,3,0,0,0,0,137737,-1419,2633949,1,0
456,2025-10-29T11:43:57.264,2,,2912412,2914540,2912412,2914540,2919328,2918796,2914540,2912412,0,138139,0,22356,-2456,-350,8250,19793369,111219,1342772970,17684,222438,2178652,3349052,41363,2703,0,2182,0,0,4424548,2,1,8110716,149,38660,32510,40,0,0,2,2918264,62819,54969,147269,128269,1279,1346,6824,47818876,15039354,0,42,0,1,0,38,156539,137776,12,1499,0,3202,467,6824,47818876,15039354,0,4107,4084,0,1,9039866,9015229,4195330,2923584,2915604,12,0,0,461,73,-1849,-397,-394,2569,137780,0,72846,148404,3802,0,0,0,1,0,-30487,-1,0,0,0,-26,4097,0,-133,0,19119915,0,0,0,0,2920924,56611321,56831041,57050761,0,35167,0,0,-7932396,10900366,26925,-1861657287,2002714,-161743813,3,0,0,0,0,137764,-2106,111219,1,0
457,2025-10-29T11:43:57.362,2,,2912412,2914540,2912412,2914540,2919328,2918796,2914540,2912412,0,138103,0,19678,-2900,-444,8250,18621033,-1172336,-1520538560,17682,-2344672,2178652,3349052,41363,2703,0,2182,0,0,4424548,2,1,8248819,149,38660,32510,40,0,0,2,2918264,62819,54969,147269,128269,1279,1346,6824,47818876,15039354,0,42,0,1,0,38,151951,137791,15,1403,0,3208,466,6824,47818876,15039354,0,4106,4085,-1,1,9039866,9017510,4195330,2923584,2917732,11,0,0,0,0,-1847,-397,-394,2575,137797,0,72551,148393,3802,0,0,0,1,0,-30487,-1,0,0,0,-26,4097,0,-133,0,19119915,0,0,0,0,2920924,56611321,56831041,57050761,0,35167,0,0,-8058972,10845881,28031,-1851214503,2336499,-163184125,3,0,0,0,0,137776,-2456,-1172336,1,0
458,2025-10-29T11:43:57.464,2,,2912412,2914540,2912412,2914540,2919328,2918796,2914540,2912412,0,138016,0,13332,-3400,-204,8250,17757324,-293351,1342772972,17670,-586702,2178652,3349052,41363,2703,0,2182,0,0,4424548,2,1,8524881,149,38660,32510,40,0,0,2,2918264,62819,54969,147269,128269,1279,1346,6824,47818876,15039354,0,42,0,1,0,38,142805,137798,1,1636,0,3224,465,6824,47818876,15039354,0,4103,4088,-1,1,9039866,9023236,4195330,2923584,2912412,9,0,0,0,0,-1840,-401,-397,2592,137834,0,71971,148341,3804,0,0,0,1,0,-30487,-1,0,0,0,-26,4097,0,-133,0,19119915,0,0,0,0,2920924,56611321,56831041,57050761,0,35167,0,0,-8309993,10732072,30691,-1830339825,2920624,-166583317,3,0,0,0,0,137797,-3196,-293351,1,0
459,2025-10-29T11:43:57.562,2,,2912412,2914540,2912412,2914540,2919328,2918796,2914540,2912412,0,137981,0,9856,-3552,-152,8250,17530089,-227235,-1520538558,17666,-454470,2178652,3349052,41363,2703,0,2182,0,0,4424548,2,1,8662862,149,38660,32510,40,0,0,2,2918264,62819,54969,147269,128269,1279,1346,6824,47818876,15039354,0,42,0,1,0,38,138112,137796,-2,1684,0,3229,464,6824,47818876,15039354,0,4102,4089,-1,1,9039866,9026534,4195330,2915604,2923052,8,0,0,347,55,-1836,-401,-397,2596,137839,0,71675,148328,3805,0,0,0,1,0,-30487,-1,0,0,0,-26,4097,0,-133,0,19119915,0,0,0,0,2920924,56611321,56831041,57050761,0,35167,0,0,-8434343,10672588,32193,-1819906265,3170964,-168497214,3,0,0,0,0,137798,-3400,-227235,1,0
460,2025-10-29T11:43:57.661,2,,2912412,2914540,2912412,2914540,2919328,2918796,2914540,2912412,0,137819,0,2513,-3777,-98,8250,17077871,-190917,1342772974,17652,-381834,2178652,3349052,41363,2703,0,2182,0,0,4424548,2,1,8938587,149,38660,32510,40,0,0,2,2918264,62819,54969,147269,128269,1279,1346,6824,47818876,15039354,0,42,0,1,0,38,128635,137757,-24,1728,0,3218,464,6824,47818876,15039354,0,4098,4093,-1,1,9039866,9033625,4194560,2921988,2923052,6,0,0,1679,266,-1826,-395,-390,2585,137830,0,71139,148277,3806,0,0,0,1,0,-30487,-1,0,0,0,-26,4097,0,-133,0,19119915,0,0,0,0,2920924,56611321,56831041,57050761,0,35167,0,0,-8680350,10548301,35470,-1799057069,3588196,-172646583,3,0,0,0,0,137781,-3679,-190917,1,0
461,2025-10-29T11:43:57.764,2,,2912412,2914540,2912412,2914540,2919328,2918796,2914540,2912412,0,137760,0,-1270,-3790,-13,8250,17339020,261149,-1520538556,17641,522298,2178652,3349052,41363,2703,0,2182,0,0,4424548,2,1,9076347,149,38660,32510,40,0,0,2,2918264,62819,54969,147269,128269,1279,1346,6824,47818876,15039354,0,42,0,1,0,38,123785,137730,-27,1807,0,3213,464,6824,47818876,15039354,0,4097,4094,-1,1,9039866,9037353,4194560,2921988,2923052,5,0,0,2037,323,-1820,-392,-387,2580,137808,0,71008,148247,3806,0,0,0,1,0,-30487,-1,0,0,0,-26,4097,0,-133,0,19119915,0,0,0,0,2920924,56611321,56831041,57050761,0,35167,0,0,-8801927,10483436,37215,-1788640223,3755088,-174835669,3,0,0,0,0,137757,-3777,261149,1,0
462,2025-10-29T11:43:57.863,2,,2912412,2914540,2912412,2914540,2919328,2918796,2914540,2912412,0,137626,0,-8665,-3552,171,8250,18492578,498625,1342772976,17622,997250,2178652,3349052,41363,2703,0,2182,0,0,4424548,2,1,9351642,149,38660,32510,40,0,0,2,2918264,62819,54969,147269,128269,1279,1346,6824,47818876,15039354,0,42,0,1,0,38,113746,137691,-18,1857,0,3183,468,6824,47818876,15039354,0,4093,4098,-1,1,9039866,9044893,4194560,2921988,2923052,3,0,0,2249,357,-1686,-389,-384,2548,137759,0,70362,148206,3805,0,0,0,1,0,-30487,-1,0,0,0,-26,4097,0,-133,0,19119915,0,0,0,0,2920924,56611321,56831041,57050761,0,35167,0,0,-9041937,10348156,40783,-1768448429,4088874,-179351036,4,0,0,0,0,137709,-3723,498625,1,0
463,2025-10-29T11:43:57.962,2,,2912412,2914540,2912412,2914540,2919328,2918796,2914540,2912412,0,137573,0,-12113,-3344,208,8250,16267737,-2224841,-1520538554,17616,-4449682,2178652,3349052,41363,2703,0,2182,0,0,4424548,2,1,9489215,149,38660,32510,40,0,0,2,2918264,62819,54969,147269,128269,1279,1346,6824,47818876,15039354,0,42,0,1,0,38,109607,137691,0,1382,0,3054,485,6824,47818876,15039354,0,4093,4098,-1,1,13115030,13123695,4194560,2921988,2923052,2,0,0,2154,342,-1174,-389,-383,2416,137736,0,69830,148206,3805,0,0,0,1,0,-30487,-1,0,0,0,-26,4097,0,-133,0,19119915,0,0,0,0,2920924,56611321,56831041,57050761,0,35167,0,0,-9160458,10278007,42550,-1761278073,4088874,-181635222,4,0,0,0,0,137691,-3552,-2224841,1,0
464,2025-10-29T11:43:58.062,2,,2912412,2914540,2912412,2914540,2919328,2918796,2914540,2912412,0,137533,0,-18218,-2686,403,8250,16268097,850247,1342772978,17605,1700494,2178652,3349052,41363,2703,0,2182,0,0,4424548,2,1,9764285,149,38660,32510,40,0,0,2,2918264,62819,54969,147269,128269,1279,1346,6824,47818876,15039354,0,42,0,1,0,38,100843,137718,31,1569,0,3066,483,6824,47818876,15039354,0,4091,4100,0,1,13115030,13130360,4195330,2923584,2915604,15,0,0,1869,297,-1166,-391,-385,2428,137721,0,67838,148182,3805,0,0,0,1,0,-30487,-1,0,0,0,-26,4097,0,-130,0,19119915,0,0,0,0,2920924,56611321,56831041,57050761,0,35167,0,0,-9394782,10133221,45931,-1746941321,4172321,-186165384,4,0,0,0,0,137687,-3089,850247,1,0
465,2025-10-29T11:43:58.163,2,,2912412,2914540,2912412,2914540,2919328,2918796,2914540,2912412,0,137528,0,-20651,-2180,506,8250,18169015,1900918,-1520538552,17604,3801836,2178652,3349052,41363,2703,0,2182,0,0,4424548,2,1,9901813,149,38660,32510,40,0,0,2,2918264,62819,54969,147269,128269,1279,1346,6824,47818876,15039354,0,42,0,1,0,38,96010,137743,25,1667,0,3073,482,6824,47818876,15039354,0,4090,4101,0,1,13115030,13133248,4195330,2923584,2915604,14,0,0,1794,285,-1161,-392,-386,2435,137744,0,66494,148170,3807,0,0,0,1,0,-30487,-1,0,0,0,-26,4097,0,-130,0,19119915,0,0,0,0,2920924,56611321,56831041,57050761,0,35167,0,0,-9510503,10058494,47461,-1739773309,4088874,-188367007,4,0,0,0,0,137718,-2686,1900918,1,0
466,2025-10-29T11:43:58.262,2,,2912412,2914540,2912412,2914540,2919328,2918796,2914540,2912412,0,137418,0,-24033,-1173,532,8250,22392958,2377815,1342772980,17599,4755630,2178652,3349052,41363,2703,0,2182,0,0,4424548,2,1,10176727,149,38660,32510,40,0,0,2,2918264,62819,54969,147269,128269,1279,1346,6824,47818876,15039354,0,42,0,1,0,38,84908,137653,-67,1686,0,3081,481,6824,47818876,15039354,0,4088,4103,0,1,13115030,13137624,4194560,2916136,2917200,12,0,0,1837,292,-1154,-391,-386,2443,137730,0,63337,148053,3810,0,0,0,1,0,-30487,-1,0,0,0,-26,4097,0,-130,0,19119915,0,0,0,0,2920924,56611321,56831041,57050761,0,35167,0,0,-9738616,9904198,50061,-1725444689,3838535,-192554516,4,0,0,0,0,137720,-1705,2377815,1,0
467,2025-10-29T11:43:58.363,2,,2912412,2914540,2912412,2914540,2919328,2918796,2914540,2912412,0,137335,0,-24915,-591,582,8250,25170176,2777218,-1520538550,17589,5554436,2178652,3349052,41363,2703,0,2182,0,0,4424548,2,1,10314062,149,38660,32510,40,0,0,2,2918264,62819,54969,147269,128269,1279,1346,6824,47818876,15039354,0,42,0,1,0,38,78550,137555,-98,1731,0,3082,482,6824,47818876,15039354,0,4088,4103,0,1,13115030,13139063,4194560,2916136,2917200,11,0,0,1906,303,-1149,-390,-385,2444,137657,0,60917,147947,3811,0,0,0,1,0,-30487,-1,0,0,0,-26,4097,0,-130,0,19119915,0,0,0,0,2920924,56611321,56831041,57050761,0,35167,0,0,-9850901,9824678,51086,-1718286737,3588196,-194496424,4,0,0,0,0,137653,-1173,2777218,1,0
468,2025-10-29T11:43:58.463,2,,2912412,2914540,2912412,2914540,2919328,2918796,2914540,2912412,0,137115,0,-24886,612,593,8250,30986827,2843692,1342772982,17570,5687384,2178652,3349052,41363,2703,0,2182,0,0,4424548,2,1,10588444,149,38660,32510,40,0,0,2,2918264,62819,54969,147269,128269,1279,1346,6824,47818876,15039354,0,42,0,1,0,38,64390,137252,-264,1733,0,3083,482,6824,47818876,15039354,0,4088,4103,0,1,13115030,13140231,4194560,2916136,2917200,9,0,0,2048,326,-1140,-389,-384,2445,137516,0,56155,147621,3815,0,0,0,1,0,-30487,-1,0,0,0,-26,4097,0,-130,0,19119915,0,0,0,0,2920924,56611321,56831041,57050761,0,35167,0,0,-10071652,9660860,52463,-1703985843,3087517,-197984206,4,0,0,0,0,137516,19,2843692,1,0
469,2025-10-29T11:43:58.563,2,,2912412,2914540,2912412,2914540,2919328,2918796,2914540,2912412,0,136747,0,-23981,1199,587,8250,33781223,2794396,-1520538548,17551,5588792,2178652,3349052,41363,2703,0,2182,0,0,4424548,2,1,10725191,149,38660,32510,40,0,0,2,2918264,62819,54969,147269,128269,1279,1346,6824,47818876,15039354,0,42,0,1,0,38,56871,136779,-473,1718,0,3078,484,6824,47818876,15039354,0,4088,4103,0,1,13115030,13139916,4194560,2916136,2917200,8,0,0,2096,334,-1131,-386,-382,2440,137253,0,54318,147112,3821,0,0,0,1,0,-30487,-1,0,0,0,-26,4097,0,-130,0,19119915,0,0,0,0,2920924,56611321,56831041,57050761,0,35167,0,0,-10179823,9576784,52791,-1696858539,2753731,-199489136,4,0,0,0,0,137252,612,2794396,1,0
470,2025-10-29T11:43:58.662,2,,2912412,2914540,2912412,2914540,2919328,2918796,2914540,2912412,0,135706,0,-20293,2514,682,8250,40348054,3449790,1342772984,17435,6899580,2178652,3349052,41363,2703,0,2182,0,0,4424548,2,1,10997112,149,38660,32510,40,0,0,2,2918264,62819,54969,147269,128269,1279,1346,6824,47818876,15039354,0,42,0,1,0,38,41567,135756,-431,1787,0,3056,491,6824,47818876,15039354,0,4088,4103,0,1,13115030,13137496,4194560,2916136,2917200,6,0,0,2088,335,-1105,-379,-376,2418,136199,0,51213,146012,3820,0,0,0,1,0,-30487,-1,0,0,0,-26,4097,0,-130,0,19119915,0,0,0,0,2920924,56611321,56831041,57050761,0,35167,0,0,-10391108,9404858,52638,-1682685913,1919267,-201923506,4,0,0,0,0,136187,1832,3449790,1,0
471,2025-10-29T11:43:58.763,2,,2912412,2914540,2912412,2914540,2919328,2918796,2914540,2912412,0,134905,0,-17311,3450,936,8250,45567059,5219005,-1520538546,17370,10438010,2178652,3349052,41363,2703,0,2182,0,0,4424548,2,1,11132017,149,38660,32510,40,0,0,2,2918264,62819,54969,147269,128269,1279,1346,6824,47818876,15039354,0,42,0,1,0,38,33713,134519,-1237,2031,0,3049,493,6824,47818876,15039354,0,4089,4102,0,1,13115030,13135323,4194560,2916136,2917200,5,0,0,2043,329,-1095,-376,-373,2411,135779,0,49783,144682,3843,0,0,0,1,0,-30487,-1,0,0,0,-26,4097,0,-130,0,19119915,0,0,0,0,2920924,56611321,56831041,57050761,0,35167,0,0,-10493818,9317048,52079,-1675654615,1502035,-202816018,4,0,0,0,0,135756,2514,5219005,1,0
472,2025-10-29T11:43:58.863,2,,2912412,2914540,2912412,2914540,2919328,2918796,2914540,2912412,0,132363,0,-9483,4182,170,8250,47597725,-333902,1342772986,17107,-667804,2178652,3349052,41363,2703,0,2182,0,0,4424548,2,1,11398031,149,38660,32510,40,0,0,2,2918264,62819,54969,147269,128269,1279,1346,6824,47818876,15039354,0,42,0,1,0,38,19186,131872,-1275,1211,0,2992,514,6824,47818876,15039354,0,4091,4100,1,1,13115030,13128610,4194560,2916136,2917200,3,0,0,1804,295,-1041,-362,-360,2354,133207,0,50038,141835,3845,0,0,0,1,0,-30487,-1,0,0,0,-26,4097,0,-130,0,19119915,0,0,0,0,2920924,56611321,56831041,57050761,0,35167,0,0,-10692382,9139459,50090,-1661789865,500678,-203887533,4,0,0,0,0,133147,4012,-333902,1,0
473,2025-10-29T11:43:58.962,2,,2912412,2914540,2912412,2914540,2919328,2918796,2914540,2912412,0,131168,0,-5253,4278,96,8250,47092404,-505321,-1520538544,16942,-1010642,2178652,3349052,41363,2703,0,2182,0,0,4424548,2,1,11529199,149,38660,32510,40,0,0,2,2918264,62819,54969,147269,128269,1279,1346,6824,47818876,15039354,0,42,0,1,0,38,13093,130626,-1246,1113,0,2967,523,6824,47818876,15039354,0,4093,4098,1,1,13115030,13124513,4194560,2916136,2917200,2,0,0,1635,270,-1017,-355,-354,2329,131938,0,50090,140494,3844,0,0,0,1,0,-30487,-1,0,0,0,-26,4097,0,-130,0,19119915,0,0,0,0,2920924,56611321,56831041,57050761,0,35167,0,0,-10788645,9050155,48846,-1654953339,0,-204040202,4,0,0,0,0,131872,4182,-505321,1,0
474,2025-10-29T11:43:59.062,2,,2914540,2913476,2914540,2913476,2919328,2918796,2913476,2914540,0,129129,0,3236,4168,-97,8250,60887295,5547570,1342772988,16575,11095140,2178652,3349052,41363,2703,0,2182,0,0,4424548,2,1,11787820,149,38660,32510,40,0,0,2,2918264,62819,54969,147269,128269,1279,1346,6824,47818876,15039354,0,42,0,1,0,38,1487,128916,-396,2632,0,3464,468,6824,47818876,15039354,0,4095,4096,3,1,5365974,5366955,4194560,2916136,2917200,15,0,0,1292,218,-2729,-342,-342,2856,129382,0,49389,138551,3822,0,0,0,1,0,-30487,-1,0,0,0,-26,4097,0,-127,0,19119915,0,0,0,0,2920924,56611321,56831041,57050761,0,35167,0,0,-10973327,8868885,46241,-1622811495,0,-204043029,5,0,0,0,0,129312,4265,5547570,1,0
475,2025-10-29T11:43:59.163,2,,2914540,2913476,2914540,2913476,2919328,2918796,2913476,2914540,0,128506,0,7330,4020,-148,8250,64050445,3163150,-1520538542,16528,6326300,2178652,3349052,41363,2703,0,2182,0,0,4424548,2,1,11916326,149,38660,32510,40,0,0,2,2918264,62819,54969,147269,128269,1279,1346,6824,47818876,15039354,0,42,0,1,0,38,282658,127878,-1038,2565,0,3457,472,6824,47818876,15039354,0,4098,4093,3,1,5365974,5362738,4194560,2916136,2917200,14,0,0,1176,199,-2713,-340,-340,2848,128983,0,48067,137435,3842,0,0,0,1,0,-30487,-1,0,0,0,-26,4097,0,-127,0,19119915,0,0,0,0,2920924,56611321,56831041,57050761,0,35167,0,0,-11061762,8775738,44987,-1606441273,0,-204043029,5,0,0,0,0,128916,4168,3163150,1,0
476,2025-10-29T11:43:59.263,2,,2914540,2913476,2914540,2913476,2919328,2918796,2913476,2914540,0,126682,0,15002,3640,-201,8250,66056674,459677,1342772990,16324,919354,2178652,3349052,41363,2703,0,2182,0,0,4424548,2,1,12170537,149,38660,32510,40,0,0,2,2918264,62819,54969,147269,128269,1279,1346,6824,47818876,15039354,0,42,0,1,0,38,266889,126033,-742,2419,0,3402,491,6824,47818876,15039354,0,4104,4087,2,1,5365974,5354713,4194560,2926244,2924648,12,0,0,1074,184,-2620,-330,-330,2786,126833,0,-400,135453,3833,0,0,0,1,0,-30487,-1,0,0,0,-26,4097,0,-127,0,19119915,0,0,0,0,2920924,56611321,56831041,57050761,0,35167,0,0,-11230106,8585839,42647,-1574057649,0,-204043029,5,0,0,0,0,126775,3841,459677,1,0
477,2025-10-29T11:43:59.361,2,,2914540,2913476,2914540,2913476,2919328,2918796,2913476,2914540,0,125957,0,18543,3442,-198,8250,65941337,-115337,-1520538540,16215,-230674,2178652,3349052,41363,2703,0,2182,0,0,4424548,2,1,12296494,149,38660,32510,40,0,0,2,2918264,62819,54969,147269,128269,1279,1346,6824,47818876,15039354,0,42,0,1,0,38,259971,125143,-890,2390,0,3383,497,6824,47818876,15039354,0,4107,4084,2,1,5365974,5350972,4194560,2926244,2924648,11,0,0,1067,184,-2588,-326,-326,2765,126085,0,-64,134495,3838,0,0,0,1,0,-30487,-1,0,0,0,-26,4097,0,-127,0,19119915,0,0,0,0,2920924,56611321,56831041,57050761,0,35167,0,0,-11310251,8489120,41571,-1558012141,0,-204043029,5,0,0,0,0,126033,3640,-115337,1,0
478,2025-10-29T11:43:59.464,2,,2914540,2913476,2914540,2913476,2919328,2918796,2913476,2914540,0,124461,0,25084,3108,-157,8250,65180476,-370242,1342772992,16026,-740484,2178652,3349052,41363,2703,0,2182,0,0,4424548,2,1,12546160,149,38660,32510,40,0,0,2,2918264,62819,54969,147269,128269,1279,1346,6824,47818876,15039354,0,42,0,1,0,38,247856,123539,-813,2360,0,3303,518,6824,47818876,15039354,0,4112,4079,2,1,5365974,5344077,4194560,2926244,2924648,9,966,706,1106,193,-2517,-318,-317,2676,124394,0,-114,132771,3836,0,0,0,1,0,-30487,-1,0,0,0,-26,4097,0,-127,0,19119915,0,0,0,0,2920924,56611321,56831041,57050761,0,35167,0,0,-11462534,8292477,39592,-1526207497,83446,-204043029,5,0,0,0,0,124352,3265,-370242,1,0
479,2025-10-29T11:43:59.563,2,,2914540,2913476,2914540,2913476,2919328,2918796,2913476,2914540,0,123682,0,28134,2991,-117,8250,64897213,-283263,-1520538538,15931,-566526,2178652,3349052,41363,2703,0,2182,0,0,4424548,2,1,12669842,149,38660,32510,40,0,0,2,2918264,62819,54969,147269,128269,1279,1346,6824,47818876,15039354,0,42,0,1,0,38,242467,122618,-921,2365,0,3265,527,6824,47818876,15039354,0,4115,4076,2,1,5365974,5340890,4194560,2926244,2924648,8,1866,1367,1128,198,-2482,-309,-308,2635,123578,0,92,131782,3839,0,0,0,1,0,-30487,-1,0,0,0,-26,4097,0,-127,0,19119915,0,0,0,0,2920924,56611321,56831041,57050761,0,35167,0,0,-11534623,8192690,38672,-1510451801,83446,-204043029,5,0,0,0,0,123539,3108,-283263,1,0
480,2025-10-29T11:43:59.661,2,,2914540,2913476,2914540,2913476,2919328,2918796,2913476,2914540,0,122175,0,33740,2680,-90,8250,63446759,-315780,1342772994,15724,-631560,2178652,3349052,41363,2703,0,2182,0,0,4424548,2,1,12914861,149,38660,32510,40,0,0,2,2918264,62819,54969,147269,128269,1279,1346,6824,47818876,15039354,0,42,0,1,0,38,233413,121170,-584,2317,0,3190,545,6824,47818876,15039354,0,4119,4072,2,1,5365974,5334959,4194560,2926244,2924648,6,3404,2504,1169,208,-2407,-291,-290,2556,121785,0,1085,130226,3829,0,0,0,1,0,-30487,-1,0,0,0,-26,4097,0,-127,0,19119915,0,0,0,0,2920924,56611321,56831041,57050761,0,35167,0,0,-11670785,7990638,36992,-1479239133,83446,-204043029,5,0,0,0,0,121754,2770,-315780,1,0
481,2025-10-29T11:43:59.764,2,,2914540,2913476,2914540,2913476,2919328,2918796,2913476,2914540,0,121672,0,36416,2671,-9,8250,63617445,170686,-1520538536,15638,341372,2178652,3349052,41363,2703,0,2182,0,0,4424548,2,1,13036533,149,38660,32510,40,0,0,2,2918264,62819,54969,147269,128269,1279,1346,6824,47818876,15039354,0,42,0,1,0,38,229560,120636,-534,2374,0,3163,550,6824,47818876,15039354,0,4121,4070,2,1,5365974,5332234,4194560,2926244,2925180,5,4034,2974,1185,212,-2383,-285,-284,2527,121199,0,874,129652,3828,0,0,0,1,0,-30487,-1,0,0,0,-26,4097,0,-127,0,19119915,0,0,0,0,2920924,56611321,56831041,57050761,0,35167,0,0,-11734997,7888196,36193,-1463739485,83446,-204043029,5,0,0,0,0,121170,2680,170686,1,0
482,2025-10-29T11:43:59.862,2,,2914540,2913476,2914540,2913476,2919328,2918796,2913476,2914540,0,121130,0,43313,4224,774,8250,74319665,5172186,1342772996,15529,10344372,2178652,3349052,41363,2703,0,2182,0,0,4424548,2,1,13278984,149,38660,32510,40,0,0,2,2918264,62819,54969,147269,128269,1279,1346,6824,47818876,15039354,0,42,0,1,0,38,222666,120082,-275,3124,0,3124,559,6824,47818876,15039354,0,4126,4065,2,1,5365974,5326498,4260096,2926244,2925180,3,4909,3631,1194,215,-2350,-275,-274,2487,120406,0,771,128553,3834,0,273,546,0,0,31328,-1,0,0,0,-26,4097,0,-127,0,19119915,0,0,0,0,2920924,56611321,56831041,57050761,0,35167,0,0,-11854444,7679193,34125,-1432853951,83446,-204043029,5,0,0,0,0,120357,3450,5172186,1,0
483,2025-10-29T11:43:59.962,2,,2914540,2913476,2914540,2913476,2919328,2918796,2913476,2914540,0,120956,0,47922,4994,770,8250,79249915,4930250,-1520538534,15505,9860500,2178652,3349052,41363,2703,0,2182,0,0,4424548,2,1,13399940,149,38660,32510,40,0,0,2,2918264,62819,54969,147269,128269,1279,1346,6824,47818876,15039354,0,42,0,1,0,38,219429,119809,-273,3111,0,3111,561,6824,47818876,15039354,0,4129,4062,3,1,5365974,5322661,4260096,2926244,2925180,2,5116,3786,1169,211,-2341,-273,-272,2474,120156,0,766,128129,3838,0,273,819,0,0,31328,-1,0,0,0,-26,4097,0,-127,0,19119915,0,0,0,0,2920924,56611321,56831041,57050761,0,35167,0,0,-11909418,7572512,32737,-1417445517,166892,-204043029,5,0,0,0,0,120082,4224,4930250,1,0
484,2025-10-29T11:44:00.064,2,,2914540,2913476,2914540,2913476,2919328,2918796,2913476,2914540,0,120658,0,59455,6541,775,8250,88685415,4668225,1342772998,15458,9336450,2178652,3349052,41363,2703,0,2182,0,0,4424548,2,1,13641368,149,38660,32510,40,0,0,2,2918264,62819,54969,147269,128269,1279,1346,6824,47818876,15039354,0,42,0,1,0,38,213651,119269,-269,3097,0,3097,566,6824,47818876,15039354,0,4137,4055,4,1,5365974,5312672,4260866,2924648,2923584,15,5289,3909,984,178,-2322,-269,-268,2459,119676,0,1227,127576,3837,0,273,1365,0,0,31328,-1,0,0,0,-26,4097,0,-124,0,19119915,0,0,0,0,2920924,56611321,56831041,57050761,0,35167,0,0,-12009604,7355226,29250,-1386690301,166892,-204043029,5,0,0,0,0,119538,5766,4668225,1,0
485,2025-10-29T11:44:00.163,2,,2914540,2913476,2914540,2913476,2919328,2918796,2913476,2914540,0,120758,0,65946,6440,-101,8250,87137422,-1547993,-1520538532,15444,-3095986,2178652,3349052,41363,2703,0,2182,0,0,4424548,2,1,13762126,149,38660,32510,40,0,0,2,2918264,62819,54969,147269,128269,1279,1346,6824,47818876,15039354,0,42,0,1,0,38,211140,119483,214,2213,0,3091,568,6824,47818876,15039354,0,4141,4050,5,1,5365974,5306519,4260866,2924648,2923584,14,5305,3916,817,148,-2314,-268,-267,2453,119448,0,1545,127406,3834,0,273,1638,0,0,31328,-1,0,0,0,-26,4097,0,-124,0,19119915,0,0,0,0,2920924,56611321,56831041,57050761,0,35167,0,0,-12055308,7244790,27287,-1371307089,166892,-204043029,5,0,0,0,0,119269,6541,-1547993,1,0
486,2025-10-29T11:44:00.263,2,,2914540,2913476,2914540,2913476,2919328,2918796,2913476,2914540,0,121487,0,77726,5260,-669,8250,78291578,-4765346,1342773000,15504,-9530692,2178652,3349052,41363,2703,0,2182,0,0,4424548,2,1,14004739,149,38660,32510,40,0,0,2,2918264,62819,54969,147269,128269,1279,1346,6824,47818876,15039354,0,42,0,1,0,38,206180,119936,227,1670,0,3111,564,6824,47818876,15039354,0,4151,4040,4,1,5365974,5293843,4260866,2924116,2923584,12,6017,4430,410,74,-2339,-272,-271,2473,119855,0,673,127191,3855,0,273,2184,0,0,31328,-1,0,0,0,-26,4097,0,-124,0,19119915,0,0,0,0,2920924,56611321,56831041,57050761,0,35167,0,0,-12140501,7020811,23733,-1340400917,166892,-204043029,5,0,0,0,0,119709,5929,-4765346,1,0
487,2025-10-29T11:44:00.363,2,,2914540,2913476,2914540,2913476,2919328,2918796,2913476,2914540,0,121733,0,82643,4574,-686,8250,73797781,-4493797,-1520538530,15550,-8987594,2178652,3349052,41363,2703,0,2182,0,0,4424548,2,1,14126472,149,38660,32510,40,0,0,2,2918264,62819,54969,147269,128269,1279,1346,6824,47818876,15039354,0,42,0,1,0,38,203491,119901,-35,1665,0,3109,561,6824,47818876,15039354,0,4156,4036,4,1,5365974,5288248,4260866,2924648,2923584,11,6153,4522,250,45,-2351,-270,-269,2472,120051,0,235,127036,3867,0,273,2457,0,0,31328,-1,0,0,0,-26,4097,0,-124,0,19119915,0,0,0,0,2920924,56611321,56831041,57050761,0,35167,0,0,-12180284,6907586,22257,-1324893501,166892,-204043029,5,0,0,0,0,119936,5260,-4493797,1,0
488,2025-10-29T11:44:00.463,2,,2914540,2913476,2914540,2913476,2919328,2918796,2913476,2914540,0,121884,0,90442,3155,-779,8250,65017068,-4814232,1342773002,15592,-9628464,2178652,3349052,41363,2703,0,2182,0,0,4424548,2,1,14370169,149,38660,32510,40,0,0,2,2918264,62819,54969,147269,128269,1279,1346,6824,47818876,15039354,0,42,0,1,0,38,198201,119867,-25,1574,0,3107,563,6824,47818876,15039354,0,4163,4029,3,1,5365974,5279077,4260866,2924648,2923584,9,6468,4736,217,39,-2353,-270,-269,2470,119956,0,245,126703,3875,0,273,3003,0,0,31328,-1,0,0,0,-26,4097,0,-124,0,19119915,0,0,0,0,2920924,56611321,56831041,57050761,0,35167,0,0,-12253947,6679304,19937,-1293849241,166892,-204043029,5,0,0,0,0,119892,3934,-4814232,1,0
489,2025-10-29T11:44:00.561,2,,2914540,2913476,2914540,2913476,2919328,2918796,2913476,2914540,0,121936,0,93325,2610,-545,8250,61978452,-3038616,-1520538528,15601,-6077232,2178652,3349052,41363,2703,0,2182,0,0,4424548,2,1,14492105,149,38660,32510,40,0,0,2,2918264,62819,54969,147269,128269,1279,1346,6824,47818876,15039354,0,42,0,1,0,38,195765,119852,-15,1809,0,3105,563,6824,47818876,15039354,0,4166,4026,2,1,5365974,5275532,4260866,2924648,2923584,8,6632,4848,368,66,-2354,-269,-268,2467,119908,0,254,126614,3877,0,273,3276,0,0,31328,-1,0,0,0,-26,4097,0,-124,0,19119915,0,0,0,0,2920924,56611321,56831041,57050761,0,35167,0,0,-12287842,6564316,19089,-1278315963,166892,-204043029,5,0,0,0,0,119867,3155,-3038616,1,0
490,2025-10-29T11:44:00.663,2,,2914540,2913476,2914540,2913476,2919328,2918796,2913476,2914540,0,121929,0,97726,1827,-355,8250,58017610,-1750749,1342773004,15614,-3501498,2178652,3349052,41363,2703,0,2182,0,0,4424548,2,1,14736022,149,38660,32510,40,0,0,2,2918264,62819,54969,147269,128269,1279,1346,6824,47818876,15039354,0,42,0,1,0,38,191300,119644,-210,2001,0,3095,563,6824,47818876,15039354,0,4170,4022,1,1,5365974,5270253,4260866,2924648,2921456,6,6744,4915,776,139,-2356,-265,-264,2457,119873,0,55,126529,3879,0,273,3822,0,0,31328,-1,0,0,0,-26,4097,0,-124,0,19119915,0,0,0,0,2920924,56611321,56831041,57050761,0,35167,0,0,-12349010,6332663,17819,-1247243677,166892,-204043029,5,0,0,0,0,119854,2182,-1750749,1,0
491,2025-10-29T11:44:00.764,2,,2914540,2913476,2914540,2913476,2919328,2918796,2913476,2914540,0,121833,0,99385,1491,-336,8250,56288458,-1729152,-1520538526,15607,-3458304,2178652,3349052,41363,2703,0,2182,0,0,4424548,2,1,14857855,149,38660,32510,40,0,0,2,2918264,62819,54969,147269,128269,1279,1346,6824,47818876,15039354,0,42,0,1,0,38,189228,119612,-32,2011,0,3087,565,6824,47818876,15039354,0,4171,4021,1,1,5365974,5268248,4260866,2924648,2912412,5,6748,4915,937,168,-2347,-263,-262,2449,119657,0,231,126535,3872,0,273,4095,0,0,31328,-1,0,0,0,-26,4097,0,-124,0,19119915,0,0,0,0,2920924,56611321,56831041,57050761,0,35167,0,0,-12376115,6216171,17352,-1231723523,166892,-204043029,5,0,0,0,0,119644,1827,-1729152,1,0
492,2025-10-29T11:44:00.861,2,,2914540,2913476,2914540,2913476,2919328,2918796,2913476,2914540,0,121643,0,102478,1653,131,8250,58382680,1292522,1342773006,15586,2585044,2178652,3349052,41363,2703,0,2182,0,0,4424548,2,1,15101267,149,38660,32510,40,0,0,2,2918264,62819,54969,147269,128269,1279,1346,6824,47818876,15039354,0,42,0,0,0,38,185476,119309,-92,2470,0,3076,568,6824,47818876,15039354,0,4174,4018,1,1,5365974,5265083,4195330,2923584,2915072,3,6754,4915,1148,206,-2339,-261,-260,2438,119410,0,169,130782,3739,0,0,0,0,0,31328,-1,0,0,0,-26,4097,0,-124,0,19119915,0,0,0,0,2920924,56611321,56831041,57050761,0,35167,0,0,-12422508,5981888,16489,-1200715569,250339,-204043029,5,0,0,0,0,119401,1522,1292522,1,0
493,2025-10-29T11:44:00.962,2,,2914540,2913476,2914540,2913476,2919328,2918796,2913476,2914540,0,121539,0,104137,1666,13,8250,58657959,275279,-1520538524,15570,550558,2178652,3349052,41363,2703,0,2182,0,0,4424548,2,1,15222806,149,38660,32510,40,0,0,2,2918264,62819,54969,147269,128269,1279,1346,6824,47818876,15039354,0,42,0,0,0,38,183750,119138,-171,2348,0,3072,569,6824,47818876,15039354,0,4175,4017,1,1,5365974,5263496,4195330,2923584,2915072,2,6755,4915,1202,216,-2335,-260,-259,2434,119320,0,89,130706,3738,0,0,0,0,0,31328,-1,0,0,0,-26,4097,0,-124,0,19119915,0,0,0,0,2920924,56611321,56831041,57050761,0,35167,0,0,-12441556,5864212,16024,-1185232865,250339,-204043029,5,0,0,0,0,119309,1653,275279,1,0
494,2025-10-29T11:44:01.063,2,,2914540,2913476,2914540,2913476,2919328,2918796,2913476,2914540,0,121283,0,107438,1608,-56,8250,58407260,-335038,1342773008,15544,-670076,2178652,3349052,41363,2703,0,2182,0,0,4424548,2,1,15465529,149,38660,32510,40,0,0,2,2918264,62819,54969,147269,128269,1279,1346,6824,47818876,15039354,0,42,0,0,0,38,180553,118772,-229,2267,0,3062,572,6824,47818876,15039354,0,4178,4015,1,1,5365974,5260172,4195330,2923584,2916668,15,6747,4915,1250,225,-2323,-258,-257,2424,119012,0,29,130465,3736,0,0,0,0,0,31328,-1,0,0,0,-26,4097,0,-122,0,19119915,0,0,0,0,2920924,56611321,56831041,57050761,0,35167,0,0,-12471610,5628178,15100,-1154312681,250339,-204043029,5,0,0,0,0,119001,1664,-335038,1,0
495,2025-10-29T11:44:01.162,2,,2914540,2913476,2914540,2913476,2919328,2918796,2913476,2914540,0,121093,0,108997,1509,-99,8250,57747015,-660245,-1520538522,15524,-1320490,2178652,3349052,41363,2703,0,2182,0,0,4424548,2,1,15586622,149,38660,32510,40,0,0,2,2918264,62819,54969,147269,128269,1279,1346,6824,47818876,15039354,0,42,0,0,0,38,178997,118573,-199,2216,0,3057,574,6824,47818876,15039354,0,4179,4013,1,1,5365974,5258536,4195330,2923584,2916668,14,6742,4915,1254,226,-2315,-257,-256,2419,118782,0,58,130377,3731,0,0,0,0,0,31328,-1,0,0,0,-26,4097,0,-122,0,19119915,0,0,0,0,2920924,56611321,56831041,57050761,0,35167,0,0,-12482674,5510037,14666,-1138886793,250339,-204043029,5,0,0,0,0,118772,1608,-660245,1,0
496,2025-10-29T11:44:01.261,2,,2914540,2913476,2914540,2913476,2919328,2918796,2913476,2914540,0,120690,0,111760,1251,-132,8250,56015654,-881140,1342773010,15473,-1762280,2178652,3349052,41363,2703,0,2182,0,0,4424548,2,1,15828194,149,38660,32510,40,0,0,2,2918264,62819,54969,147269,128269,1279,1346,6824,47818876,15039354,0,42,0,0,0,38,176129,118086,-214,2164,0,3044,579,6824,47818876,15039354,0,4182,4011,1,1,5365974,5255531,4195330,2915604,2924116,12,6725,4915,1250,226,-2296,-255,-254,2406,118308,0,41,130020,3726,0,0,0,0,0,31328,-1,0,0,0,-26,4097,0,-122,0,19119915,0,0,0,0,2920924,56611321,56831041,57050761,0,35167,0,0,-12497134,5273882,13909,-1108113235,250339,-204043029,5,0,0,0,0,118300,1383,-881140,1,0
497,2025-10-29T11:44:01.362,2,,2914540,2913476,2914540,2913476,2919328,2918796,2913476,2914540,0,120453,0,112946,1121,-130,8250,55158851,-856803,-1520538520,15448,-1713606,2178652,3349052,41363,2703,0,2182,0,0,4424548,2,1,15948647,149,38660,32510,40,0,0,2,2918264,62819,54969,147269,128269,1279,1346,6824,47818876,15039354,0,42,0,0,0,38,174739,117804,-282,2157,0,3038,581,6824,47818876,15039354,0,4183,4010,0,1,5365974,5254214,4195330,2915604,2924116,11,6717,4915,1248,226,-2287,-254,-253,2400,118092,0,-28,129831,3725,0,0,0,0,0,31328,-1,0,0,0,-26,4097,0,-122,0,19119915,0,0,0,0,2920924,56611321,56831041,57050761,0,35167,0,0,-12500545,5155997,13591,-1092768875,250339,-204043029,5,0,0,0,0,118086,1251,-856803,1,0
498,2025-10-29T11:44:01.464,2,,2914540,2913476,2914540,2913476,2919328,2918796,2913476,2914540,0,119984,0,114915,866,-109,8250,53483074,-706303,1342773012,15388,-1412606,2178652,3349052,41363,2703,0,2182,0,0,4424548,2,1,16188854,149,38660,32510,40,0,0,2,2918264,62819,54969,147269,128269,1279,1346,6824,47818876,15039354,0,42,0,0,0,38,172159,117333,-249,2157,0,3025,585,6824,47818876,15039354,0,4184,4008,0,1,5365974,5251980,4195330,2923584,2915604,9,6699,4915,1254,228,-2266,-252,-251,2387,117586,0,3,129439,3720,0,0,0,0,0,31328,-1,0,0,0,-26,4097,0,-122,0,19119915,0,0,0,0,2920924,56611321,56831041,57050761,0,35167,0,0,-12499865,4920904,13079,-1062169201,250339,-204043029,5,0,0,0,0,117582,975,-706303,1,0
499,2025-10-29T11:44:01.562,2,,2914540,2913476,2914540,2913476,2919328,2918796,2913476,2914540,0,119870,0,115736,776,-90,8250,52905119,-577955,-1520538518,15358,-1155910,2178652,3349052,41363,2703,0,2182,0,0,4424548,2,1,16308724,149,38660,32510,40,0,0,2,2918264,62819,54969,147269,128269,1279,1346,6824,47818876,15039354,0,42,0,0,0,38,171048,117308,-25,2166,0,3018,589,6824,47818876,15039354,0,4185,4008,0,1,5365974,5251059,4195330,2923584,2915604,8,6692,4915,1257,229,-2256,-251,-250,2379,117336,0,226,129250,3718,0,0,0,0,0,31328,-1,0,0,0,-26,4097,0,-122,0,19119915,0,0,0,0,2920924,56611321,56831041,57050761,0,35167,0,0,-12495743,4803682,12874,-1046899109,250339,-204043029,5,0,0,0,0,117333,866,-577955,1,0
500,2025-10-29T11:44:01.663,2,,2914540,2913476,2914540,2913476,2919328,2918796,2913476,2914540,0,119620,0,117118,600,-94,8250,51790886,-611981,1342773014,15333,-1223962,2178652,3349052,41363,2703,0,2182,0,0,4424548,2,1,16548132,149,38660,32510,40,0,0,2,2918264,62819,54969,147269,128269,1279,1346,6824,47818876,15039354,0,42,0,0,0,38,168928,116980,-134,2153,0,3012,591,6824,47818876,15039354,0,4186,4007,0,1,5365974,5249503,4195330,2923584,2915604,6,6683,4915,1277,233,-2247,-250,-249,2374,117116,0,116,128924,3720,0,0,0,0,0,31328,-1,0,0,0,-26,4097,0,-122,0,19119915,0,0,0,0,2920924,56611321,56831041,57050761,0,35167,0,0,-12479954,4570018,12543,-1016401221,250339,-204043029,5,0,0,0,0,117114,694,-611981,1,0
501,2025-10-29T11:44:01.764,2,,2914540,2913476,2914540,2913476,2919328,2918796,2913476,2914540,0,119467,0,117661,485,-115,8250,51034481,-756405,-1520538516,15311,-1512810,2178652,3349052,41363,2703,0,2182,0,0,4424548,2,1,16667599,149,38660,32510,40,0,0,2,2918264,62819,54969,147269,128269,1279,1346,6824,47818876,15039354,0,42,0,0,0,38,167952,116757,-223,2127,0,3008,592,6824,47818876,15039354,0,4187,4006,0,1,5365974,5248856,4195330,2923584,2915604,5,6677,4915,1281,234,-2242,-249,-248,2370,116981,0,26,128800,3720,0,0,0,0,0,31328,-1,0,0,0,-26,4097,0,-122,0,19119915,0,0,0,0,2920924,56611321,56831041,57050761,0,35167,0,0,-12468329,4453746,12421,-1001182467,250339,-204043029,5,0,0,0,0,116980,600,-756405,1,0
502,2025-10-29T11:44:01.865,2,,2914540,2913476,2914540,2913476,2919328,2918796,2913476,2914540,0,119211,0,118407,257,-118,8250,49545190,-764588,1342773016,15273,-1529176,2178652,3349052,41363,2703,0,2182,0,0,4424548,2,1,16906130,149,38660,32510,40,0,0,2,2918264,62819,54969,147269,128269,1279,1346,6824,47818876,15039354,0,42,0,0,0,38,166157,116484,-212,2113,0,3001,595,6824,47818876,15039354,0,4188,4005,0,1,5365974,5247883,4195330,2924116,2915604,3,6665,4915,1294,237,-2231,-248,-247,2363,116696,0,36,128553,3718,0,0,0,0,0,31328,-1,0,0,0,-26,4097,0,-122,0,19119915,0,0,0,0,2920924,56611321,56831041,57050761,0,35167,0,0,-12437723,4222498,12285,-970796297,250339,-204043029,5,0,0,0,0,116696,375,-764588,1,0
503,2025-10-29T11:44:01.962,2,,2914540,2913476,2914540,2913476,2919328,2918796,2913476,2914540,0,119049,0,118603,135,-122,8250,48735178,-810012,-1520538514,15259,-1620024,2178652,3349052,41363,2703,0,2182,0,0,4424548,2,1,17025179,149,38660,32510,40,0,0,2,2918264,62819,54969,147269,128269,1279,1346,6824,47818876,15039354,0,42,0,0,0,38,165295,116381,-103,2099,0,2995,597,6824,47818876,15039354,0,4188,4005,0,1,5365974,5247567,4195330,2915072,2915604,2,6657,4915,1298,238,-2221,-247,-246,2357,116484,0,144,128490,3713,0,0,0,0,0,31328,-1,0,0,0,-26,4097,0,-122,0,19119915,0,0,0,0,2920924,56611321,56831041,57050761,0,35167,0,0,-12418798,4107629,12270,-955630791,250339,-204043029,5,0,0,0,0,116484,257,-810012,1,0
504,2025-10-29T11:44:02.064,2,,2914540,2913476,2914540,2913476,2919328,2918796,2913476,2914540,0,118612,0,118640,-95,-111,8250,47237197,-727556,1342773018,15214,-1455112,2178652,3349052,41363,2703,0,2182,0,0,4424548,2,1,17262653,149,38660,32510,40,0,0,2,2918264,62819,54969,147269,128269,1279,1346,6824,47818876,15039354,0,42,0,0,0,38,163615,115894,-220,2095,0,2984,601,6824,47818876,15039354,0,4188,4005,0,1,5365974,5247295,4195330,2919328,2915604,15,6638,4915,1300,239,-2206,-245,-244,2346,116114,0,25,128178,3710,0,0,0,0,0,31328,-1,0,0,0,-26,4097,0,-119,0,19119915,0,0,0,0,2920924,56611321,56831041,57050761,0,35167,0,0,-12373778,3879831,12348,-925379271,250339,-204043029,5,0,0,0,0,116114,16,-727556,1,0
505,2025-10-29T11:44:02.167,2,,2914540,2913476,2914540,2913476,2919328,2918796,2913476,2914540,0,118345,0,118506,-173,-78,8250,46732203,-504994,-1520538512,15182,-1009988,2178652,3349052,41363,2703,0,2182,0,0,4424548,2,1,17380998,149,38660,32510,40,0,0,2,2918264,62819,54969,147269,128269,1279,1346,6824,47818876,15039354,0,42,0,0,0,38,162799,115590,-304,2118,0,2978,604,6824,47818876,15039354,0,4188,4005,0,1,5365974,5247334,4195330,2923584,2915604,14,6626,4915,1292,238,-2196,-244,-243,2340,115894,0,-60,127965,3709,0,0,0,0,0,31328,-1,0,0,0,-26,4097,0,-119,0,19119915,0,0,0,0,2920924,56611321,56831041,57050761,0,35167,0,0,-12347763,3767066,12432,-910303449,250339,-204043029,5,0,0,0,0,115894,-95,-504994,1,0
506,2025-10-29T11:44:02.269,2,,2914540,2913476,2914540,2913476,2919328,2918796,2913476,2914540,0,118186,0,118294,-251,-78,8250,46195206,-536997,-88882746,15148,-1073994,2178652,3349052,41363,2703,0,2182,0,0,4424548,2,1,17499184,149,38660,32510,40,0,0,2,2918264,62819,54969,147269,128269,1279,1346,6824,47818876,15039354,0,42,0,0,0,38,162074,115589,-1,2106,0,2970,606,6824,47818876,15039354,0,4188,4005,0,1,5365974,5247468,4195330,2923584,2924116,13,6617,4915,1289,238,-2184,-243,-242,2332,115590,0,242,127732,3706,0,0,0,0,0,31328,-1,0,0,0,-26,4097,0,-119,0,19119915,0,0,0,0,2920924,56611321,56831041,57050761,0,35167,0,0,-12319341,3655039,12541,-895247879,166892,-204043029,5,0,0,0,0,115590,-173,-536997,1,0
507,2025-10-29T11:44:02.362,2,,2914540,2913476,2914540,2913476,2919328,2918796,2913476,2914540,0,117708,0,117675,-365,-53,8250,45402699,-392390,-1520538510,15101,-784780,2178652,3349052,41363,2703,0,2182,0,0,4424548,2,1,17734866,149,38660,32510,40,0,0,2,2918264,62819,54969,147269,128269,1279,1346,6824,47818876,15039354,0,42,0,0,0,38,160628,115076,-91,2113,0,2959,610,6824,47818876,15039354,0,4188,4005,0,1,5365974,5247961,4195330,2923584,2924116,11,6599,4915,1285,238,-2166,-241,-240,2322,115167,0,150,127253,3706,0,0,0,0,0,31328,-1,0,0,0,-26,4097,0,-119,0,19119915,0,0,0,0,2920924,56611321,56831041,57050761,0,35167,0,0,-12255563,3433558,12816,-865224639,166892,-204043029,5,0,0,0,0,115167,-312,-392390,1,0
508,2025-10-29T11:44:02.467,2,,2914540,2913476,2914540,2913476,2919328,2918796,2913476,2914540,0,117457,0,117301,-384,-19,8250,45266225,-136474,-88882744,15067,-272948,2178652,3349052,41363,2703,0,2182,0,0,4424548,2,1,17852323,149,38660,32510,40,0,0,2,2918264,62819,54969,147269,128269,1279,1346,6824,47818876,15039354,0,42,0,0,0,38,159971,114726,-350,2143,0,2957,611,6824,47818876,15039354,0,4187,4006,0,1,5365974,5248299,4195330,2923584,2924116,10,6587,4915,1282,238,-2162,-241,-240,2319,115076,0,-109,126994,3711,0,0,0,0,0,31328,-1,0,0,0,-26,4097,0,-119,0,19119915,0,0,0,0,2920924,56611321,56831041,57050761,0,35167,0,0,-12220218,3324247,12973,-850261937,166892,-204043029,5,0,0,0,0,115076,-365,-136474,1,0
509,2025-10-29T11:44:02.569,2,,2914540,2913476,2914540,2913476,2919328,2918796,2913476,2914540,0,117047,0,116479,-445,-37,8250,44731620,-309814,-1520538508,15003,-619628,2178652,3349052,41363,2703,0,2182,0,0,4424548,2,1,18086584,149,38660,32510,40,0,0,-1,0,62819,54969,147269,128269,1279,1346,6824,47818876,15039354,0,42,0,0,0,38,158731,114397,-208,2105,0,2943,616,6824,47818876,15039354,0,4187,4006,0,1,5365974,5249069,4195330,2914008,2924116,8,6569,4915,1271,237,-2142,-239,-238,2306,114605,0,31,126576,3708,0,0,0,0,0,31328,-1,0,0,0,-26,4097,0,-119,0,19119915,0,0,0,2,0,56611321,56831041,57050761,0,35167,0,0,-12142682,3108624,13305,-820419717,166892,-204043029,5,0,0,0,0,114605,-408,-309814,1,0
510,2025-10-29T11:44:02.664,2,,2914540,2913476,2914540,2913476,2919328,2918796,2913476,2914540,0,116983,0,116015,-483,-38,8250,44400360,-331260,-88882742,14982,-662520,2178652,3349052,41363,2703,0,2182,0,0,4424548,2,1,18203567,149,38660,32510,40,0,0,-1,0,62819,54969,147269,128269,1279,1346,6824,47818876,15039354,0,42,0,0,0,38,158252,114544,147,2094,0,2937,619,6824,47818876,15039354,0,4186,4007,0,1,5365974,5249495,4195330,2911880,2919328,7,6564,4915,1275,238,-2132,-238,-237,2300,114397,0,385,126532,3703,0,0,0,0,0,31328,-1,0,0,0,-26,4097,0,-119,0,19119915,0,0,0,2,0,56611321,56831041,57050761,0,35167,0,0,-12100522,3002225,13486,-805517397,166892,-204043029,5,0,0,0,0,114397,-445,-331260,1,0
511,2025-10-29T11:44:02.763,2,,2914540,2913476,2914540,2913476,2919328,2918796,2913476,2914540,0,116920,0,114952,-570,-33,8250,43759488,-252938,-1520538506,14972,-505876,2178652,3349052,41363,2703,0,2182,0,0,4424548,2,1,18437456,149,38660,32510,40,0,0,-1,0,62819,54969,147269,128269,1279,1346,6824,47818876,15039354,0,42,0,0,0,38,157308,114454,92,2097,0,2937,619,6824,47818876,15039354,0,4186,4007,0,1,5365974,5250469,4195330,2925180,2914008,5,6563,4915,1285,240,-2130,-238,-237,2300,114363,0,330,126467,3703,0,0,0,0,0,31328,-1,0,0,0,-26,4097,0,-119,0,19119915,0,0,0,2,0,56611321,56831041,57050761,0,35167,0,0,-12009401,2792310,13887,-775722565,166892,-204043029,5,0,0,0,0,114362,-537,-252938,1,0
512,2025-10-29T11:44:02.869,2,,2914540,2913476,2914540,2913476,2919328,2918796,2913476,2914540,0,116871,0,114352,-631,-61,8250,43338353,-421135,-88882740,14966,-842270,2178652,3349052,41363,2703,0,2182,0,0,4424548,2,1,18554327,149,38660,32510,40,0,0,-1,0,62819,54969,147269,128269,1279,1346,6824,47818876,15039354,0,42,0,0,0,38,156895,114316,-138,2073,0,2939,618,6824,47818876,15039354,0,4185,4008,0,1,5365974,5251022,4195330,2923584,2914008,4,6563,4915,1289,241,-2134,-238,-237,2302,114455,0,100,126456,3707,0,0,0,0,0,31328,-1,0,0,0,-26,4097,0,-119,0,19119915,0,0,0,2,0,56611321,56831041,57050761,0,35167,0,0,-11960500,2688919,14107,-760834513,166892,-204043029,5,0,0,0,0,114454,-570,-421135,1,0
513,2025-10-29T11:44:02.967,2,,2914540,2913476,2914540,2913476,2919328,2918796,2913476,2914540,0,116790,0,112931,-801,-95,8250,42161957,-645727,-1520538504,14954,-1291454,2178652,3349052,41363,2703,0,2182,0,0,4424548,2,1,18787949,149,38660,32510,40,0,0,-1,0,62819,54969,147269,128269,1279,1346,6824,47818876,15039354,0,42,0,0,0,38,156079,114283,-99,2035,0,2937,619,6824,47818876,15039354,0,4184,4009,0,1,5365974,5252290,4195330,2924116,2914008,2,6561,4915,1294,242,-2130,-238,-237,2300,114384,0,139,126424,3705,0,0,0,0,0,31328,-1,0,0,0,-26,4097,0,-119,0,19119915,0,0,0,2,0,56611321,56831041,57050761,0,35167,0,0,-11856271,2485396,14611,-731073695,166892,-204043029,5,0,0,0,0,114382,-706,-645727,1,0
514,2025-10-29T11:44:03.069,2,,2914540,2913476,2914540,2913476,2919328,2918796,2913476,2914540,0,116766,0,112089,-884,-83,8250,41617609,-544348,-88882738,14949,-1088696,2178652,3349052,41363,2703,0,2182,0,0,4424548,2,1,18904715,149,38660,32510,40,0,0,-1,0,62819,54969,147269,128269,1279,1346,6824,47818876,15039354,0,42,0,0,0,38,155678,114339,56,2044,0,2935,618,6824,47818876,15039354,0,4184,4009,0,1,5365974,5253043,4195330,2925180,2924116,1,6560,4915,1299,243,-2127,-237,-236,2298,114285,0,293,126424,3702,0,0,0,0,0,31328,-1,0,0,0,-26,4097,0,-119,0,19119915,0,0,0,2,0,56611321,56831041,57050761,0,35167,0,0,-11800984,2385336,14902,-716199017,166892,-204043029,5,0,0,0,0,114283,-801,-544348,1,0
