frame,timestamp_ms,car_index,car_number,value_000,value_001,value_002,value_003,value_004,value_005,value_006,value_007,value_008,value_009,value_010,value_011,value_012,value_013,value_014,value_015,value_016,value_017,value_018,value_019,value_020,value_021,value_022,value_023,value_024,value_025,value_026,value_027,value_028,value_029,value_030,value_031,value_032,value_033,value_034,value_035,value_036,value_037,value_038,value_039,value_040,value_041,value_042,value_043,value_044,value_045,value_046,value_047,value_048,value_049,value_050,value_051,value_052,value_053,value_054,value_055,value_056,value_057,value_058,value_059,value_060,value_061,value_062,value_063,value_064,value_065,value_066,value_067,value_068,value_069,value_070,value_071,value_072,value_073,value_074,value_075,value_076,value_077,value_078,value_079,value_080,value_081,value_082,value_083,value_084,value_085,value_086,value_087,value_088,value_089,value_090,value_091,value_092,value_093,value_094,value_095,value_096,value_097,value_098,value_099,value_100,value_101,value_102,value_103,value_104,value_105,value_106,value_107,value_108,value_109,value_110,value_111,value_112,value_113,value_114,value_115,value_116,value_117,value_118,value_119,value_120,value_121,value_122,value_123,value_124,value_125,value_126,value_127,value_128,value_129,value_130,value_131,value_132
1,267,2,,2916668,2915604,2916668,2915604,2916668,2918796,2915604,2916668,0,15159,0,56878,272,5,8250,1666544,527654,-379426224,1877,1055308,2183468,3349052,-16777216,-16777216,0,0,0,0,4424548,2,1,62445848,151,16777216,32510,42,0,0,0,2924648,62819,54969,147269,128269,1279,1346,6824,47818876,15039354,0,42,0,4,0,33,226977,15366,491,-180,0,1227,502,6824,47818876,15039354,0,4107,4084,0,1,20341512,20284903,4195330,2915604,2916668,5,0,0,0,0,185,-4,-4,869,14877,90000,502,112861,539,0,273,2730,0,0,1286,-1,0,0,0,-27,4097,0,-221,0,19136753,0,0,0,0,2919328,56611321,56831041,57050761,0,35167,0,0,873861,12414353,19615,2117177314,0,-157965158,20,0,0,0,0,14875,267,527654,1,0
2,400,2,,2916668,2915604,2916668,2915604,2916668,2918796,2915604,2916668,0,16149,0,57378,223,-29,8250,910258,-633109,546050422,2003,-1266218,2183468,3349052,-16777216,-16777216,0,0,0,0,4424548,2,1,62477651,151,16777216,32510,42,0,0,0,2924648,62819,54969,147269,128269,1279,1346,6824,47818876,15039354,0,42,0,4,0,33,225350,16355,495,-212,0,1230,508,6824,47818876,15039354,0,4107,4084,0,1,20341512,20284372,4195330,2915604,2916668,3,0,0,0,0,183,-5,-5,871,15862,90000,508,112906,575,0,273,2730,0,0,1286,-1,0,0,0,-27,4097,0,-221,0,19136753,0,0,0,0,2919328,56611321,56831041,57050761,0,35167,0,0,842158,12415290,19497,2118246038,0,-157965158,20,0,0,0,0,15860,252,-633109,1,0
3,467,2,,2916668,2915604,2916668,2915604,2916668,2918796,2915604,2916668,0,16649,0,57639,299,76,8250,1847096,936838,-1220304428,2067,1873676,2183468,3349052,-16777216,-16777216,0,0,0,0,4424548,2,1,62494300,151,16777216,32510,42,0,0,0,2924648,62819,54969,147269,128269,1279,1346,6824,47818876,15039354,0,42,0,4,0,33,224497,16857,502,-106,0,1232,511,6824,47818876,15039354,0,4107,4084,0,1,20341512,20284134,4195330,2915604,2916668,2,0,0,0,0,182,-5,-5,872,16356,90000,511,112906,593,0,273,2730,0,0,1286,-1,0,0,0,-27,4097,0,-221,0,19136753,0,0,0,0,2919328,56611321,56831041,57050761,0,35167,0,0,825558,12415691,19435,2118805518,0,-157965158,20,0,0,0,0,16355,223,936838,1,0
4,600,2,,2916668,2915604,2916668,2915604,2916668,2918796,2915604,2916668,0,17656,0,58226,273,-28,8250,1704577,-423959,-622120432,2195,-847918,2183468,3349052,-16777216,-16777216,0,0,0,0,4424548,2,1,62529109,151,16777216,32510,42,0,0,0,2924648,62819,54969,147269,128269,1279,1346,6824,47818876,15039354,0,42,0,4,0,33,222706,17861,502,-209,0,1237,516,6824,47818876,15039354,0,4107,4084,0,1,20341512,20283573,4195330,2915604,2916668,15,0,0,0,0,181,-6,-6,876,17361,90000,516,112906,629,0,273,2730,0,0,1286,-1,0,0,0,-27,4097,0,-221,0,19136753,0,0,0,0,2919328,56611321,56831041,57050761,0,35167,0,0,790852,12416489,19297,2119975258,0,-157965158,20,0,0,0,0,17359,301,-423959,1,0
5,667,2,,2916668,2915604,2916668,2915604,2916668,2918796,2915604,2916668,0,18160,0,58481,237,-36,8250,834138,-870439,1741563864,2260,-1740878,2183468,3349052,-16777216,-16777216,0,0,0,0,4424548,2,1,62547269,151,16777216,32510,42,0,0,0,2924648,62819,54969,147269,128269,1279,1346,6824,47818876,15039354,0,42,0,4,0,33,221767,18366,505,-216,0,1238,519,6824,47818876,15039354,0,4107,4084,0,1,20341512,20283286,4195330,2915604,2916668,14,0,0,0,0,180,-6,-6,877,17863,90000,519,112906,647,0,273,2730,0,0,1286,-1,0,0,0,-27,4097,0,-221,0,19136753,0,0,0,0,2919328,56611321,56831041,57050761,0,35167,0,0,772748,12416956,19237,2120585516,0,-157965158,20,0,0,0,0,17861,273,-870439,1,0
6,800,2,,2916668,2915604,2916668,2915604,2916668,2918796,2915604,2916668,0,19181,0,59039,291,-3,8250,1292911,-69125,2009037010,2389,-138250,2183468,3349052,-16777216,-16777216,0,0,0,0,4424548,2,1,62585120,151,16777216,32510,42,0,0,0,2924648,62819,54969,147269,128269,1279,1346,6824,47818876,15039354,0,42,0,4,0,33,219808,19386,510,-181,0,1241,524,6824,47818876,15039354,0,4107,4084,0,1,20341512,20282766,4195330,2915604,2916668,12,0,0,0,0,178,-7,-7,879,18878,90000,524,112906,684,0,273,2730,0,0,1286,-1,0,0,0,-27,4097,0,-221,0,19136753,0,0,0,0,2919328,56611321,56831041,57050761,0,35167,0,0,735015,12417903,19106,2121857478,0,-157965158,20,0,0,0,0,18876,294,-69125,1,0
7,934,2,,2916668,2915604,2916668,2915604,2916668,2918796,2915604,2916668,0,19694,0,59316,263,-28,8250,704491,-588420,-88883240,2455,-1176840,2183468,3349052,-16777216,-16777216,0,0,0,0,4424548,2,1,62604814,151,16777216,32510,42,0,0,0,2924648,62819,54969,147269,128269,1279,1346,6824,47818876,15039354,0,42,0,4,0,33,218782,19898,512,-205,0,1243,527,6824,47818876,15039354,0,4107,4084,0,1,20341512,20282473,4195330,2915604,2916668,11,0,0,0,0,177,-7,-7,881,19388,90000,527,112906,703,0,273,2730,0,0,1286,-1,0,0,0,-27,4097,0,-221,0,19136753,0,0,0,0,2919328,56611321,56831041,57050761,0,35167,0,0,715383,12418373,19041,2122519286,0,-157965158,20,0,0,0,0,19386,291,-588420,1,0
8,1000,2,,2916668,2915604,2916668,2915604,2916668,2918796,2915604,2916668,0,20736,0,59922,314,-4,8250,1353793,-20832,-1520539004,2586,-41664,2183468,3349052,-16777216,-16777216,0,0,0,0,4424548,2,1,62645760,151,16777216,32510,42,0,0,0,2924648,62819,54969,147269,128269,1279,1346,6824,47818876,15039354,0,42,0,4,0,33,216648,20937,520,-179,0,1248,534,6824,47818876,15039354,0,4108,4083,0,1,20341512,20281906,4195330,2915604,2916668,9,0,0,0,0,175,-8,-8,884,20419,90000,534,112888,740,0,273,2730,0,0,1286,-1,0,0,0,-27,4097,0,-221,0,19136753,0,0,0,0,2919328,56611321,56831041,57050761,0,35167,0,0,674558,12419145,18898,2123895256,0,-157965158,20,0,0,0,0,20417,318,-20832,1,0
9,1067,2,,2916668,2915604,2916668,2915604,2916668,2918796,2915604,2916668,0,21258,0,60222,285,-29,8250,799569,-554224,-88883238,2654,-1108448,2183468,3349052,-16777216,-16777216,0,0,0,0,4424548,2,1,62667018,151,16777216,32510,42,0,0,0,2924648,62819,54969,147269,128269,1279,1346,6824,47818876,15039354,0,42,0,4,0,33,215529,21457,520,-203,0,1251,536,6824,47818876,15039354,0,4108,4083,0,1,20341512,20281590,4195330,2915604,2916668,8,0,0,0,0,174,-9,-9,886,20939,90000,536,112879,759,0,273,2730,0,0,1286,-1,0,0,0,-27,4097,0,-221,0,19136753,0,0,0,0,2919328,56611321,56831041,57050761,0,35167,0,0,653365,12419560,18827,2124609620,0,-157965158,20,0,0,0,0,20937,314,-554224,1,0
10,1200,2,,2916668,2915604,2916668,2915604,2916668,2918796,2915604,2916668,0,22309,0,60871,330,-11,8250,1396249,-137578,-1520539002,2788,-275156,2183468,3349052,-16777216,-16777216,0,0,0,0,4424548,2,1,62711109,151,16777216,32510,42,0,0,0,2924648,62819,54969,147269,128269,1279,1346,6824,47818876,15039354,0,42,0,4,0,33,213200,22508,525,-183,0,1256,542,6824,47818876,15039354,0,4108,4083,0,1,20341512,20280977,4195330,2915604,2916668,6,0,0,0,0,172,-10,-10,890,21985,90000,542,112847,797,0,273,2730,0,0,1286,-1,0,0,0,-27,4097,0,-221,0,19136753,0,0,0,0,2919328,56611321,56831041,57050761,0,35167,0,0,609409,12420394,18675,2126091276,0,-157965158,20,0,0,0,0,21983,341,-137578,1,0
11,1267,2,,2916668,2915604,2916668,2915604,2916668,2918796,2915604,2916668,0,22836,0,61183,293,-37,8250,681864,-714385,-88883236,2855,-1428770,2183468,3349052,-16777216,-16777216,0,0,0,0,4424548,2,1,62733945,151,16777216,32510,42,0,0,0,2924648,62819,54969,147269,128269,1279,1346,6824,47818876,15039354,0,42,0,4,0,33,211989,23035,527,-208,0,1257,545,6824,47818876,15039354,0,4108,4083,0,1,20341512,20280641,4195330,2915604,2916668,5,0,0,0,0,171,-10,-10,891,22510,90000,545,112847,816,0,273,2730,0,0,1286,-1,0,0,0,-27,4097,0,-221,0,19136753,0,0,0,0,2919328,56611321,56831041,57050761,0,35167,0,0,586643,12420788,18601,2126858668,0,-157965158,20,0,0,0,0,22508,330,-714385,1,0
12,1400,2,,2916668,2915604,2916668,2915604,2916668,2918796,2915604,2916668,0,23904,0,61824,322,-11,8250,897060,-234793,-1520539000,2991,-469586,2183468,3349052,-16777216,-16777216,0,0,0,0,4424548,2,1,62781217,151,16777216,32510,42,0,0,0,2924648,62819,54969,147269,128269,1279,1346,6824,47818876,15039354,0,42,0,4,0,33,209476,24102,534,-179,0,1262,551,6824,47818876,15039354,0,4108,4083,0,1,20341512,20280016,4195330,2915604,2916668,3,0,0,0,0,168,-11,-11,895,23570,90000,551,112811,855,0,273,2730,0,0,1286,-1,0,0,0,-27,4097,0,-221,0,19136753,0,0,0,0,2919328,56611321,56831041,57050761,0,35167,0,0,539514,12421448,18451,2128447220,0,-157965158,20,0,0,0,0,23568,333,-234793,1,0
13,1467,2,,2916668,2915604,2916668,2915604,2916668,2918796,2915604,2916668,0,24441,0,62173,376,54,8250,1704283,807223,-88883234,3059,1614446,2183468,3349052,-16777216,-16777216,0,0,0,0,4424548,2,1,62805658,151,16777216,32510,42,0,0,0,2924648,62819,54969,147269,128269,1279,1346,6824,47818876,15039354,0,42,0,4,0,33,208170,24640,538,-113,0,1265,554,6824,47818876,15039354,0,4108,4083,0,1,20341512,20279688,4195330,2915604,2916668,2,0,0,0,0,167,-12,-12,897,24104,90000,554,112790,875,0,273,2730,0,0,1286,-1,0,0,0,-27,4097,0,-221,0,19136753,0,0,0,0,2919328,56611321,56831041,57050761,0,35167,0,0,515147,12421772,18369,2129268548,0,-157965158,20,0,0,0,0,24102,322,807223,1,0
14,1600,2,,2916668,2915604,2916668,2915604,2916668,2918796,2915604,2916668,0,25520,0,62876,314,-44,8250,669326,-795899,-1520538998,3197,-1591798,2183468,3349052,-16777216,-16777216,0,0,0,0,4424548,2,1,62856159,151,16777216,32510,42,0,0,0,2924648,62819,54969,147269,128269,1279,1346,6824,47818876,15039354,0,42,0,4,0,33,205462,25716,538,-208,0,1272,559,6824,47818876,15039354,0,4108,4083,0,1,20341512,20278972,4195330,2915604,2916668,15,0,0,0,0,164,-13,-13,902,25180,90000,559,112729,914,0,273,2730,0,0,1286,-1,0,0,0,-27,4097,0,-221,0,19136753,0,0,0,0,2919328,56611321,56831041,57050761,0,35167,0,0,464801,12422412,18203,2130965608,0,-157965158,20,0,0,0,0,25178,358,-795899,1,0
15,1667,2,,2916668,2915604,2916668,2915604,2916668,2918796,2915604,2916668,0,26063,0,63198,331,17,8250,740431,71105,-88883232,3266,142210,2183468,3349052,-16777216,-16777216,0,0,0,0,4424548,2,1,62882222,151,16777216,32510,42,0,0,0,2924648,62819,54969,147269,128269,1279,1346,6824,47818876,15039354,0,42,0,4,0,33,204060,26260,544,-146,0,1273,562,6824,47818876,15039354,0,4108,4083,0,1,20341512,20278636,4195330,2915604,2916668,14,0,0,0,0,163,-13,-13,903,25717,90000,562,112719,934,0,273,2730,0,0,1286,-1,0,0,0,-27,4097,0,-221,0,19136753,0,0,0,0,2919328,56611321,56831041,57050761,0,35167,0,0,438817,12422648,18126,2131841442,0,-157965158,20,0,0,0,0,25716,314,71105,1,0
16,1800,2,,2916668,2915604,2916668,2915604,2916668,2918796,2915604,2916668,0,27158,0,63817,307,7,8250,24887,-76661,-1520538996,3405,-153322,2183468,3349052,-16777216,-16777216,0,0,0,0,4424548,2,1,62935988,151,16777216,32510,42,0,0,0,2924648,62819,54969,147269,128269,1279,1346,6824,47818876,15039354,0,42,0,4,0,33,201121,27355,550,-153,0,1280,570,6824,47818876,15039354,0,4108,4083,0,1,20341512,20277998,4195330,2915604,2916668,12,0,0,0,0,160,-15,-15,908,26806,90000,570,112648,974,0,273,2730,0,0,1286,-1,0,0,0,-27,4097,0,-221,0,19136753,0,0,0,0,2919328,56611321,56831041,57050761,0,35167,0,0,385218,12423180,17981,2133648222,0,-157965158,20,0,0,0,0,26805,300,-76661,1,0
17,1867,2,,2916668,2915604,2916668,2915604,2916668,2918796,2915604,2916668,0,27710,0,64111,280,-27,8250,-571057,-595944,-88883230,3476,-1191888,2183468,3349052,-16777216,-16777216,0,0,0,0,4424548,2,1,62963698,151,16777216,32510,42,0,0,0,2924648,62819,54969,147269,128269,1279,1346,6824,47818876,15039354,0,42,0,4,0,33,199631,27905,550,-186,0,1283,572,6824,47818876,15039354,0,4108,4083,0,1,20341512,20277695,4195330,2915604,2916668,11,0,0,0,0,159,-15,-15,910,27356,90000,572,112513,995,0,273,2730,0,0,1286,-1,0,0,0,-27,4097,0,-221,0,19136753,0,0,0,0,2919328,56611321,56831041,57050761,0,35167,0,0,357596,12423479,17911,2134579402,0,-157965158,20,0,0,0,0,27355,307,-595944,1,0
18,2000,2,,2916668,2915604,2916668,2915604,2916668,2918796,2915604,2916668,0,28826,0,64690,274,-28,8250,-957993,-567730,-1520538994,3617,-1135460,2183468,3349052,-16777216,-16777216,0,0,0,0,4424548,2,1,63020787,151,16777216,32510,42,0,0,0,2924648,62819,54969,147269,128269,1279,1346,6824,47818876,15039354,0,42,0,4,0,33,196552,29014,555,-185,0,1288,578,6824,47818876,15039354,0,4109,4083,0,1,20341512,20277110,4195330,2915604,2916668,9,0,0,0,0,157,-16,-16,914,28460,90000,578,112312,1037,0,273,2730,0,0,1286,-1,0,0,0,-27,4097,0,-221,0,19136753,0,0,0,0,2919328,56611321,56831041,57050761,0,35167,0,0,300685,12423832,17775,2136497850,0,-157965158,20,0,0,0,0,28459,302,-567730,1,0
19,2067,2,,2916668,2915604,2916668,2915604,2916668,2918796,2915604,2916668,0,29384,0,64943,231,-43,8250,-1811213,-853220,-88883228,3689,-1706440,2183468,3349052,-16777216,-16777216,0,0,0,0,4424548,2,1,63050171,151,16777216,32510,42,0,0,0,2924648,62819,54969,147269,128269,1279,1346,6824,47818876,15039354,0,42,0,4,0,33,194956,29570,556,-198,0,1292,580,6824,47818876,15039354,0,4109,4082,0,1,20341512,20276822,4195330,2915604,2916668,8,0,0,0,0,155,-17,-17,917,29015,90000,580,112312,1058,0,273,2730,0,0,1286,-1,0,0,0,-27,4097,0,-221,0,19136753,0,0,0,0,2919328,56611321,56831041,57050761,0,35167,0,0,271395,12424028,17716,2137485284,0,-157965158,20,0,0,0,0,29014,274,-853220,1,0
20,2200,2,,2916668,2915604,2916668,2915604,2916668,2918796,2915604,2916668,0,30508,0,65395,212,-18,8250,-2434076,-428993,-1520538992,3832,-857986,2183468,3349052,-16777216,-16777216,0,0,0,0,4424548,2,1,63110622,151,16777216,32510,42,0,0,0,2924648,62819,54969,147269,128269,1279,1346,6824,47818876,15039354,0,42,0,4,0,33,191664,30695,564,-170,0,1300,588,6824,47818876,15039354,0,4109,4082,0,1,20341512,20276338,4195330,2915604,2916668,6,0,0,0,0,152,-18,-18,923,30131,90000,588,112234,1099,0,273,2730,0,0,1286,-1,0,0,0,-27,4097,0,-221,0,19136753,0,0,0,0,2919328,56611321,56831041,57050761,0,35167,0,0,211137,12424424,17610,2139516710,0,-157965158,20,0,0,0,0,30131,230,-428993,1,0
21,2267,2,,2916668,2915604,2916668,2915604,2916668,2918796,2915604,2916668,0,31075,0,65614,227,15,8250,-2298174,135902,-88883226,3905,271804,2183468,3349052,-16777216,-16777216,0,0,0,0,4424548,2,1,63141697,151,16777216,32510,42,0,0,0,2924648,62819,54969,147269,128269,1279,1346,6824,47818876,15039354,0,42,0,4,0,33,189968,31261,566,-135,0,1302,590,6824,47818876,15039354,0,4109,4082,0,1,20341512,20276117,4195330,2915604,2916668,5,0,0,0,0,150,-19,-19,925,30695,90000,590,112166,1120,0,273,2730,0,0,1286,-1,0,0,0,-27,4097,0,-221,0,19136753,0,0,0,0,2919328,56611321,56831041,57050761,0,35167,0,0,180161,12424490,17559,2140560970,0,-157965158,20,0,0,0,0,30695,212,135902,1,0
22,2400,2,,2916668,2915604,2916668,2915604,2916668,2918796,2915604,2916668,0,32214,0,66030,195,-10,8250,-2934363,-231027,-1520538990,4050,-462054,2183468,3349052,-16777216,-16777216,0,0,0,0,4424548,2,1,63205554,151,16777216,32510,42,0,0,0,2924648,62819,54969,147269,128269,1279,1346,6824,47818876,15039354,0,42,0,4,0,33,186215,32398,570,-157,0,1310,597,6824,47818876,15039354,0,4109,4082,0,1,20341512,20275682,4195330,2915604,2916668,3,0,0,0,0,147,-21,-21,931,31828,90000,597,112018,1163,0,273,2730,0,0,1286,-1,0,0,0,-27,4097,0,-221,0,19136753,0,0,0,0,2919328,56611321,56831041,57050761,0,35167,0,0,116510,12424660,17461,2142706852,0,-157965158,20,0,0,0,0,31828,205,-231027,1,0
23,2467,2,,2916668,2915604,2916668,2915604,2916668,2918796,2915604,2916668,0,32786,0,66212,169,-26,8250,-3409878,-475515,-88883224,4123,-951030,2183468,3349052,-16777216,-16777216,0,0,0,0,4424548,2,1,63238340,151,16777216,32510,42,0,0,0,2924648,62819,54969,147269,128269,1279,1346,6824,47818876,15039354,0,42,0,4,0,33,184414,32971,573,-171,0,1313,600,6824,47818876,15039354,0,4109,4082,0,1,20341512,20275482,4195330,2916136,2916668,2,0,0,0,0,145,-21,-21,933,32398,90000,600,111949,1185,0,273,2730,0,0,1286,-1,0,0,0,-27,4097,0,-221,0,19136753,0,0,0,0,2919328,56611321,56831041,57050761,0,35167,0,0,83830,12424684,17418,2143808610,0,-157965158,20,0,0,0,0,32398,195,-475515,1,0
24,2600,2,,2916668,2915604,2916668,2915604,2916668,2918796,2915604,2916668,0,33941,0,66540,149,-19,8250,-3803124,-327814,-1520538988,4270,-655628,2183468,3349052,-16777216,-16777216,0,0,0,0,4424548,2,1,63305644,151,16777216,32510,42,0,0,0,2924648,62819,54969,147269,128269,1279,1346,6824,47818876,15039354,0,42,0,4,0,33,180711,34124,577,-160,0,1321,606,6824,47818876,15039354,0,4109,4082,0,1,20341512,20275131,4195330,2916136,2916668,15,0,0,0,0,141,-23,-23,939,33547,90000,606,111706,1230,0,273,2730,0,0,1286,-1,0,0,0,-27,4097,0,-220,0,19136753,0,0,0,0,2919328,56611321,56831041,57050761,0,35167,0,0,16745,12424562,17341,2146070326,0,-157965158,20,0,0,0,0,33547,168,-327814,1,0
25,2667,2,,2916668,2915604,2916668,2915604,2916668,2918796,2915604,2916668,0,34522,0,66674,119,-30,8250,-4305146,-502022,-88883222,4344,-1004044,2183468,3349052,-16777216,-16777216,0,0,0,0,4424548,2,1,63340166,151,16777216,32510,42,0,0,0,2924648,62819,54969,147269,128269,1279,1346,6824,47818876,15039354,0,42,0,4,0,33,178807,34704,580,-169,0,1326,610,6824,47818876,15039354,0,4109,4082,0,1,20341512,20274972,4195330,2916136,2916668,14,0,0,0,0,139,-24,-24,943,34124,90000,610,111706,1251,0,273,2730,0,0,1286,-1,0,0,0,-27,4097,0,-220,0,19136753,0,0,0,0,2919328,56611321,56831041,57050761,0,35167,0,0,-17664,12424533,17309,2147230422,0,-157965158,20,0,0,0,0,34124,149,-502022,1,0
26,2800,2,,2916668,2915604,2916668,2915604,2916668,2918796,2915604,2916668,0,35689,0,66861,64,-31,8250,-5256760,-527805,-1520538986,4491,-1055610,2183468,3349052,2703,-16777216,0,654,0,0,4424548,2,1,51857,150,16777216,32510,41,0,0,1,2924648,62819,54969,147269,128269,1279,1346,6824,47818876,15039354,0,42,0,4,0,33,174911,35870,584,-167,0,1333,616,6824,47818876,15039354,0,4109,4082,0,1,20644179,20577398,4195330,2916136,2916668,12,0,0,0,0,136,-26,-26,948,35286,90000,616,111441,1296,0,273,2730,0,0,1286,-1,0,0,0,-26,4097,0,-220,0,19136753,0,0,0,0,2919328,56611321,56831041,57050761,0,35167,0,0,-88209,12424177,17266,-2145384034,0,-157965158,0,0,0,0,0,35286,95,-527805,1,0
27,2867,2,,2916668,2915604,2916668,2915604,2916668,2918796,2915604,2916668,0,36277,0,66905,23,-41,8250,-5932959,-676199,-88883220,4568,-1352398,2183468,3349052,2703,-16777216,0,654,0,0,4424548,2,1,88134,150,16777216,32510,41,0,0,1,2924648,62819,54969,147269,128269,1279,1346,6824,47818876,15039354,0,42,0,4,0,33,172903,36458,588,-175,0,1339,620,6824,47818876,15039354,0,4109,4082,0,1,20644179,20577318,4195330,2916136,2916668,11,0,0,0,0,134,-26,-26,952,35870,90000,620,111441,1318,0,273,2730,0,0,1286,-1,0,0,0,-26,4097,0,-220,0,19136753,0,0,0,0,2919328,56611321,56831041,57050761,0,35167,0,0,-124368,12424022,17256,-2144182838,0,-157965158,0,0,0,0,0,35870,64,-676199,1,0
28,3000,2,,2916668,2915604,2916668,2915604,2916668,2918796,2915604,2916668,0,37461,0,66869,-48,-24,8250,-7095658,-390785,-1520538984,4719,-781570,2183468,3349052,2703,-16777216,0,654,0,0,4424548,2,1,162463,150,16777216,32510,41,0,0,1,2924648,62819,54969,147269,128269,1279,1346,6824,47818876,15039354,0,42,0,4,0,33,168779,37641,593,-154,0,1348,627,6824,47818876,15039354,0,4109,4082,0,1,20644179,20577274,4195330,2916136,2916668,9,0,0,0,0,130,-28,-28,959,37048,90000,627,111355,1362,0,273,2730,0,0,1286,-1,0,0,0,-26,4097,0,-220,0,19136753,0,0,0,0,2919328,56611321,56831041,57050761,0,35167,0,0,-198454,12423541,17264,-2141721674,0,-157965158,0,0,0,0,0,37048,-24,-390785,1,0
29,3067,2,,2916668,2915604,2916668,2915604,2916668,2918796,2915604,2916668,0,38057,0,66807,-77,-29,8250,-7539937,-444279,-88883218,4795,-888558,2183468,3349052,2703,-16777216,0,654,0,0,4424548,2,1,200520,150,16777216,32510,41,0,0,1,2924648,62819,54969,147269,128269,1279,1346,6824,47818876,15039354,0,42,0,4,0,33,166663,38236,595,-157,0,1352,630,6824,47818876,15039354,0,4109,4082,0,1,20644179,20577310,4195330,2916136,2916668,8,0,0,0,0,128,-29,-29,962,37641,90000,630,111222,1386,0,273,2730,0,0,1286,-1,0,0,0,-26,4097,0,-220,0,19136753,0,0,0,0,2919328,56611321,56831041,57050761,0,35167,0,0,-236387,12423254,17279,-2140461540,0,-157965158,0,0,0,0,0,37641,-48,-444279,1,0
30,3200,2,,2916668,2915604,2916668,2915604,2916668,2918796,2915604,2916668,0,39258,0,66617,-121,-29,8250,-8111302,-387913,-1520538982,4948,-775826,2183468,3349052,2703,-16777216,0,654,0,0,4424548,2,1,278434,150,16777216,32510,41,0,0,1,2924648,62819,54969,147269,128269,1279,1346,6824,47818876,15039354,0,42,0,4,0,33,162318,39436,601,-152,0,1361,637,6824,47818876,15039354,0,4109,4082,0,1,20644179,20577456,4195330,2926244,2916668,6,0,0,0,0,123,-31,-31,969,38835,90000,637,111124,1431,0,273,2730,0,0,1286,-1,0,0,0,-26,4097,0,-220,0,19136753,0,0,0,0,2919328,56611321,56831041,57050761,0,35167,0,0,-314045,12422505,17324,-2137881668,0,-157965158,0,0,0,0,0,38835,-92,-387913,1,0
31,3267,2,,2916668,2915604,2916668,2915604,2916668,2918796,2915604,2916668,0,39861,0,66479,-155,-34,8250,-8568013,-456711,-88883216,5025,-913422,2183468,3349052,2703,-16777216,0,654,0,0,4424548,2,1,318295,150,16777216,32510,41,0,0,1,2924648,62819,54969,147269,128269,1279,1346,6824,47818876,15039354,0,42,0,4,0,33,160088,40037,601,-155,0,1366,639,6824,47818876,15039354,0,4109,4082,0,1,20644179,20577562,4195330,2926244,2916668,5,0,0,0,0,121,-32,-32,973,39436,90000,639,111115,1453,0,273,2730,0,0,1286,-1,0,0,0,-26,4097,0,-220,0,19136753,0,0,0,0,2919328,56611321,56831041,57050761,0,35167,0,0,-353775,12422033,17356,-2136561800,0,-157965158,0,0,0,0,0,39436,-121,-456711,1,0
32,3400,2,,2916668,2915604,2916668,2915604,2916668,2918796,2915604,2916668,0,41075,0,66145,-190,-28,8250,-8929684,-326183,-1520538980,5179,-652366,2183468,3349052,2703,-16777216,0,654,0,0,4424548,2,1,399837,150,16777216,32510,41,0,0,1,2924648,62819,54969,147269,128269,1279,1346,6824,47818876,15039354,0,42,0,4,0,33,155511,41251,607,-145,0,1376,646,6824,47818876,15039354,0,4109,4082,0,1,20644179,20577858,4195330,2926244,2916668,3,0,0,0,0,117,-34,-34,980,40644,90000,646,111059,1499,0,273,2730,0,0,1286,-1,0,0,0,-26,4097,0,-220,0,19136753,0,0,0,0,2919328,56611321,56831041,57050761,0,35167,0,0,-435048,12420929,17435,-2133861800,0,-157965158,0,0,0,0,0,40644,-162,-326183,1,0
33,3467,2,,2916668,2915604,2916668,2915604,2916668,2918796,2915604,2916668,0,41686,0,65955,-190,0,8250,-8808938,120746,-88883214,5257,241492,2183468,3349052,2703,-16777216,0,654,0,0,4424548,2,1,441523,150,16777216,32510,41,0,0,1,2924648,62819,54969,147269,128269,1279,1346,6824,47818876,15039354,0,42,0,4,0,33,153165,41862,611,-115,0,1381,650,6824,47818876,15039354,0,4109,4082,0,1,20644179,20578034,4195330,2926244,2916668,2,0,0,0,0,115,-35,-35,984,41251,90000,650,111058,1521,0,273,2730,0,0,1286,-1,0,0,0,-26,4097,0,-220,0,19136753,0,0,0,0,2919328,56611321,56831041,57050761,0,35167,0,0,-476595,12420226,17479,-2132481504,0,-157965158,0,0,0,0,0,41251,-190,120746,1,0
34,3600,2,,2916668,2915604,2916668,2915604,2916668,2918796,2915604,2916668,0,42915,0,65521,-249,-34,8250,-9434519,-383599,-1520538978,5414,-767198,2183468,3349052,2703,-16777216,0,654,0,0,4424548,2,1,526738,150,16777216,32510,41,0,0,1,2924648,62819,54969,147269,128269,1279,1346,6824,47818876,15039354,0,42,0,4,0,33,148357,43089,615,-144,0,1390,657,6824,47818876,15039354,0,4109,4082,0,1,20644179,20578426,4195330,2926244,2916668,15,0,0,0,0,110,-37,-37,991,42474,90000,657,111065,1566,0,273,2730,0,0,1286,-1,0,0,0,-26,4097,0,-219,0,19136753,0,0,0,0,2919328,56611321,56831041,57050761,0,35167,0,0,-561524,12418643,17582,-2129659884,0,-157965158,0,0,0,0,0,42474,-215,-383599,1,0
35,3667,2,,2916668,2915604,2916668,2915604,2916668,2918796,2915604,2916668,0,43533,0,65258,-277,-28,8250,-9702570,-268051,-88883212,5493,-536102,2183468,3349052,2703,-16777216,0,654,0,0,4424548,2,1,570271,150,16777216,32510,41,0,0,1,2924648,62819,54969,147269,128269,1279,1346,6824,47818876,15039354,0,42,0,4,0,33,145930,43705,616,-135,0,1397,659,6824,47818876,15039354,0,4109,4083,0,1,20644179,20578658,4195330,2926244,2916668,14,0,0,0,0,107,-38,-38,996,43089,90000,659,111118,1588,0,273,2730,0,0,1286,-1,0,0,0,-26,4097,0,-219,0,19136753,0,0,0,0,2919328,56611321,56831041,57050761,0,35167,0,0,-604910,12417708,17643,-2128218428,0,-157965158,0,0,0,0,0,43089,-249,-268051,1,0
36,3800,2,,2916668,2915604,2916668,2915604,2916668,2918796,2915604,2916668,0,44764,0,64707,-288,-19,8250,-9521724,-109520,-1520538976,5650,-219040,2183468,3349052,2703,-16777216,0,654,0,0,4424548,2,1,659178,150,16777216,32510,41,0,0,1,2924648,62819,54969,147269,128269,1279,1346,6824,47818876,15039354,0,42,0,4,0,33,140874,44946,621,-121,0,1408,666,6824,47818876,15039354,0,4108,4083,0,1,20644179,20579194,4195330,2926244,2916668,12,0,0,0,0,102,-41,-41,1004,44325,90000,666,111139,1633,0,273,2730,0,0,1286,-1,0,0,0,-26,4097,0,-219,0,19136753,0,0,0,0,2919328,56611321,56831041,57050761,0,35167,0,0,-693513,12415583,17773,-2125274560,0,-157965158,0,0,0,0,0,44325,-269,-109520,1,0
37,3867,2,,2916668,2915604,2916668,2915604,2916668,2918796,2915604,2916668,0,45388,0,64410,-306,-18,8250,-9602677,-80953,-88883210,5729,-161906,2183468,3349052,2703,-16777216,0,654,0,0,4424548,2,1,704566,150,16777216,32510,41,0,0,1,2924648,62819,54969,147269,128269,1279,1346,6824,47818876,15039354,0,42,0,4,0,33,138293,45569,623,-117,0,1414,669,6824,47818876,15039354,0,4108,4083,0,1,20644179,20579472,4195330,2923584,2916668,11,0,0,0,0,99,-42,-42,1009,44946,90000,669,111235,1655,0,273,2730,0,0,1286,-1,0,0,0,-26,4097,0,-219,0,19136753,0,0,0,0,2919328,56611321,56831041,57050761,0,35167,0,0,-738743,12414353,17843,-2123771684,0,-157965158,0,0,0,0,0,44946,-288,-80953,1,0
38,4000,2,,2916668,2915604,2916668,2915604,2916668,2918796,2915604,2916668,0,46647,0,63837,-277,4,8250,-8778520,253944,-1520538974,5890,507888,2183468,3349052,2703,-16777216,0,654,0,0,4424548,2,1,797229,150,16777216,32510,41,0,0,1,2924648,62819,54969,147269,128269,1279,1346,6824,47818876,15039354,0,42,0,4,0,33,133013,46827,629,-90,0,1424,676,6824,47818876,15039354,0,4108,4083,0,1,20644179,20580063,4195330,2923584,2916668,9,0,0,0,0,94,-44,-44,1017,46198,90000,676,111247,1700,0,273,2730,0,0,1286,-1,0,0,0,-26,4097,0,-219,0,19136753,0,0,0,0,2919328,56611321,56831041,57050761,0,35167,0,0,-831076,12411511,17978,-2120703448,0,-157965158,0,0,0,0,0,46198,-281,253944,1,0
39,4067,2,,2916668,2915604,2916668,2915604,2916668,2918796,2915604,2916668,0,47280,0,63556,-286,-9,8250,-8716023,62497,-88883208,5970,124994,2183468,3349052,2703,-16777216,0,654,0,0,4424548,2,1,844509,150,16777216,32510,41,0,0,1,2924648,62819,54969,147269,128269,1279,1346,6824,47818876,15039354,0,42,0,4,0,33,130311,47459,632,-100,0,1431,680,6824,47818876,15039354,0,4108,4083,0,1,20644179,20580342,4195330,2923584,2916668,8,0,0,0,0,91,-45,-45,1022,46827,90000,680,111287,1723,0,273,2730,0,0,1286,-1,0,0,0,-26,4097,0,-219,0,19136753,0,0,0,0,2919328,56611321,56831041,57050761,0,35167,0,0,-878183,12409912,18044,-2119137924,0,-157965158,0,0,0,0,0,46827,-277,62497,1,0
40,4200,2,,2916668,2915604,2916668,2915604,2916668,2918796,2915604,2916668,0,48550,0,62994,-262,26,8250,-7946297,596041,-1520538972,6133,1192082,2183468,3349052,2703,-16777216,0,654,0,0,4424548,2,1,940973,150,16777216,32510,41,0,0,1,2924648,62819,54969,147269,128269,1279,1346,6824,47818876,15039354,0,42,0,4,0,33,124785,48729,637,-59,0,1443,687,6824,47818876,15039354,0,4108,4083,0,1,20644179,20580910,4195330,2923584,2916668,6,0,0,0,0,85,-48,-48,1031,48092,90000,687,111282,1770,0,273,2730,0,0,1286,-1,0,0,0,-26,4097,0,-219,0,19136753,0,0,0,0,2919328,56611321,56831041,57050761,0,35167,0,0,-974283,12406237,18176,-2115943830,0,-157965158,0,0,0,0,0,48092,-288,596041,1,0
41,4334,2,,2916668,2915604,2916668,2915604,2916668,2918796,2915604,2916668,0,49191,0,62736,-253,9,8250,-7629645,316652,-88883206,6214,633304,2183468,3349052,2703,-16777216,0,654,0,0,4424548,2,1,990164,150,16777216,32510,41,0,0,1,2924648,62819,54969,147269,128269,1279,1346,6824,47818876,15039354,0,42,0,4,0,33,121960,49369,640,-74,0,1450,691,6824,47818876,15039354,0,4108,4083,0,1,20644179,20581185,4195330,2923584,2916668,5,0,0,0,0,83,-49,-49,1036,48729,90000,691,111269,1793,0,273,2730,0,0,1286,-1,0,0,0,-26,4097,0,-219,0,19136753,0,0,0,0,2919328,56611321,56831041,57050761,0,35167,0,0,-1023284,12404239,18237,-2114315028,0,-157965158,0,0,0,0,0,48729,-262,316652,1,0
42,4400,2,,2916668,2915604,2916668,2915604,2916668,2918796,2915604,2916668,0,50478,0,62259,-222,17,8250,-6802552,433478,-1520538970,6378,866956,2183468,3349052,2703,-16777216,0,654,0,0,4424548,2,1,1090475,150,16777216,32510,41,0,0,1,2924648,62819,54969,147269,128269,1279,1346,6824,47818876,15039354,0,42,0,4,0,33,116183,50654,644,-60,0,1463,698,6824,47818876,15039354,0,4108,4083,0,1,20644179,20581689,4195330,2923584,2916668,3,0,0,0,0,77,-52,-52,1046,50010,90000,698,111212,1841,0,273,2730,0,0,1286,-1,0,0,0,-26,4097,0,-219,0,19136753,0,0,0,0,2919328,56611321,56831041,57050761,0,35167,0,0,-1123183,12399573,18349,-2110993554,0,-157965158,0,0,0,0,0,50010,-239,433478,1,0
43,4467,2,,2916668,2915604,2916668,2915604,2916668,2918796,2915604,2916668,0,51125,0,62054,-187,35,8250,-6109528,693024,-88883204,6461,1386048,2183468,3349052,2703,-16777216,0,654,0,0,4424548,2,1,1141600,150,16777216,32510,41,0,0,1,2924648,62819,54969,147269,128269,1279,1346,6824,47818876,15039354,0,42,0,4,0,33,113230,51301,647,-39,0,1469,701,6824,47818876,15039354,0,4108,4083,0,1,20644179,20581920,4195330,2923584,2916668,2,0,0,0,0,74,-53,-53,1051,50654,90000,701,111168,1866,0,273,2730,0,0,1286,-1,0,0,0,-26,4097,0,-219,0,19136753,0,0,0,0,2919328,56611321,56831041,57050761,0,35167,0,0,-1174091,12397040,18397,-2109300714,0,-157965158,0,0,0,0,0,50654,-222,693024,1,0
44,4600,2,,2916668,2915604,2916668,2915604,2916668,2918796,2915604,2916668,0,52426,0,61729,-138,24,8250,-5058825,520786,-1520538968,6627,1041572,2183468,3349052,2703,-16777216,0,654,0,0,4424548,2,1,1245801,150,16777216,32510,41,0,0,1,2924648,62819,54969,147269,128269,1279,1346,6824,47818876,15039354,0,42,0,4,0,33,107197,52600,651,-43,0,1484,708,6824,47818876,15039354,0,4108,4083,0,1,20644179,20582300,4195330,2925180,2916668,15,0,0,0,0,67,-56,-56,1062,51949,90000,708,110876,1919,0,273,2730,0,0,1286,-1,0,0,0,-26,4097,0,-218,0,19136753,0,0,0,0,2919328,56611321,56831041,57050761,0,35167,0,0,-1277822,12391312,18474,-2105850436,0,-157965158,0,0,0,0,0,51949,-162,520786,1,0
45,4667,2,,2916668,2915604,2916668,2915604,2916668,2918796,2915604,2916668,0,53080,0,61601,-117,21,8250,-4596766,462059,-88883202,6710,924118,2183468,3349052,2703,-16777216,0,654,0,0,4424548,2,1,1298881,150,16777216,32510,41,0,0,1,2924648,62819,54969,147269,128269,1279,1346,6824,47818876,15039354,0,42,0,4,0,33,104117,53253,653,-43,0,1489,711,6824,47818876,15039354,0,4108,4083,0,1,20644179,20582450,4195330,2925180,2916668,14,0,0,0,0,64,-57,-57,1066,52600,90000,711,110875,1943,0,273,2730,0,0,1286,-1,0,0,0,-26,4097,0,-218,0,19136753,0,0,0,0,2919328,56611321,56831041,57050761,0,35167,0,0,-1330645,12388090,18504,-2104092862,0,-157965158,0,0,0,0,0,52600,-138,462059,1,0
46,4800,2,,2916668,2915604,2916668,2915604,2916668,2918796,2915604,2916668,0,54394,0,61435,-46,38,8250,-3276122,694721,-1520538966,6878,1389442,2183468,3349052,2703,-16777216,0,654,0,0,4424548,2,1,1407011,150,16777216,32510,41,0,0,1,2924648,62819,54969,147269,128269,1279,1346,6824,47818876,15039354,0,42,0,4,0,33,97829,54566,658,-19,0,1505,718,6824,47818876,15039354,0,4108,4083,0,1,20644179,20582679,4195330,2925180,2916668,12,0,0,0,0,57,-60,-60,1078,53908,90000,718,110753,1993,0,273,2730,0,0,1286,-1,0,0,0,-26,4097,0,-218,0,19136753,0,0,0,0,2919328,56611321,56831041,57050761,0,35167,0,0,-1438230,12381161,18543,-2100512486,0,-157965158,0,0,0,0,0,53908,-84,694721,1,0
47,4867,2,,2916668,2915604,2916668,2915604,2916668,2918796,2915604,2916668,0,55054,0,61401,-22,24,8250,-2807128,468994,-88883200,6962,937988,2183468,3349052,2703,-16777216,0,654,0,0,4424548,2,1,1462065,150,16777216,32510,41,0,0,1,2924648,62819,54969,147269,128269,1279,1346,6824,47818876,15039354,0,42,0,4,0,33,94622,55225,659,-30,0,1510,722,6824,47818876,15039354,0,4108,4083,0,1,20644179,20582744,4195330,2925180,2916668,11,0,0,0,0,54,-62,-62,1082,54566,90000,722,110737,2018,0,273,2730,0,0,1286,-1,0,0,0,-26,4097,0,-218,0,19136753,0,0,0,0,2919328,56611321,56831041,57050761,0,35167,0,0,-1492986,12377325,18551,-2098689552,0,-157965158,0,0,0,0,0,54566,-46,468994,1,0
48,5000,2,,2916668,2915604,2916668,2915604,2916668,2918796,2915604,2916668,0,56381,0,61400,24,25,8250,-1915410,461180,-1520538964,7131,922360,2183468,3349052,2703,-16777216,0,654,0,0,4424548,2,1,1574162,150,16777216,32510,41,0,0,1,2924648,62819,54969,147269,128269,1279,1346,6824,47818876,15039354,0,42,0,4,0,33,88083,56550,664,-23,0,1526,729,6824,47818876,15039354,0,4108,4083,0,1,20644179,20582790,4195330,2925180,2916668,9,0,0,0,0,48,-65,-65,1094,55886,90000,729,110676,2068,0,273,2730,0,0,1286,-1,0,0,0,-26,4097,0,-218,0,19136753,0,0,0,0,2919328,56611321,56831041,57050761,0,35167,0,0,-1604442,12369045,18551,-2094977822,0,-157965158,0,0,0,0,0,55886,-1,461180,1,0
49,5067,2,,2916668,2915604,2916668,2915604,2916668,2918796,2915604,2916668,0,57048,0,61436,49,25,8250,-1449086,466324,-88883198,7216,932648,2183468,3349052,2703,-16777216,0,654,0,0,4424548,2,1,1631210,150,16777216,32510,41,0,0,1,2924648,62819,54969,147269,128269,1279,1346,6824,47818876,15039354,0,42,0,4,0,33,84752,57217,667,-19,0,1533,733,6824,47818876,15039354,0,4108,4083,0,1,20644179,20582779,4195330,2925180,2916668,8,0,0,0,0,44,-66,-66,1100,56550,90000,733,110676,2092,0,273,2730,0,0,1286,-1,0,0,0,-26,4097,0,-218,0,19136753,0,0,0,0,2919328,56611321,56831041,57050761,0,35167,0,0,-1661150,12364651,18543,-2093088862,0,-157965158,0,0,0,0,0,56550,24,466324,1,0
50,5200,2,,2916668,2915604,2916668,2915604,2916668,2918796,2915604,2916668,0,58391,0,61576,93,24,8250,-613863,438591,-1520538962,7388,877182,2183468,3349052,2703,-16777216,0,654,0,0,4424548,2,1,1747319,150,16777216,32510,41,0,0,1,2924648,62819,54969,147269,128269,1279,1346,6824,47818876,15039354,0,42,0,4,0,33,77959,58559,673,-13,0,1534,739,6824,47818876,15039354,0,4108,4083,0,1,20644179,20582684,4195330,2920392,2916668,6,1570,2335,0,0,37,-66,-66,1101,57886,90000,739,110735,2141,0,273,2730,0,0,1286,-1,0,0,0,-26,4097,0,-218,0,19136753,0,0,0,0,2919328,56611321,56831041,57050761,0,35167,0,0,-1776506,12354958,18510,-2089244286,0,-157965158,0,0,0,0,0,57886,69,438591,1,0
51,5267,2,,2916668,2915604,2916668,2915604,2916668,2918796,2915604,2916668,0,59068,0,61677,110,17,8250,-272601,341262,-88883196,7474,682524,2183468,3349052,2703,-16777216,0,654,0,0,4424548,2,1,1806387,150,16777216,32510,41,0,0,1,2924648,62819,54969,147269,128269,1279,1346,6824,47818876,15039354,0,42,0,4,0,33,74497,59235,676,-16,0,1541,743,6824,47818876,15039354,0,4108,4083,0,1,20644179,20582603,4195330,2920392,2916668,5,1613,2372,0,0,33,-67,-67,1106,58559,90000,743,110776,2165,0,273,2730,0,0,1286,-1,0,0,0,-26,4097,0,-218,0,19136753,0,0,0,0,2919328,56611321,56831041,57050761,0,35167,0,0,-1835164,12349713,18486,-2087288440,0,-157965158,0,0,0,0,0,58559,93,341262,1,0
52,5400,2,,2916668,2915604,2916668,2915604,2916668,2918796,2915604,2916668,0,60428,0,61922,131,6,8250,240399,195312,-1520538960,7647,390624,2183468,3349052,2703,-16777216,0,654,0,0,4424548,2,1,1926562,150,16777216,32510,41,0,0,1,2924648,62819,54969,147269,128269,1279,1346,6824,47818876,15039354,0,42,0,4,0,33,67434,60593,680,-19,0,1555,750,6824,47818876,15039354,0,4108,4083,0,1,20644179,20582385,4195330,2920392,2916668,3,1699,2441,0,0,25,-70,-70,1117,59913,90000,750,110902,2212,0,273,2730,0,0,1286,-1,0,0,0,-26,4097,0,-218,0,19136753,0,0,0,0,2919328,56611321,56831041,57050761,0,35167,0,0,-1954461,12338591,18428,-2083309234,0,-157965158,0,0,0,0,0,59913,125,195312,1,0
53,5534,2,,2916668,2915604,2916668,2915604,2916668,2918796,2915604,2916668,0,61111,0,62056,137,6,8250,444704,204305,-88883194,7734,408610,2183468,3349052,2703,-16777216,0,654,0,0,4424548,2,1,1987673,150,16777216,32510,41,0,0,1,2924648,62819,54969,147269,128269,1279,1346,6824,47818876,15039354,0,42,0,4,0,33,63832,61276,683,-15,0,1563,755,6824,47818876,15039354,0,4108,4083,0,1,20644179,20582257,4195330,2920392,2916668,2,1741,2473,0,0,21,-72,-72,1123,60593,90000,755,111091,2234,0,273,2730,0,0,1286,-1,0,0,0,-26,4097,0,-218,0,19136753,0,0,0,0,2919328,56611321,56831041,57050761,0,35167,0,0,-2015100,12332672,18397,-2081285740,0,-157965158,0,0,0,0,0,60593,131,204305,1,0
54,5600,2,,2916668,2915604,2916668,2915604,2916668,2918796,2915604,2916668,0,62485,0,62327,131,-5,8250,624265,66900,-1520538958,7910,133800,2183468,3349052,2703,-16777216,0,654,0,0,4424548,2,1,2111955,150,16777216,32510,41,0,0,1,2924648,62819,54969,147269,128269,1279,1346,6824,47818876,15039354,0,42,0,4,0,33,56484,62648,687,-18,0,1578,762,6824,47818876,15039354,0,4108,4083,0,1,20644179,20581986,4195330,2920392,2916668,15,1827,2537,0,0,13,-75,-75,1135,61961,90000,762,111319,2279,0,273,2730,0,0,1286,-1,0,0,0,-26,4097,0,-217,0,19136753,0,0,0,0,2919328,56611321,56831041,57050761,0,35167,0,0,-2138363,12320046,18333,-2077170544,0,-157965158,0,0,0,0,0,61961,136,66900,1,0
55,5734,2,,2916668,2915604,2916668,2915604,2916668,2918796,2915604,2916668,0,63175,0,62450,114,-17,8250,523351,-100914,-88883192,7998,-201828,2183468,3349052,2703,-16777216,0,654,0,0,4424548,2,1,2175130,150,16777216,32510,41,0,0,1,2924648,62819,54969,147269,128269,1279,1346,6824,47818876,15039354,0,42,0,4,0,33,52737,63336,688,-27,0,1586,766,6824,47818876,15039354,0,4108,4083,0,1,20644179,20581852,4195330,2920392,2916668,14,1870,2568,0,0,10,-77,-77,1141,62648,90000,766,111482,2301,0,273,2730,0,0,1286,-1,0,0,0,-26,4097,0,-217,0,19136753,0,0,0,0,2919328,56611321,56831041,57050761,0,35167,0,0,-2200990,12313356,18304,-2075078708,0,-157965158,0,0,0,0,0,62648,131,-100914,1,0
56,5800,2,,2916668,2915604,2916668,2915604,2916668,2918796,2915604,2916668,0,64553,0,62658,89,-17,8250,512834,-55908,-1520538956,8174,-111816,2183468,3349052,2703,-16777216,0,654,0,0,4424548,2,1,2303547,150,16777216,32510,41,0,0,1,2924648,62819,54969,147269,128269,1279,1346,6824,47818876,15039354,0,42,0,4,0,33,45098,64710,687,-18,0,1603,767,6824,47818876,15039354,0,4108,4083,0,1,20644179,20581619,4195330,2920392,2916668,12,1955,2627,0,0,1,-80,-80,1154,64023,90000,767,111604,2349,0,273,2730,0,0,1286,-1,0,0,0,-26,4097,0,-217,0,19136753,0,0,0,0,2919328,56611321,56831041,57050761,0,35167,0,0,-2328234,12299215,18255,-2070826592,0,-157965158,0,0,0,0,0,64023,106,-55908,1,0
57,5867,2,,2916668,2915604,2916668,2915604,2916668,2918796,2915604,2916668,0,65241,0,62740,75,-14,8250,507160,-5674,-88883190,8262,-11348,2183468,3349052,2703,-16777216,0,654,0,0,4424548,2,1,2368788,150,16777216,32510,41,0,0,1,2924648,62819,54969,147269,128269,1279,1346,6824,47818876,15039354,0,42,0,4,0,33,41212,65394,684,-11,0,1611,766,6824,47818876,15039354,0,4108,4083,0,1,20644179,20581521,4195330,2926776,2916668,11,1996,2654,0,0,-3,-82,-82,1160,64710,90000,766,111659,2373,0,273,2730,0,0,1286,-1,0,0,0,-26,4097,0,-217,0,19136753,0,0,0,0,2919328,56611321,56831041,57050761,0,35167,0,0,-2392849,12291766,18236,-2068666348,0,-157965158,0,0,0,0,0,64710,89,-5674,1,0
58,6000,2,,2916668,2915604,2916668,2915604,2916668,2918796,2915604,2916668,0,66607,0,62809,-19,-60,8250,-339967,-577869,-1520538954,8438,-1155738,2183468,3349052,2703,-16777216,0,654,0,0,4424548,2,1,2501320,150,16777216,32510,41,0,0,1,2924648,62819,54969,147269,128269,1279,1346,6824,47818876,15039354,0,42,0,4,0,33,33322,66754,679,-48,0,1627,765,6824,47818876,15039354,0,4108,4083,0,1,20644179,20581381,4195330,2926776,2916668,9,2079,2707,0,0,-12,-85,-85,1173,66075,90000,765,111771,2421,0,273,2730,0,0,1286,-1,0,0,0,-26,4097,0,-217,0,19136753,0,0,0,0,2919328,56611321,56831041,57050761,0,35167,0,0,-2524044,12276086,18220,-2064277978,0,-157965158,0,0,0,0,0,66075,41,-577869,1,0
59,6067,2,,2916668,2915604,2916668,2915604,2916668,2918796,2915604,2916668,0,67287,0,62767,-66,-47,8250,-702276,-362309,-88883188,8525,-724618,2183468,3349052,2703,-16777216,0,654,0,0,4424548,2,1,2568607,150,16777216,32510,41,0,0,1,2924648,62819,54969,147269,128269,1279,1346,6824,47818876,15039354,0,42,0,4,0,33,29326,67431,677,-31,0,1637,765,6824,47818876,15039354,0,4108,4083,0,1,20644179,20581370,4195330,2926776,2916668,8,2120,2732,0,0,-16,-87,-87,1180,66754,90000,765,111786,2445,0,273,2730,0,0,1286,-1,0,0,0,-26,4097,0,-217,0,19136753,0,0,0,0,2919328,56611321,56831041,57050761,0,35167,0,0,-2590617,12267837,18230,-2062049988,0,-157965158,0,0,0,0,0,66754,-19,-362309,1,0
60,6200,2,,2916668,2915604,2916668,2915604,2916668,2918796,2915604,2916668,0,68641,0,62517,-182,-55,8250,-1639805,-407958,-1520538952,8699,-815916,2183468,3349052,2703,-16777216,0,654,0,0,4424548,2,1,2705213,150,16777216,32510,41,0,0,1,2924648,62819,54969,147269,128269,1279,1346,6824,47818876,15039354,0,42,0,4,0,33,21245,68779,674,-30,0,1653,765,6824,47818876,15039354,0,4108,4083,0,1,20644179,20581508,4195330,2926776,2916668,6,2199,2778,0,0,-25,-90,-90,1193,68105,90000,765,112194,2486,0,273,2730,0,0,1286,-1,0,0,0,-26,4097,0,-217,0,19136753,0,0,0,0,2919328,56611321,56831041,57050761,0,35167,0,0,-2725720,12250655,18288,-2057526720,0,-157965158,0,0,0,0,0,68105,-127,-407958,1,0
61,6267,2,,2916668,2915604,2916668,2915604,2916668,2918796,2915604,2916668,0,69315,0,62297,-258,-76,8250,-2322994,-683189,-88883186,8786,-1366378,2183468,3349052,2703,-16777216,0,654,0,0,4424548,2,1,2774528,150,16777216,32510,41,0,0,1,2924648,62819,54969,147269,128269,1279,1346,6824,47818876,15039354,0,42,0,4,0,33,17162,69450,671,-48,0,1661,764,6824,47818876,15039354,0,4108,4083,0,1,20644179,20581662,4195330,2926776,2916668,5,2238,2799,0,0,-28,-92,-92,1199,68779,90000,764,112234,2510,0,273,2730,0,0,1286,-1,0,0,0,-26,4097,0,-217,0,19136753,0,0,0,0,2919328,56611321,56831041,57050761,0,35167,0,0,-2794254,12241783,18340,-2055231578,0,-157965158,0,0,0,0,0,68779,-182,-683189,1,0
62,6400,2,,2916668,2915604,2916668,2915604,2916668,2918796,2915604,2916668,0,70657,0,61636,-409,-81,8250,-3551438,-675725,-1520538950,8958,-1351450,2183468,3349052,2703,-16777216,0,654,0,0,4424548,2,1,2915172,150,16777216,32510,41,0,0,1,2924648,62819,54969,147269,128269,1279,1346,6824,47818876,15039354,0,42,0,4,0,33,8912,70786,667,-44,0,1679,764,6824,47818876,15039354,0,4108,4083,0,1,20644179,20582175,4195330,2926776,2916668,3,2313,2838,0,0,-37,-96,-96,1213,70119,90000,764,112562,2551,0,273,2730,0,0,1286,-1,0,0,0,-26,4097,0,-217,0,19136753,0,0,0,0,2919328,56611321,56831041,57050761,0,35167,0,0,-2933221,12223064,18496,-2050574606,0,-157965158,0,0,0,0,0,70119,-328,-675725,1,0
63,6467,2,,2916668,2915604,2916668,2915604,2916668,2918796,2915604,2916668,0,71325,0,61185,-493,-84,8250,-4224511,-673073,-88883184,9044,-1346146,2183468,3349052,2703,-16777216,0,654,0,0,4424548,2,1,2986497,150,16777216,32510,41,0,0,1,2924648,62819,54969,147269,128269,1279,1346,6824,47818876,15039354,0,42,0,4,0,33,4744,71450,664,-42,0,1686,763,6824,47818876,15039354,0,4108,4083,0,1,20644179,20582543,4195330,2926776,2916668,2,2350,2856,0,0,-42,-98,-98,1219,70787,90000,763,112859,2569,0,273,2730,0,0,1286,-1,0,0,0,-26,4097,0,-217,0,19136753,0,0,0,0,2919328,56611321,56831041,57050761,0,35167,0,0,-3003661,12213292,18602,-2048212910,0,-157965158,0,0,0,0,0,70786,-409,-673073,1,0
64,6600,2,,2915604,2918796,2915604,2918796,2916668,2918796,2918796,2915604,0,72654,0,60060,-626,-60,8250,-5050275,-329241,-1520538948,9214,-658482,2183468,3349052,2703,-16777216,0,654,0,0,4424548,2,1,3131141,150,16777216,32510,41,0,0,1,2924648,62819,54969,147269,128269,1279,1346,6824,47818876,15039354,0,42,0,4,0,33,233655,72774,661,-9,0,1704,762,6824,47818876,15039354,0,4108,4083,0,1,20644179,20583523,4195330,2914008,2916668,15,2427,2896,0,0,-51,-101,-101,1233,72115,90000,762,113400,2604,0,273,2730,0,0,1286,-1,0,0,0,-26,4097,0,-216,0,19136753,0,0,0,0,2919328,56611321,56831041,57050761,0,35167,0,0,-3146458,12193060,18867,-2043423490,0,-157965158,0,0,0,0,0,72113,-566,-329241,1,0
65,6667,2,,2915604,2918796,2915604,2918796,2916668,2918796,2918796,2915604,0,73298,0,59383,-728,-102,8250,-5908958,-858683,-88883182,9299,-1717366,2183468,3349052,2703,-16777216,0,654,0,0,4424548,2,1,3204439,150,16777216,32510,41,0,0,1,2924648,62819,54969,147269,128269,1279,1346,6824,47818876,15039354,0,42,0,4,0,33,233545,73432,658,-46,0,1714,762,6824,47818876,15039354,0,4107,4084,0,1,20644179,20584119,4195330,2914008,2916668,14,2466,2915,0,0,-56,-103,-103,1240,72776,90000,762,113635,2623,0,273,2730,0,0,1286,-1,0,0,0,-26,4097,0,-216,0,19136753,0,0,0,0,2919328,56611321,56831041,57050761,0,35167,0,0,-3218777,12182486,19026,-2040996464,0,-157965158,0,0,0,0,0,72774,-626,-858683,1,0
66,6800,2,,2915604,2918796,2915604,2918796,2916668,2918796,2918796,2915604,0,74613,0,57899,-743,6,8250,-5230106,476495,-1520538946,9466,952990,2183468,3349052,2703,-16777216,0,654,0,0,4424548,2,1,3353009,150,16777216,32510,41,0,0,1,2924648,62819,54969,147269,128269,1279,1346,6824,47818876,15039354,0,42,0,4,0,33,233188,74742,653,70,0,1730,762,6824,47818876,15039354,0,4107,4084,0,1,20644179,20585534,4195330,2914008,2916668,12,2542,2952,0,0,-64,-107,-107,1253,74092,90000,762,113926,2663,0,273,2730,0,0,1286,-1,0,0,0,-26,4097,0,-216,0,19136753,0,0,0,0,2919328,56611321,56831041,57050761,0,35167,0,0,-3365281,12160436,19375,-2036077048,0,-157965158,0,0,0,0,0,74089,-749,476495,1,0
67,6867,2,,2915604,2918796,2915604,2918796,2916668,2918796,2918796,2915604,0,75266,0,57173,-708,35,8250,-4455212,774894,-88883180,9550,1549788,2183468,3349052,2703,-16777216,0,654,0,0,4424548,2,1,3428275,150,16777216,32510,41,0,0,1,2924648,62819,54969,147269,128269,1279,1346,6824,47818876,15039354,0,42,0,4,0,33,232997,75391,649,104,0,1740,762,6824,47818876,15039354,0,4107,4084,0,1,20644179,20586280,4195330,2914008,2916668,11,2582,2972,0,0,-69,-109,-109,1261,74745,90000,762,114159,2681,0,273,2730,0,0,1286,-1,0,0,0,-26,4097,0,-216,0,19136753,0,0,0,0,2919328,56611321,56831041,57050761,0,35167,0,0,-3439447,12148883,19546,-2033584858,0,-157965158,0,0,0,0,0,74742,-743,774894,1,0
68,7000,2,,2915604,2918796,2915604,2918796,2916668,2918796,2918796,2915604,0,76564,0,55873,-580,75,8250,-2431378,1103388,-1520538944,9717,2206776,2183468,3349052,2703,-16777216,0,654,0,0,4424548,2,1,3580755,150,16777216,32510,41,0,0,1,2924648,62819,54969,147269,128269,1279,1346,6824,47818876,15039354,0,42,0,4,0,33,232598,76682,644,153,0,1758,761,6824,47818876,15039354,0,4107,4084,0,1,20644179,20587688,4195330,2914008,2916668,9,2656,3008,0,0,-78,-112,-112,1275,76040,90000,761,114357,2723,0,273,2730,0,0,1286,-1,0,0,0,-26,4097,0,-216,0,19136753,0,0,0,0,2919328,56611321,56831041,57050761,0,35167,0,0,-3589522,12124352,19852,-2028535976,0,-157965158,0,0,0,0,0,76038,-655,1103388,1,0
69,7067,2,,2915604,2918796,2915604,2918796,2916668,2918796,2918796,2915604,0,77207,0,55320,-525,55,8250,-1650221,781157,-88883178,9800,1562314,2183468,3349052,2703,-16777216,0,654,0,0,4424548,2,1,3657962,150,16777216,32510,41,0,0,1,2924648,62819,54969,147269,128269,1279,1346,6824,47818876,15039354,0,42,0,4,0,33,232388,77323,641,138,0,1767,760,6824,47818876,15039354,0,4107,4084,0,1,20644179,20588306,4195330,2914008,2916668,8,2692,3025,0,0,-83,-114,-114,1282,76684,90000,760,114524,2742,0,273,2730,0,0,1286,-1,0,0,0,-26,4097,0,-216,0,19136753,0,0,0,0,2919328,56611321,56831041,57050761,0,35167,0,0,-3665443,12111500,19982,-2025979516,0,-157965158,0,0,0,0,0,76682,-580,781157,1,0
70,7200,2,,2915604,2918796,2915604,2918796,2916668,2918796,2918796,2915604,0,78467,0,54473,-320,104,8250,929793,1267267,-1520538942,9964,2534534,2183468,3349052,2703,-16777216,0,654,0,0,4424548,2,1,3814277,150,16777216,32510,41,0,0,1,2924648,62819,54969,147269,128269,1279,1346,6824,47818876,15039354,0,42,0,4,0,33,231955,78595,635,197,0,1785,760,6824,47818876,15039354,0,4106,4085,0,1,20644179,20589334,4195330,2922520,2916668,6,2763,3058,0,0,-93,-118,-118,1296,77961,90000,760,114794,2781,0,273,2730,0,0,1286,-1,0,0,0,-26,4097,0,-216,0,19136753,0,0,0,0,2919328,56611321,56831041,57050761,0,35167,0,0,-3818924,12084137,20181,-2020803648,0,-157965158,0,0,0,0,0,77960,-424,1267267,1,0
71,7334,2,,2915604,2918796,2915604,2918796,2916668,2918796,2918796,2915604,0,79102,0,54195,-235,85,8250,1906092,976299,-88883176,10044,1952598,2183468,3349052,2703,-16777216,0,654,0,0,4424548,2,1,3893379,150,16777216,32510,41,0,0,1,2924648,62819,54969,147269,128269,1279,1346,6824,47818876,15039354,0,42,0,4,0,33,231807,79227,632,183,0,1793,759,6824,47818876,15039354,0,4106,4085,0,1,20644179,20589706,4195330,2922520,2916668,5,2797,3073,0,0,-98,-120,-120,1303,78595,90000,759,115175,2795,0,273,2730,0,0,1286,-1,0,0,0,-26,4097,0,-216,0,19136753,0,0,0,0,2919328,56611321,56831041,57050761,0,35167,0,0,-3896492,12069732,20247,-2018184442,0,-157965158,0,0,0,0,0,78595,-320,976299,1,0
72,7400,2,,2915604,2918796,2915604,2918796,2916668,2918796,2918796,2915604,0,80366,0,53836,-126,52,8250,3049157,552340,-1520538940,10206,1104680,2183468,3349052,2703,-16777216,0,654,0,0,4424548,2,1,4053480,150,16777216,32510,41,0,0,1,2924648,62819,54969,147269,128269,1279,1346,6824,47818876,15039354,0,42,0,4,0,33,231394,80487,629,158,0,1811,759,6824,47818876,15039354,0,4106,4085,0,1,20644179,20590191,4195330,2922520,2916668,3,2866,3103,0,0,-106,-124,-124,1317,79858,90000,759,115647,2828,0,273,2730,0,0,1286,-1,0,0,0,-26,4097,0,-216,0,19136753,0,0,0,0,2919328,56611321,56831041,57050761,0,35167,0,0,-4053281,12039474,20331,-2012883214,0,-157965158,0,0,0,0,0,79858,-178,552340,1,0
73,7467,2,,2915604,2918796,2915604,2918796,2916668,2918796,2918796,2915604,0,80998,0,53712,-122,4,8250,3046706,-2451,-88883174,10287,-4902,2183468,3349052,2703,-16777216,0,654,0,0,4424548,2,1,4134478,150,16777216,32510,41,0,0,1,2924648,62819,54969,147269,128269,1279,1346,6824,47818876,15039354,0,42,0,4,0,33,231187,81117,630,115,0,1820,759,6824,47818876,15039354,0,4106,4085,0,1,20644179,20590343,4195330,2922520,2916668,2,2900,3117,0,0,-111,-125,-125,1324,80487,90000,759,115882,2844,0,273,2730,0,0,1286,-1,0,0,0,-26,4097,0,-216,0,19136753,0,0,0,0,2919328,56611321,56831041,57050761,0,35167,0,0,-4132491,12023592,20360,-2010201228,0,-157965158,0,0,0,0,0,80487,-126,-2451,1,0
74,7600,2,,2915604,2918796,2915604,2918796,2916668,2918796,2918796,2915604,0,82258,0,53361,-257,-95,8250,1581168,-1008137,-1520538938,10448,-2016274,2183468,3349052,2703,-16777216,0,654,0,0,4424548,2,1,4298365,150,16777216,32510,41,0,0,1,2924648,62819,54969,147269,128269,1279,1346,6824,47818876,15039354,0,42,0,4,0,33,230744,82373,627,26,0,1840,757,6824,47818876,15039354,0,4106,4085,0,1,20644179,20590609,4195330,2922520,2916668,15,2967,3144,0,0,-121,-129,-129,1340,81746,90000,757,116187,2881,0,273,2730,0,0,1286,-1,0,0,0,-26,4097,0,-214,0,19136753,0,0,0,0,2919328,56611321,56831041,57050761,0,35167,0,0,-4292621,11990758,20443,-2004774638,0,-157965158,0,0,0,0,0,81746,-162,-1008137,1,0
75,7667,2,,2915604,2918796,2915604,2918796,2916668,2918796,2918796,2915604,0,82887,0,53060,-345,-88,8250,789261,-791907,-88883172,10529,-1583814,2183468,3349052,2703,-16777216,0,654,0,0,4424548,2,1,4381252,150,16777216,32510,41,0,0,1,2924648,62819,54969,147269,128269,1279,1346,6824,47818876,15039354,0,42,0,4,0,33,230511,82999,626,38,0,1848,758,6824,47818876,15039354,0,4106,4085,0,1,20644179,20590818,4195330,2922520,2916668,14,2999,3156,0,0,-126,-131,-131,1347,82373,90000,758,116403,2898,0,273,2730,0,0,1286,-1,0,0,0,-26,4097,0,-214,0,19136753,0,0,0,0,2919328,56611321,56831041,57050761,0,35167,0,0,-4373512,11973681,20514,-2002030104,0,-157965158,0,0,0,0,0,82373,-257,-791907,1,0
76,7800,2,,2915604,2918796,2915604,2918796,2916668,2918796,2918796,2915604,0,84139,0,52139,-579,-120,8250,-1224515,-1002154,-1520538936,10689,-2004308,2183468,3349052,2703,-16777216,0,654,0,0,4424548,2,1,4548904,150,16777216,32510,41,0,0,1,2924648,62819,54969,147269,128269,1279,1346,6824,47818876,15039354,0,42,0,4,0,33,230040,84246,622,15,0,1866,757,6824,47818876,15039354,0,4106,4085,0,1,20644179,20591521,4195330,2922520,2916668,12,3055,3171,0,0,-135,-135,-135,1361,83625,90000,757,116724,2934,0,273,2730,0,0,1286,-1,0,0,0,-26,4097,0,-214,0,19136753,0,0,0,0,2919328,56611321,56831041,57050761,0,35167,0,0,-4537036,11938684,20730,-1996478848,0,-157965158,0,0,0,0,0,83624,-459,-1002154,1,0
77,7867,2,,2915604,2918796,2915604,2918796,2916668,2918796,2918796,2915604,0,84760,0,51454,-791,-212,8250,-3214820,-1990305,-88883170,10770,-3980610,2183468,3349052,2703,-16777216,0,654,0,0,4424548,2,1,4633664,150,16777216,32510,41,0,0,1,2924648,62819,54969,147269,128269,1279,1346,6824,47818876,15039354,0,42,0,4,0,33,229797,84864,618,-72,0,1876,757,6824,47818876,15039354,0,4106,4085,0,1,20644179,20592040,4195330,2925712,2916668,11,3079,3175,0,0,-140,-137,-137,1369,84247,90000,757,116779,2954,0,273,2730,0,0,1286,-1,0,0,0,-26,4097,0,-214,0,19136753,0,0,0,0,2919328,56611321,56831041,57050761,0,35167,0,0,-4619623,11920574,20891,-1993672296,0,-157965158,0,0,0,0,0,84246,-579,-1990305,1,0
78,8000,2,,2915604,2918796,2915604,2918796,2916668,2918796,2918796,2915604,0,85992,0,49438,-1256,-263,8250,-7221567,-2298702,-1520538934,10928,-4597404,2183468,3349052,2703,-16777216,0,654,0,0,4424548,2,1,4805034,150,16777216,32510,41,0,0,1,2924648,62819,54969,147269,128269,1279,1346,6824,47818876,15039354,0,42,0,4,0,33,229301,86090,611,-113,0,1896,756,6824,47818876,15039354,0,4106,4085,0,1,20644179,20593617,4195330,2925712,2916668,9,3117,3173,0,0,-150,-141,-141,1385,85484,90000,756,117318,2984,0,273,2730,0,0,1286,-1,0,0,0,-26,4097,0,-214,0,19136753,0,0,0,0,2919328,56611321,56831041,57050761,0,35167,0,0,-4786579,11883778,21366,-1987997932,0,-157965158,0,0,0,0,0,85479,-993,-2298702,1,0
79,8067,2,,2915604,2918796,2915604,2918796,2916668,2918796,2918796,2915604,0,86583,0,48042,-1536,-280,8250,-9561741,-2340174,-88883168,11007,-4680348,2183468,3349052,2703,-16777216,0,654,0,0,4424548,2,1,4891617,150,16777216,32510,41,0,0,1,2924648,62819,54969,147269,128269,1279,1346,6824,47818876,15039354,0,42,0,4,0,33,229260,86698,608,-125,0,1905,756,6824,47818876,15039354,0,4105,4086,0,1,20644179,20594741,4195330,2925712,2916668,8,3138,3173,0,0,-155,-144,-144,1392,86099,90000,756,117357,3004,0,273,2730,0,0,1286,-1,0,0,0,-26,4097,0,-214,0,19136753,0,0,0,0,2919328,56611321,56831041,57050761,0,35167,0,0,-4870884,11864920,21694,-1985131014,0,-157965158,0,0,0,0,0,86090,-1256,-2340174,1,0
80,8200,2,,2915604,2918796,2915604,2918796,2916668,2918796,2918796,2915604,0,87778,0,44811,-1640,3,8250,-9190462,676150,-1520538932,11139,1352300,2183468,3349052,2703,-16777216,0,654,0,0,4424548,2,1,5066417,150,16777216,32510,41,0,0,1,2924648,62819,54969,147269,128269,1279,1346,6824,47818876,15039354,0,42,0,4,0,33,229024,87909,602,148,0,1917,755,6824,47818876,15039354,0,4104,4087,0,1,21863530,21817077,4195330,2925712,2916668,6,3204,3199,0,0,-145,-148,-148,1402,87322,90000,755,117771,3036,0,273,2730,0,0,1286,-1,0,0,0,-26,4097,0,-214,0,19136753,0,0,0,0,2919328,56611321,56831041,57050761,0,35167,0,0,-5040722,11825164,22454,-1979537192,0,-157965158,1,0,0,0,0,87307,-1643,676150,1,0
81,8267,2,,2915604,2918796,2915604,2918796,2916668,2918796,2918796,2915604,0,88380,0,43158,-1666,-26,8250,-8982144,208318,-88883166,11235,416636,2183468,3349052,2703,-16777216,0,654,0,0,4424548,2,1,5154797,150,16777216,32510,41,0,0,1,2924648,62819,54969,147269,128269,1279,1346,6824,47818876,15039354,0,42,0,4,0,33,228809,88510,601,124,0,1928,755,6824,47818876,15039354,0,4104,4087,0,1,21863530,21818719,4195330,2925712,2916668,5,3242,3217,0,0,-150,-150,-150,1411,87924,90000,755,117894,3054,0,273,2730,0,0,1286,-1,0,0,0,-26,4097,0,-214,0,19136753,0,0,0,0,2919328,56611321,56831041,57050761,0,35167,0,0,-5126619,11805074,22842,-1976774014,0,-157965158,1,0,0,0,0,87909,-1640,208318,1,0
82,8400,2,,2915604,2918796,2915604,2918796,2916668,2918796,2918796,2915604,0,89552,0,40005,-1500,69,8250,-6438588,1015792,-1520538930,11389,2031584,2183468,3349052,2703,-16777216,0,654,0,0,4424548,2,1,5333328,150,16777216,32510,41,0,0,1,2924648,62819,54969,147269,128269,1279,1346,6824,47818876,15039354,0,42,0,4,0,33,228398,89696,592,228,0,1945,754,6824,47818876,15039354,0,4103,4088,0,1,21863530,21821990,4195330,2925712,2916668,3,4657,4573,0,0,-159,-154,-154,1425,89117,90000,754,117965,3093,0,273,2730,0,0,1286,-1,0,0,0,-26,4097,0,-214,0,19136753,0,0,0,0,2919328,56611321,56831041,57050761,0,35167,0,0,-5299909,11763454,23584,-1971192284,0,-157965158,1,0,0,0,0,89104,-1569,1015792,1,0
83,8467,2,,2915604,2918796,2915604,2918796,2916668,2918796,2918796,2915604,0,90145,0,38570,-1370,130,8250,-4806679,1631909,-88883164,11462,3263818,2183468,3349052,2703,-16777216,0,654,0,0,4424548,2,1,5423473,150,16777216,32510,41,0,0,1,2924648,62819,54969,147269,128269,1279,1346,6824,47818876,15039354,0,42,0,4,0,33,228173,90288,592,294,0,1935,754,6824,47818876,15039354,0,4103,4088,0,1,21863530,21823525,4195330,2925712,2916668,2,4780,4667,0,0,-164,-151,-151,1417,89708,90000,754,118129,3110,0,273,2730,0,0,1286,-1,0,0,0,-26,4097,0,-214,0,19136753,0,0,0,0,2919328,56611321,56831041,57050761,0,35167,0,0,-5387218,11741640,23922,-1968373922,0,-157965158,1,0,0,0,0,89696,-1500,1631909,1,0
84,8600,2,,2915604,2918796,2915604,2918796,2916668,2918796,2918796,2915604,0,91305,0,36136,-1087,118,8250,-1743773,1190931,-1520538928,11614,2381862,2183468,3349052,2703,-16777216,0,654,0,0,4424548,2,1,5605515,150,16777216,32510,41,0,0,1,2924648,62819,54969,147269,128269,1279,1346,6824,47818876,15039354,0,42,0,4,0,33,227764,91467,589,291,0,1952,754,6824,47818876,15039354,0,4102,4089,0,1,21863530,21826248,4195330,2917200,2916668,15,5028,4850,0,0,-173,-154,-154,1430,90885,90000,754,118529,3140,0,273,2730,0,0,1286,-1,0,0,0,-26,4097,0,-212,0,19136753,0,0,0,0,2919328,56611321,56831041,57050761,0,35167,0,0,-5563202,11696245,24495,-1962682424,0,-157965158,1,0,0,0,0,90878,-1205,1190931,1,0
85,8667,2,,2915604,2918796,2915604,2918796,2916668,2918796,2918796,2915604,0,91893,0,35124,-937,150,8250,-238330,1505443,-88883162,11687,3010886,2183468,3349052,2703,-16777216,0,654,0,0,4424548,2,1,5697408,150,16777216,32510,41,0,0,1,2924648,62819,54969,147269,128269,1279,1346,6824,47818876,15039354,0,42,0,4,0,33,227524,92053,586,328,0,1959,754,6824,47818876,15039354,0,4102,4089,0,1,21863530,21827394,4195330,2917200,2916668,14,5127,4915,0,0,-178,-156,-156,1436,91473,90000,754,118612,3158,0,273,2730,0,0,1286,-1,0,0,0,-26,4097,0,-212,0,19136753,0,0,0,0,2919328,56611321,56831041,57050761,0,35167,0,0,-5651818,11672479,24733,-1959809410,0,-157965158,1,0,0,0,0,91467,-1087,1505443,1,0
86,8800,2,,2915604,2918796,2915604,2918796,2916668,2918796,2918796,2915604,0,93063,0,33505,-670,145,8250,2239403,1354030,-1520538926,11837,2708060,2183468,3349052,2703,-16777216,0,654,0,0,4424548,2,1,5882950,150,16777216,32510,41,0,0,1,2924648,62819,54969,147269,128269,1279,1346,6824,47818876,15039354,0,42,0,4,0,33,227024,93218,580,333,0,1977,753,6824,47818876,15039354,0,4102,4089,0,1,21863530,21829282,4195330,2917200,2916668,12,5188,4915,0,0,-188,-160,-160,1451,92641,90000,753,119082,3186,0,273,2730,0,0,1286,-1,0,0,0,-26,4097,0,-212,0,19136753,0,0,0,0,2919328,56611321,56831041,57050761,0,35167,0,0,-5830367,11623087,25114,-1954008484,0,-157965158,1,0,0,0,0,92638,-815,1354030,1,0
87,8934,2,,2915604,2918796,2915604,2918796,2916668,2918796,2918796,2915604,0,93644,0,32889,-561,109,8250,3152153,912750,-88883160,11912,1825500,2183468,3349052,2703,-16777216,0,654,0,0,4424548,2,1,5976594,150,16777216,32510,41,0,0,1,2924648,62819,54969,147269,128269,1279,1346,6824,47818876,15039354,0,42,0,4,0,33,226766,93798,580,302,0,1987,753,6824,47818876,15039354,0,4102,4089,0,1,21863530,21830025,4195330,2917200,2916668,11,5219,4915,0,0,-193,-162,-162,1459,93220,90000,753,119149,3204,0,273,2730,0,0,1286,-1,0,0,0,-26,4097,0,-212,0,19136753,0,0,0,0,2919328,56611321,56831041,57050761,0,35167,0,0,-5920261,11597361,25259,-1951080728,0,-157965158,1,0,0,0,0,93218,-670,912750,1,0
88,9000,2,,2915604,2918796,2915604,2918796,2916668,2918796,2918796,2915604,0,94801,0,31942,-399,68,8250,4400143,488131,-1520538924,12060,976262,2183468,3349052,2703,-16777216,0,654,0,0,4424548,2,1,6165618,150,16777216,32510,41,0,0,1,2924648,62819,54969,147269,128269,1279,1346,6824,47818876,15039354,0,42,0,4,0,33,226233,94951,576,270,0,2006,752,6824,47818876,15039354,0,4102,4089,0,1,21863530,21831155,4195330,2917200,2916668,9,5279,4915,0,0,-202,-166,-166,1474,94376,90000,752,119394,3237,0,273,2730,0,0,1286,-1,0,0,0,-26,4097,0,-212,0,19136753,0,0,0,0,2919328,56611321,56831041,57050761,0,35167,0,0,-6101299,11543986,25481,-1945170938,0,-157965158,1,0,0,0,0,94375,-467,488131,1,0
89,9067,2,,2915604,2918796,2915604,2918796,2916668,2918796,2918796,2915604,0,95353,0,31560,-365,34,8250,4571637,171494,-88883158,12134,342988,2183468,3349052,2703,-16777216,0,654,0,0,4424548,2,1,6260971,150,16777216,32510,41,0,0,1,2924648,62819,54969,147269,128269,1279,1346,6824,47818876,15039354,0,42,0,4,0,33,225960,95526,575,241,0,2014,752,6824,47818876,15039354,0,4101,4090,0,1,21863530,21831588,4195330,2917200,2916668,8,5309,4915,0,0,-207,-168,-168,1481,94951,90000,752,119435,3256,0,273,2730,0,0,1286,-1,0,0,0,-26,4097,0,-212,0,19136753,0,0,0,0,2919328,56611321,56831041,57050761,0,35167,0,0,-6192440,11516433,25570,-1942189750,0,-157965158,1,0,0,0,0,94951,-399,171494,1,0
90,9200,2,,2915604,2918796,2915604,2918796,2916668,2918796,2918796,2915604,0,96501,0,30847,-371,-26,8250,4311138,-341691,-1520538922,12279,-683382,2183468,3349052,2703,-16777216,0,654,0,0,4424548,2,1,6453400,150,16777216,32510,41,0,0,1,2924648,62819,54969,147269,128269,1279,1346,6824,47818876,15039354,0,42,0,4,0,33,225501,96670,572,190,0,2033,751,6824,47818876,15039354,0,4101,4090,0,1,21863530,21832325,4195330,2921456,2916668,6,5368,4915,0,0,-216,-172,-172,1496,96098,90000,751,119464,3294,0,273,2730,0,0,1286,-1,0,0,0,-26,4097,0,-212,0,19136753,0,0,0,0,2919328,56611321,56831041,57050761,0,35167,0,0,-6375929,11459389,25738,-1936173502,0,-157965158,1,0,0,0,0,96098,-345,-341691,1,0
91,9267,2,,2915604,2918796,2915604,2918796,2916668,2918796,2918796,2915604,0,97073,0,30467,-389,-18,8250,4165625,-145513,-88883156,12352,-291026,2183468,3349052,2703,-16777216,0,654,0,0,4424548,2,1,6550473,150,16777216,32510,41,0,0,1,2924648,62819,54969,147269,128269,1279,1346,6824,47818876,15039354,0,42,0,4,0,33,225235,97240,570,204,0,2043,751,6824,47818876,15039354,0,4101,4090,0,1,21863530,21832683,4195330,2921456,2916668,5,5399,4915,0,0,-222,-174,-174,1505,96670,90000,751,119525,3312,0,273,2730,0,0,1286,-1,0,0,0,-26,4097,0,-212,0,19136753,0,0,0,0,2919328,56611321,56831041,57050761,0,35167,0,0,-6468338,11430110,25828,-1933138538,0,-157965158,1,0,0,0,0,96670,-371,-145513,1,0
92,9400,2,,2915604,2909752,2915604,2918796,2916668,2918796,2909752,2915604,0,98208,0,29604,-466,-30,8250,3621520,-146841,-1520538920,12498,-293682,2183468,3349052,2703,-16777216,0,654,0,0,4424548,2,1,6746322,150,16777216,32510,41,0,0,1,2924648,62819,54969,147269,128269,1279,1346,6824,47818876,15039354,0,42,0,4,0,33,224656,98372,565,202,0,2062,750,6824,47818876,15039354,0,4101,4090,0,1,21863530,21833475,4195330,2921456,2916668,3,5460,4915,0,0,-232,-178,-178,1520,97807,90000,750,119872,3342,0,273,2730,0,0,1286,-1,0,0,0,-26,4097,0,-212,0,19136753,0,0,0,0,2919328,56611321,56831041,57050761,0,35167,0,0,-6654357,11369711,26031,-1927015366,0,-157965158,1,0,0,0,0,97807,-436,-146841,1,0
93,9467,2,,2915604,2909752,2915604,2918796,2916668,2918796,2909752,2915604,0,98773,0,29122,-499,-33,8250,3470656,-150864,-88883154,12570,-301728,2183468,3349052,2703,-16777216,0,654,0,0,4424548,2,1,6845095,150,16777216,32510,41,0,0,1,2924648,62819,54969,147269,128269,1279,1346,6824,47818876,15039354,0,42,0,4,0,33,190091,98935,563,204,0,2072,750,6824,47818876,15039354,0,4101,4090,0,1,21863530,21833926,4195330,2921456,2916668,2,5487,4915,0,0,-237,-180,-180,1528,98373,90000,750,120065,3355,0,273,2730,0,0,1286,-1,0,0,0,-26,4097,0,-212,0,19136753,0,0,0,0,2919328,56611321,56831041,57050761,0,35167,0,0,-6747997,11338706,26144,-1923927252,0,-157965158,1,0,0,0,0,98372,-466,-150864,1,0
94,9600,2,,2909752,2918796,2915604,2918796,2916668,2918796,2918796,2909752,0,99889,0,28224,-370,93,8250,5168918,1105184,-1520538918,12714,2210368,2183468,3349052,2703,-16777216,0,654,0,0,4424548,2,1,7044317,150,16777216,32510,41,0,0,1,2924648,62819,54969,147269,128269,1279,1346,6824,47818876,15039354,0,42,0,4,0,33,223683,100044,552,339,0,2089,749,6824,47818876,15039354,0,4101,4090,0,1,21863530,21834889,4195330,2921456,2916668,15,5547,4915,0,0,-246,-184,-184,1543,99493,90000,749,120312,3387,0,273,2730,0,0,1286,-1,0,0,0,-26,4097,0,-210,0,19136753,0,0,0,0,2919328,56611321,56831041,57050761,0,35167,0,0,-6936413,11274799,26355,-1917698624,0,-157965158,1,0,0,0,0,99492,-463,1105184,1,0
95,9667,2,,2909752,2918796,2915604,2918796,2916668,2918796,2918796,2909752,0,100434,0,27902,-274,96,8250,3567335,-1601583,-88883152,12786,-3203166,2183468,3349052,2703,-16777216,0,654,0,0,4424548,2,1,7144751,150,16777216,32510,41,0,0,1,2924648,62819,54969,147269,128269,1279,1346,6824,47818876,15039354,0,42,0,4,0,33,224082,100612,568,90,0,2025,757,6824,47818876,15039354,0,4101,4090,0,1,21863530,21835306,4195330,2921456,2916668,14,5573,4915,0,0,6,-186,-186,1490,100044,90000,757,120397,3403,0,273,2730,0,0,1286,-1,0,0,0,-26,4097,0,-210,0,19136753,0,0,0,0,2919328,56611321,56831041,57050761,0,35167,0,0,-7031299,11241970,26237,-1916370183,-4172322,-157965158,2,0,0,0,0,100044,-370,-1601583,1,0
96,9800,2,,2915604,2918796,2915604,2918796,2916668,2918796,2918796,2915604,0,101475,0,27373,-289,-42,8250,-3254545,-3143419,-1520538916,12915,-6286838,2183468,3349052,2703,-16777216,0,654,0,0,4424548,2,1,7347126,150,16777216,32510,41,0,0,1,2924648,62819,54969,147269,128269,1279,1346,6824,47818876,15039354,0,42,0,4,0,33,225817,101762,574,-237,0,1959,765,6824,47818876,15039354,0,4096,4096,0,0,0,0,4195330,2921456,2916668,12,5640,4915,0,0,195,-182,-190,1436,101188,90000,765,120465,3440,0,273,2730,0,0,1286,-1,0,0,0,-26,4097,0,-210,0,19136753,0,0,0,0,2919328,56611321,56831041,57050761,0,35167,0,0,-7222388,11175344,24652,-1916370183,-3087518,-157965158,2,0,0,0,0,101188,-247,-3143419,1,0
97,9867,2,,2915604,2918796,2915604,2918796,2916668,2918796,2918796,2915604,0,102281,0,27029,-399,-110,8250,927318,4181863,-88883150,12989,8363726,2178652,3349052,2703,-16777216,0,654,0,0,4424548,2,1,7449407,150,16777216,32510,41,0,0,1,2924648,62819,54969,147269,128269,1279,1346,6824,47818876,15039354,0,42,0,4,0,38,224551,102302,540,373,0,2161,744,6824,47818876,15039354,0,4096,4096,0,0,0,0,4260866,2916136,2916668,11,5666,4915,0,0,-483,-190,-193,1602,101762,90000,11565,120363,3463,0,273,273,1,0,-2908,-1,0,0,0,-26,4097,0,-221,0,19119723,0,0,0,0,2919328,56611321,56831041,57050761,0,35167,0,0,-7318726,11141546,24647,-1911662765,166892,-157995917,3,0,0,0,0,101762,-289,4181863,1,0
98,10000,2,,2915604,2918796,2915604,2918796,2916668,2918796,2918796,2915604,0,103360,0,25842,-782,-185,8250,10317593,3603543,-1520538914,13165,7207086,2178652,3349052,2703,-16777216,0,654,0,0,4424548,2,1,7655621,150,16777216,32510,41,0,0,1,2924648,62819,54969,147269,128269,1279,1346,6824,47818876,15039354,0,42,0,4,0,38,220976,103311,503,761,0,2304,730,6824,47818876,15039354,0,4108,4083,0,1,9039866,9013335,4260866,2916136,2916668,9,5722,4915,0,0,-946,-198,-197,1724,102809,90000,11457,120029,3508,0,273,819,1,0,-2908,-1,0,0,0,-26,4097,0,-221,0,19119723,0,0,0,0,2919328,56611321,56831041,57050761,0,35167,0,0,-7511831,11070943,25091,-1896069707,834464,-158529075,3,0,0,0,0,102808,-597,3603543,1,0
99,10067,2,,2915604,2918796,2915604,2918796,2916668,2918796,2918796,2915604,0,103838,0,24944,-1014,-232,8250,11944089,1626496,-88883148,13230,3252992,2178652,3349052,2703,-16777216,0,654,0,0,4424548,2,1,7759459,150,16777216,32510,41,0,0,1,2924648,62819,54969,147269,128269,1279,1346,6824,47818876,15039354,0,42,0,4,0,38,219368,103811,500,725,0,2316,729,6824,47818876,15039354,0,4107,4084,0,1,9039866,9014024,4260866,2916136,2916668,8,5751,4915,0,0,-957,-201,-199,1734,103313,90000,11424,119918,3528,0,273,1092,1,0,-2908,-1,0,0,0,-26,4097,0,-221,0,19119723,0,0,0,0,2919328,56611321,56831041,57050761,0,35167,0,0,-7608557,11033979,25459,-1888217903,1084803,-159031474,3,0,0,0,0,103311,-782,1626496,1,0
100,10200,2,,2915604,2918796,2915604,2918796,2916668,2918796,2918796,2915604,0,104810,0,22385,-1497,-193,8250,12460695,412685,-1520538912,13355,825370,2178652,3349052,2703,-16777216,0,654,0,0,4424548,2,1,7968607,150,16777216,32510,41,0,0,1,2924648,62819,54969,147269,128269,1279,1346,6824,47818876,15039354,0,42,0,4,0,38,216088,104803,493,784,0,2337,728,6824,47818876,15039354,0,4106,4085,0,1,9039866,9016081,4260866,2916136,2916668,6,5808,4915,0,0,-977,-205,-203,1752,104318,90000,11431,119429,3577,0,273,1638,1,0,-2908,-1,0,0,0,-26,4097,0,-221,0,19119723,0,0,0,0,2919328,56611321,56831041,57050761,0,35167,0,0,-7802387,10956862,26518,-1872402987,1668928,-160468825,3,0,0,0,0,104310,-1304,412685,1,0
101,10334,2,,2915604,2918796,2915604,2918796,2916668,2918796,2918796,2915604,0,105304,0,20757,-1759,-262,8250,11741293,-719402,-88883146,13416,-1438804,2178652,3349052,2703,-16777216,0,654,0,0,4424548,2,1,8073911,150,16777216,32510,41,0,0,1,2924648,62819,54969,147269,128269,1279,1346,6824,47818876,15039354,0,42,0,4,0,38,214346,105295,492,724,0,2348,727,6824,47818876,15039354,0,4106,4085,0,1,9039866,9017481,4260866,2916136,2916668,5,5835,4915,0,0,-986,-207,-204,1762,104813,90000,11394,118916,3609,0,273,1911,1,0,-2908,-1,0,0,0,-26,4097,0,-221,0,19119723,0,0,0,0,2919328,56611321,56831041,57050761,0,35167,0,0,-7899450,10916650,27199,-1864440329,1919267,-161391437,3,0,0,0,0,104803,-1497,-719402,1,0
102,10400,2,,2915604,2918796,2915604,2918796,2916668,2918796,2918796,2915604,0,106230,0,16774,-2132,-94,8250,11021901,410178,-1520538910,13538,820356,2178652,3349052,2703,-16777216,0,654,0,0,4424548,2,1,8285911,150,16777216,32510,41,0,0,1,2924648,62819,54969,147269,128269,1279,1346,6824,47818876,15039354,0,42,0,4,0,38,210784,106264,480,912,0,2373,726,6824,47818876,15039354,0,4104,4087,0,1,9039866,9021007,4260866,2916136,2916668,3,5888,4915,0,0,-1006,-211,-208,1783,105803,90000,11308,118241,3664,0,273,2457,1,0,-2908,-1,0,0,0,-26,4097,0,-221,0,19119723,0,0,0,0,2919328,56611321,56831041,57050761,0,35167,0,0,-8093760,10832902,28872,-1848409757,2503392,-163604470,3,0,0,0,0,105784,-2038,410178,1,0
103,10467,2,,2915604,2918796,2915604,2918796,2916668,2918796,2918796,2915604,0,106684,0,14561,-2295,-163,8250,10516954,-504947,-88883144,13597,-1009894,2178652,3349052,2703,-16777216,0,654,0,0,4424548,2,1,8392595,150,16777216,32510,41,0,0,1,2924648,62819,54969,147269,128269,1279,1346,6824,47818876,15039354,0,42,0,4,0,38,209015,106742,478,851,0,2385,725,6824,47818876,15039354,0,4103,4088,0,1,9039866,9023092,4260866,2926244,2916668,2,5915,4915,0,0,-1014,-214,-210,1793,106285,90000,11283,117841,3693,0,273,2730,1,0,-2908,-1,0,0,0,-26,4097,0,-221,0,19119723,0,0,0,0,2919328,56611321,56831041,57050761,0,35167,0,0,-8190910,10789216,29827,-1840342751,2670285,-164877181,3,0,0,0,0,106264,-2132,-504947,1,0
104,10600,2,,2915604,2918796,2915604,2918796,2916668,2918796,2918796,2915604,0,107564,0,9850,-2472,-144,8250,10424855,-647283,-1520538908,13711,-1294566,2178652,3349052,2703,-16777216,0,654,0,0,4424548,2,1,8607278,150,16777216,32510,41,0,0,1,2924648,62819,54969,147269,128269,1279,1346,6824,47818876,15039354,0,42,0,4,0,38,205317,107683,471,887,0,2408,723,6824,47818876,15039354,0,4101,4090,-1,1,9039866,9027616,4260866,2926244,2916668,15,5968,4915,0,0,-1031,-218,-214,1814,107237,90000,11234,117301,3743,0,273,3276,1,0,-2908,-1,0,0,0,-26,4097,0,-220,0,19119723,0,0,0,0,2919328,56611321,56831041,57050761,0,35167,0,0,-8384999,10698042,31932,-1824109301,3087517,-167711939,3,0,0,0,0,107212,-2328,-647283,1,0
105,10734,2,,2915604,2918796,2915604,2918796,2916668,2918796,2918796,2915604,0,108009,0,7285,-2658,-186,8250,9353905,-1070950,-88883142,13768,-2141900,2178652,3349052,2703,-16777216,0,654,0,0,4424548,2,1,8715287,150,16777216,32510,41,0,0,1,2924648,62819,54969,147269,128269,1279,1346,6824,47818876,15039354,0,42,0,4,0,38,203439,108152,469,852,0,2421,722,6824,47818876,15039354,0,4100,4091,-1,1,9039866,9030016,4260866,2926244,2916668,14,5992,4915,0,0,-1038,-220,-216,1825,107711,90000,11207,116653,3781,0,273,3549,1,0,-2908,-1,0,0,0,-26,4097,0,-220,0,19119723,0,0,0,0,2919328,56611321,56831041,57050761,0,35167,0,0,-8481944,10650589,33095,-1815942101,3254410,-169256313,3,0,0,0,0,107683,-2472,-1070950,1,0
106,10800,2,,2915604,2918796,2915604,2918796,2916668,2918796,2918796,2915604,0,108881,0,1875,-2799,-117,8250,9175135,-566361,-1520538906,13881,-1132722,2178652,3349052,2703,-16777216,0,654,0,0,4424548,2,1,8932615,150,16777216,32510,41,0,0,1,2924648,62819,54969,147269,128269,1279,1346,6824,47818876,15039354,0,42,0,4,0,38,199584,109071,459,937,0,2447,720,6824,47818876,15039354,0,4098,4093,-1,1,9039866,9035251,4260866,2926244,2916668,12,6041,4915,0,0,-1054,-225,-220,1847,108645,90000,11204,116131,3830,0,273,4095,1,0,-2908,-1,0,0,0,-26,4097,0,-220,0,19119723,0,0,0,0,2919328,56611321,56831041,57050761,0,35167,0,0,-8675451,10551774,35603,-1799508647,3588196,-172553862,3,0,0,0,0,108612,-2682,-566361,1,0
107,10867,2,,2915604,2918796,2915604,2918796,2916668,2918796,2918796,2915604,0,109284,0,-1017,-2986,-187,8250,7989503,-1185632,-88883140,13937,-2371264,2178652,3349052,2703,-16777216,0,654,0,0,4424548,2,1,9041899,150,16777216,32510,41,0,0,1,2924648,62819,54969,147269,128269,1279,1346,6824,47818876,15039354,0,42,0,1,0,38,197570,109525,454,875,0,2459,715,6824,47818876,15039354,0,4096,4095,-1,1,9039866,9037991,4195330,2926244,2916668,11,6070,4915,0,0,-1062,-227,-222,1858,109106,0,11173,115798,3858,0,0,0,1,0,-2908,-1,0,0,0,-26,4097,0,-220,0,19119723,0,0,0,0,2919328,56611321,56831041,57050761,0,35167,0,0,-8771971,10500454,36956,-1791245039,3755088,-174282240,3,0,0,0,0,109071,-2799,-1185632,1,0
108,11000,2,,2915604,2918796,2915604,2918796,2916668,2918796,2918796,2915604,0,110113,0,-6905,-2926,6,8250,9346103,375978,-1520538904,14042,751956,2178652,3349052,2703,-16777216,0,654,0,0,4424548,2,1,9261716,150,16777216,32510,41,0,0,1,2924648,62819,54969,147269,128269,1279,1346,6824,47818876,15039354,0,42,0,1,0,38,192706,110397,433,1081,0,2484,705,6824,47818876,15039354,0,4094,4097,-1,1,9039866,9043842,4195330,2926244,2916668,9,6123,4915,0,0,-1075,-230,-225,1880,110003,0,11198,148218,3038,0,0,0,1,0,-2908,-1,0,0,0,-26,4097,0,-220,0,19119723,0,0,0,0,2919328,56611321,56831041,57050761,0,35167,0,0,-8964328,10393724,39776,-1774623377,3921981,-177864544,3,0,0,0,0,109964,-2932,375978,1,0
109,11067,2,,2915604,2918796,2915604,2918796,2916668,2918796,2918796,2915604,0,110501,0,-9806,-2875,51,8250,8718894,-627209,-88883138,14094,-1254418,2178652,3349052,2703,-16777216,0,654,0,0,4424548,2,1,9372217,150,16777216,32510,41,0,0,1,2924648,62819,54969,147269,128269,1279,1346,6824,47818876,15039354,0,42,0,1,0,38,191227,110835,438,961,0,2445,707,6824,47818876,15039354,0,4092,4099,-1,1,9039866,9046771,4195330,2926244,2916668,8,6149,4915,0,0,-910,-232,-227,1846,110435,0,11245,148206,3051,0,0,0,1,0,-2908,-1,0,0,0,-26,4097,0,-220,0,19119723,0,0,0,0,2919328,56611321,56831041,57050761,0,35167,0,0,-9060035,10338270,41214,-1767376051,4088874,-179693074,4,0,0,0,0,110397,-2926,-627209,1,0
110,11200,2,,2915604,2918796,2915604,2918796,2916668,2918796,2918796,2915604,0,111390,0,-15345,-2557,266,8250,7231495,652206,-1520538902,14201,1304412,2178652,3349052,2703,-16777216,0,654,0,0,4424548,2,1,9594557,150,16777216,32510,41,0,0,1,2924648,62819,54969,147269,128269,1279,1346,6824,47818876,15039354,0,42,0,1,0,38,187953,111715,432,953,0,2397,706,6824,47818876,15039354,0,4092,4099,0,1,13115030,13127685,4195330,2923584,2916668,6,6200,4915,0,0,-687,-237,-231,1804,111318,0,11251,148200,3075,0,0,0,1,0,-2908,-1,0,0,0,-26,4097,0,-220,0,19119723,0,0,0,0,2919328,56611321,56831041,57050761,0,35167,0,0,-9251013,10223879,44084,-1755787607,4172321,-183381977,4,0,0,0,0,111283,-2823,652206,1,0
111,11267,2,,2915604,2918796,2915604,2918796,2916668,2918796,2918796,2915604,0,111790,0,-17761,-2275,282,8250,8378900,1147405,-88883136,14258,2294810,2178652,3349052,2703,-16777216,0,654,0,0,4424548,2,1,9706347,150,16777216,32510,41,0,0,1,2924648,62819,54969,147269,128269,1279,1346,6824,47818876,15039354,0,42,0,1,0,38,185607,112140,425,973,0,2406,701,6824,47818876,15039354,0,4091,4100,0,1,13115030,13130375,4195330,2923584,2916668,5,6225,4915,0,0,-691,-238,-232,1812,111744,0,11252,148182,3087,0,0,0,1,0,-2908,-1,0,0,0,-26,4097,0,-220,0,19119723,0,0,0,0,2919328,56611321,56831041,57050761,0,35167,0,0,-9346132,10164832,45445,-1749961071,4172321,-185221406,4,0,0,0,0,111715,-2557,1147405,1,0
112,11400,2,,2915604,2918796,2915604,2918796,2916668,2918796,2918796,2915604,0,112572,0,-21679,-1610,365,8250,12101641,2211497,-1520538900,14360,4422994,2178652,3349052,2703,-16777216,0,654,0,0,4424548,2,1,9931104,150,16777216,32510,41,0,0,1,2924648,62819,54969,147269,128269,1279,1346,6824,47818876,15039354,0,42,0,1,0,38,180078,112970,410,1064,0,2428,693,6824,47818876,15039354,0,4089,4102,0,1,13115030,13134916,4195330,2923584,2916668,3,6274,4915,0,0,-699,-242,-236,1831,112577,0,11271,148159,3111,0,0,0,1,0,-2908,-1,0,0,0,-26,4097,0,-220,0,19119723,0,0,0,0,2919328,56611321,56831041,57050761,0,35167,0,0,-9535324,10042820,47930,-1738246651,4088874,-188829446,4,0,0,0,0,112560,-1975,2211497,1,0
113,11467,2,,2915604,2918796,2915604,2918796,2916668,2918796,2918796,2915604,0,112979,0,-23125,-1282,328,8250,13993872,1892231,-88883134,14409,3784462,2178652,3349052,2703,-16777216,0,654,0,0,4424548,2,1,10044083,150,16777216,32510,41,0,0,1,2924648,62819,54969,147269,128269,1279,1346,6824,47818876,15039354,0,42,0,1,0,38,177337,113376,406,1031,0,2438,690,6824,47818876,15039354,0,4089,4102,0,1,13115030,13136709,4195330,2923584,2916668,2,6299,4915,0,0,-703,-244,-238,1840,112981,0,11271,148124,3123,0,0,0,1,0,-2908,-1,0,0,0,-26,4097,0,-220,0,19119723,0,0,0,0,2919328,56611321,56831041,57050761,0,35167,0,0,-9629387,9979876,49023,-1732358143,4005428,-190577550,4,0,0,0,0,112970,-1610,1892231,1,0
114,11600,2,,2915604,2918796,2915604,2918796,2916668,2918796,2918796,2915604,0,113750,0,-24989,-555,390,8250,18486547,2486542,-1520538898,14509,4973084,2178652,3349052,2703,-16777216,0,654,0,0,4424548,2,1,10271187,150,16777216,32510,41,0,0,1,2924648,62819,54969,147269,128269,1279,1346,6824,47818876,15039354,0,42,0,1,0,38,171820,114169,392,1101,0,2459,681,6824,47818876,15039354,0,4088,4103,0,1,13115030,13139269,4195330,2923584,2916668,15,6347,4915,0,0,-711,-246,-241,1858,113780,0,11260,148000,3148,0,0,0,1,0,-2908,-1,0,0,0,-26,4097,0,-218,0,19119723,0,0,0,0,2919328,56611321,56831041,57050761,0,35167,0,0,-9816148,9849926,50872,-1720521397,3755088,-193901875,4,0,0,0,0,113777,-945,2486542,1,0
115,11667,2,,2915604,2918796,2915604,2918796,2916668,2918796,2918796,2915604,0,114140,0,-25360,-186,369,8250,20731576,2245029,-88883132,14560,4490058,2178652,3349052,2703,-16777216,0,654,0,0,4424548,2,1,10385327,150,16777216,32510,41,0,0,1,2924648,62819,54969,147269,128269,1279,1346,6824,47818876,15039354,0,42,0,1,0,38,169048,114557,388,1083,0,2469,678,6824,47818876,15039354,0,4088,4103,0,1,13115030,13140019,4195330,2923584,2916668,14,6368,4915,0,0,-714,-248,-243,1867,114170,0,11257,147947,3160,0,0,0,1,0,-2908,-1,0,0,0,-26,4097,0,-218,0,19119723,0,0,0,0,2919328,56611321,56831041,57050761,0,35167,0,0,-9908840,9782948,51598,-1714572377,3504749,-195457462,4,0,0,0,0,114169,-555,2245029,1,0
116,11800,2,,2915604,2918796,2915604,2918796,2916668,2918796,2918796,2915604,0,113823,0,-22995,1768,193,8250,34496401,-646449,-1520538896,14619,-1292898,2178652,3349052,2703,-16777216,0,654,0,0,4424548,2,1,10613359,150,16777216,32510,41,0,0,1,2924648,62819,54969,147269,128269,1279,1346,6824,47818876,15039354,0,42,0,1,0,38,163736,113786,-522,905,0,2476,676,6824,47818876,15039354,0,4088,4103,0,1,13115030,13139696,4260866,2914540,2916668,12,6216,4915,0,0,-712,-248,-243,1873,114318,10592,-274,147276,3179,0,157,157,2,0,169276,-1,0,0,0,-26,4097,0,-218,0,19119723,0,0,0,0,2919328,56611321,56831041,57050761,0,35167,0,0,-10090404,9644283,52013,-1702687265,3004071,-198270995,4,0,0,0,0,114308,1575,-646449,1,0
117,11934,2,,2915604,2918796,2915604,2918796,2916668,2918796,2918796,2915604,0,112164,0,-20485,3252,1484,8250,45742122,11245721,-88883130,14569,22491442,2178652,3349052,2703,-16777216,0,654,0,0,4424548,2,1,10725523,150,16777216,32510,41,0,0,1,2924648,62819,54969,147269,128269,1279,1346,6824,47818876,15039354,0,42,0,1,0,38,161897,110987,-2799,2185,0,2468,680,6824,47818876,15039354,0,4088,4103,0,1,13115030,13138025,4326402,2914540,2916668,11,6118,4915,0,0,-701,-246,-242,1866,113799,11513,-17927,147003,3170,0,157,157,2,0,169276,-1,0,0,0,-26,4097,0,-218,0,19119723,0,0,0,0,2919328,56611321,56831041,57050761,0,35167,0,0,-10177944,9573817,51742,-1696841235,2753731,-199491976,4,0,0,0,0,113786,1768,11245721,1,0
118,12000,2,,2915604,2918796,2915604,2918796,2916668,2918796,2918796,2915604,0,109944,0,-14814,2050,-969,8250,30696559,-10252880,-1520538894,14213,-20505760,2178652,3349052,2703,-16777216,0,654,0,0,4424548,2,1,10946506,150,16777216,32510,41,0,0,1,2924648,62819,54969,147269,128269,1279,1346,6824,47818876,15039354,0,42,0,1,0,38,163590,108772,-2672,-310,0,2424,702,6824,47818876,15039354,0,4090,4101,0,1,13115030,13132379,4326402,2914540,2916668,9,5934,4915,0,0,-659,-236,-232,1827,111484,3084,-13876,146012,3126,0,157,157,2,0,168622,-1,0,0,0,-26,4097,0,-218,0,19119723,0,0,0,0,2919328,56611321,56831041,57050761,0,35167,0,0,-10348207,9432376,50821,-1685323517,2002714,-201529666,4,0,0,0,0,111444,3019,-10252880,1,0
119,12067,2,,2915604,2918796,2915604,2918796,2916668,2918796,2918796,2915604,0,107297,0,-14256,-934,-2984,8250,3066432,-27630127,-88883128,14073,-55260254,2178652,3349052,2703,-16777216,0,654,0,0,4424548,2,1,11053803,150,16777216,32510,41,0,0,1,2924648,62819,54969,147269,128269,1279,1346,6824,47818876,15039354,0,42,0,1,0,38,166604,106088,-2684,-2368,0,2368,728,6824,47818876,15039354,0,4091,4100,0,1,13115030,13129844,4326402,2914540,2916668,8,5833,4915,0,0,-616,-224,-221,1779,108791,-25495,-10374,144682,3079,0,157,157,2,0,168622,-1,0,0,0,-26,4097,0,-218,0,19119723,0,0,0,0,2919328,56611321,56831041,57050761,0,35167,0,0,-10431350,9364366,50956,-1679731157,1668928,-202326910,4,0,0,0,0,108772,2050,-27630127,1,0
120,12200,2,,2915604,2918796,2915604,2918796,2916668,2918796,2918796,2915604,0,105320,0,-14322,-812,-1619,8250,6340482,-15389579,-1520538892,13549,-30779158,2178652,3349052,2703,-16777216,0,654,0,0,4424548,2,1,11264975,150,16777216,32510,41,0,0,1,2924648,62819,54969,147269,128269,1279,1346,6824,47818876,15039354,0,42,0,1,0,38,180420,105025,-850,-1052,0,2309,733,6824,47818876,15039354,0,4091,4100,0,1,13115030,13129350,4327425,2910816,2910816,6,5770,4915,0,0,-567,-211,-209,1728,105878,-16369,-6899,143012,3032,0,163,163,2,0,163312,-1,0,0,0,-26,4097,0,-218,0,19119723,0,0,0,0,2919328,56611321,56831041,57050761,0,35167,0,0,-10594137,9229498,51417,-1668724793,1001357,-203474759,4,0,0,0,0,105875,807,-15389579,1,0
121,12267,2,,2915604,2918796,2915604,2918796,2916668,2918796,2918796,2915604,0,103601,0,-14264,928,1740,8250,24157118,17816636,-88883126,13481,35633272,2178652,3349052,2703,-16777216,0,654,0,0,4424548,2,1,11368576,150,16777216,32510,41,0,0,1,2924648,62819,54969,147269,128269,1279,1346,6824,47818876,15039354,0,42,0,1,0,38,188754,102434,-2591,2294,0,2294,734,6824,47818876,15039354,0,4091,4100,0,1,13115030,13129352,4326402,2912412,2924648,5,5797,4915,0,0,-554,-208,-206,1715,105028,-1948,-8552,141835,3032,0,163,163,2,0,163312,-1,0,0,0,-26,4097,0,-218,0,19119723,0,0,0,0,2919328,56611321,56831041,57050761,0,35167,0,0,-10673113,9162275,51533,-1663325071,584124,-203816852,4,0,0,0,0,105025,-812,17816636,1,0
122,12400,2,,2915604,2918796,2915604,2918796,2916668,2918796,2918796,2915604,0,102090,0,-9071,4150,1496,8250,54179095,14318409,-1520538890,13083,28636818,2178652,3349052,2703,-16777216,0,654,0,0,4424548,2,1,11572876,150,16777216,32510,41,0,0,1,2924648,62819,54969,147269,128269,1279,1346,6824,47818876,15039354,0,42,0,1,0,38,210269,102043,-195,2362,0,2362,722,6824,47818876,15039354,0,4092,4099,0,1,13115030,13127503,4260866,2912412,2924648,3,5950,4915,0,0,-866,-195,-194,1774,102272,-1948,3814,139082,3010,0,227,454,0,0,92325,-1,0,0,0,-26,4097,0,-218,0,19119723,0,0,0,0,2919328,56611321,56831041,57050761,0,35167,0,0,-10823972,9024090,50023,-1650192945,0,-204043029,5,0,0,0,0,102238,2654,14318409,1,0
123,12467,2,,2915604,2924648,2915604,2924648,2916668,2918796,2924648,2915604,0,101809,0,-4393,5207,1057,8250,67072680,12893585,-88883124,13067,25787170,2178652,3349052,2703,-16777216,0,654,0,0,4424548,2,1,11674685,150,16777216,32510,41,0,0,1,2924648,62819,54969,147269,128269,1279,1346,6824,47818876,15039354,0,42,0,1,0,38,220957,101850,-193,2659,0,2659,688,6824,47818876,15039354,0,4089,4102,3,1,5365974,5375045,4260866,2912412,2924648,2,5989,4915,0,0,-1602,-193,-193,2037,102127,-1948,5118,139082,3005,0,227,681,0,0,92325,-1,0,0,0,-26,4097,0,-218,0,19119723,0,0,0,0,2919328,56611321,56831041,57050761,0,35167,0,0,-10896312,8952122,48585,-1637223623,0,-204043029,5,0,0,0,0,102043,4150,12893585,1,0
124,12600,2,,2915604,2924648,2915604,2924648,2916668,2918796,2924648,2915604,0,102528,0,6841,5587,-250,8250,73793834,-761832,-1520538888,13055,-1523664,2178652,3349052,2703,-16777216,0,654,0,0,4424548,2,1,11879204,150,16777216,32510,41,0,0,1,2924648,62819,54969,147269,128269,1279,1346,6824,47818876,15039354,0,42,0,1,0,38,225179,102699,440,1364,0,2666,687,6824,47818876,15039354,0,4096,4095,4,1,5365974,5364845,4260866,2912412,2924648,15,6009,4915,0,0,-1614,-194,-194,2044,102425,-1948,14771,137526,3045,0,227,1135,0,0,92325,-1,0,0,0,-26,4097,0,-215,0,19119723,0,0,0,0,2919328,56611321,56831041,57050761,0,35167,0,0,-11035956,8802359,45136,-1611170199,0,-204043029,5,0,0,0,0,102259,5837,-761832,1,0
125,12667,2,,2915604,2924648,2915604,2924648,2916668,2918796,2924648,2915604,0,103107,0,11928,4587,-1000,8250,66698563,-7095271,-88883122,13123,-14190542,2178652,3349052,2703,-16777216,0,654,0,0,4424548,2,1,11982311,150,16777216,32510,41,0,0,1,2924648,62819,54969,147269,128269,1279,1346,6824,47818876,15039354,0,42,0,1,0,38,222617,103166,467,632,0,2678,687,6824,47818876,15039354,0,4101,4090,4,1,5365974,5359133,4260866,2912412,2924648,14,5967,4915,0,0,-1632,-196,-196,2055,102850,-1948,13551,136701,3077,0,227,1362,0,0,92325,-1,0,0,0,-26,4097,0,-215,0,19119723,0,0,0,0,2919328,56611321,56831041,57050761,0,35167,0,0,-11104472,8725386,43577,-1598035527,0,-204043029,5,0,0,0,0,102699,5587,-7095271,1,0
126,12800,2,,2915604,2924648,2915604,2924648,2916668,2918796,2924648,2915604,0,104171,0,19619,3196,-603,8250,57937392,-3611681,-1520538886,13268,-7223362,2178652,3349052,2703,-16777216,0,654,0,0,4424548,2,1,12190139,150,16777216,32510,41,0,0,1,2924648,62819,54969,147269,128269,1279,1346,6824,47818876,15039354,0,42,0,1,0,38,217504,104066,445,1066,0,2703,685,6824,47818876,15039354,0,4108,4083,2,1,5365974,5349853,4260866,2912412,2924648,12,5984,4915,0,0,-1669,-199,-199,2078,103690,-1948,10789,134812,3148,0,227,1816,0,0,92325,-1,0,0,0,-26,4097,0,-215,0,19119723,0,0,0,0,2919328,56611321,56831041,57050761,0,35167,0,0,-11239696,8568201,41228,-1571560573,0,-204043029,5,0,0,0,0,103621,3799,-3611681,1,0
127,12867,2,,2915604,2924648,2915604,2924648,2916668,2918796,2924648,2915604,0,104696,0,22407,2380,-816,8250,52581941,-5355451,-88883120,13334,-10710902,2178652,3349052,2703,-16777216,0,654,0,0,4424548,2,1,12294835,150,16777216,32510,41,0,0,1,2924648,62819,54969,147269,128269,1279,1346,6824,47818876,15039354,0,42,0,1,0,38,214818,104514,448,871,0,2714,683,6824,47818876,15039354,0,4111,4081,2,1,5365974,5346355,4260866,2912412,2924648,11,6000,4915,0,0,-1687,-201,-201,2088,104115,-1948,9445,133918,3182,0,227,2043,0,0,92325,-1,0,0,0,-26,4097,0,-215,0,19119723,0,0,0,0,2919328,56611321,56831041,57050761,0,35167,0,0,-11306241,8487860,40381,-1558223479,0,-204043029,5,0,0,0,0,104066,3196,-5355451,1,0
128,13000,2,,2915604,2924648,2915604,2924648,2916668,2918796,2924648,2915604,0,101855,0,22965,252,1010,8250,39211725,10380122,-1520538884,13244,20760244,2178652,3349052,2703,-16777216,0,654,0,0,4424548,2,1,12500157,150,16777216,32510,41,0,0,1,2924648,62819,54969,147269,128269,1279,1346,6824,47818876,15039354,0,42,0,1,0,38,209618,101338,-191,2604,0,2604,693,6824,47818876,15039354,0,4113,4078,0,1,5365974,5342756,4260866,2924648,2920392,9,5973,4915,0,0,-1594,-191,-190,1988,101531,-14827,3447,132957,3127,0,273,273,1,0,2656,-1,0,0,0,-26,4097,0,-215,0,19119723,0,0,0,0,2919328,56611321,56831041,57050761,0,35167,0,0,-11435890,8329785,40237,-1532067763,83446,-204043029,5,0,0,0,0,101529,-758,10380122,1,0
129,13067,2,,2915604,2924648,2915604,2924648,2916668,2918796,2924648,2915604,0,101663,0,23723,1264,1012,8250,48399514,9187789,-88883118,13037,18375578,2178652,3349052,2703,-16777216,0,654,0,0,4424548,2,1,12601820,150,16777216,32510,41,0,0,1,2924648,62819,54969,147269,128269,1279,1346,6824,47818876,15039354,0,42,0,1,0,38,209826,101147,-191,2599,0,2599,694,6824,47818876,15039354,0,4113,4078,0,1,5365974,5343009,4260866,2924648,2914540,8,6040,4915,0,0,-1587,-191,-190,1983,101338,-14827,4786,132012,3144,0,273,546,1,0,2656,-1,0,0,0,-26,4097,0,-215,0,19119723,0,0,0,0,2919328,56611321,56831041,57050761,0,35167,0,0,-11497436,8249424,40018,-1519117039,83446,-204043029,5,0,0,0,0,101338,252,9187789,1,0
130,13200,2,,2915604,2924648,2915604,2924648,2916668,2918796,2924648,2915604,0,101343,0,28276,3290,1014,8250,64697939,7892570,-1520538882,12991,15785140,2178652,3349052,2703,-16777216,0,654,0,0,4424548,2,1,12804659,150,16777216,32510,41,0,0,1,2924648,62819,54969,147269,128269,1279,1346,6824,47818876,15039354,0,42,0,1,0,38,212401,100768,-189,2588,0,2588,694,6824,47818876,15039354,0,4115,4076,1,1,5365974,5340481,4260866,2924648,2914540,6,6106,4915,0,0,-1574,-189,-188,1973,100982,-14827,7614,130681,3164,0,273,1092,1,0,2656,-1,0,0,0,-26,4097,0,-215,0,19119723,0,0,0,0,2919328,56611321,56831041,57050761,0,35167,0,0,-11613121,8083960,38653,-1493277629,83446,-204043029,5,0,0,0,0,100957,2276,7892570,1,0
131,13267,2,,2915604,2924648,2915604,2924648,2916668,2918796,2924648,2915604,0,101526,0,31704,3567,277,8250,66056703,1358764,-88883116,12972,2717528,2178652,3349052,2703,-16777216,0,654,0,0,4424548,2,1,12906185,150,16777216,32510,41,0,0,1,2924648,62819,54969,147269,128269,1279,1346,6824,47818876,15039354,0,42,0,1,0,38,214723,101203,435,1845,0,2584,695,6824,47818876,15039354,0,4117,4074,2,1,5365974,5337698,4260866,2924648,2914540,5,6119,4915,0,0,-1568,-188,-187,1969,100821,-14827,9096,130169,3170,0,273,1365,1,0,2656,-1,0,0,0,-26,4097,0,-215,0,19119723,0,0,0,0,2919328,56611321,56831041,57050761,0,35167,0,0,-11667659,7998933,37617,-1480344357,83446,-204043029,5,0,0,0,0,100768,3290,1358764,1,0
132,13400,2,,2915604,2924648,2915604,2924648,2916668,2918796,2924648,2915604,0,102572,0,38387,3098,-252,8250,61090724,-2418280,-1520538880,13061,-4836560,2178652,3349052,2703,-16777216,0,654,0,0,4424548,2,1,13110801,150,16777216,32510,41,0,0,1,2924648,62819,54969,147269,128269,1279,1346,6824,47818876,15039354,0,42,0,1,0,38,220074,102102,449,1352,0,2608,693,6824,47818876,15039354,0,4123,4069,2,1,5365974,5330811,4260866,2924648,2914540,3,6157,4915,0,0,-1604,-192,-191,1991,101708,-14827,9493,129088,3225,0,273,1911,1,0,2656,-1,0,0,0,-26,4097,0,-215,0,19119723,0,0,0,0,2919328,56611321,56831041,57050761,0,35167,0,0,-11772716,7824791,35602,-1454278577,83446,-204043029,5,0,0,0,0,101653,3350,-2418280,1,0
133,13467,2,,2915604,2924648,2915604,2924648,2916668,2918796,2924648,2915604,0,103073,0,41311,2750,-348,8250,58182204,-2908520,-88883114,13129,-5817040,2178652,3349052,2703,-16777216,0,654,0,0,4424548,2,1,13213874,150,16777216,32510,41,0,0,1,2924648,62819,54969,147269,128269,1279,1346,6824,47818876,15039354,0,42,0,1,0,38,222757,102552,450,1273,0,2619,692,6824,47818876,15039354,0,4125,4066,2,1,5365974,5327587,4260866,2924648,2914540,2,6178,4915,554,118,-1621,-193,-192,2001,102148,-14827,9671,128553,3253,0,273,2184,1,0,2656,-1,0,0,0,-26,4097,0,-215,0,19119723,0,0,0,0,2919328,56611321,56831041,57050761,0,35167,0,0,-11823435,7735895,34726,-1441148233,83446,-204043029,5,0,0,0,0,102102,3098,-2908520,1,0
134,13600,2,,2915604,2924648,2915604,2924648,2916668,2918796,2924648,2915604,0,103739,0,47012,3537,979,8250,65255987,8396511,-1520538878,13257,16793022,2178652,3349052,2703,-16777216,0,654,0,0,4424548,2,1,13421187,150,16777216,32510,41,0,0,1,2924648,62819,54969,147269,128269,1279,1346,6824,47818876,15039354,0,42,0,1,0,38,228254,102800,-194,2634,0,2634,691,6824,47818876,15039354,0,4129,4062,1,1,5365974,5322009,4260866,2924648,2914540,15,6224,4915,720,152,-1655,-194,-193,2015,103025,-14827,10039,128096,3293,0,273,273,0,0,21704,-1,0,0,0,-26,4097,0,-213,0,19119723,0,0,0,0,2919328,56611321,56831041,57050761,0,35167,0,0,-11920314,7554469,33022,-1414738887,166892,-204043029,5,0,0,0,0,102994,2558,8396511,1,0
135,13667,2,,2915604,2924648,2915604,2924648,2916668,2918796,2924648,2915604,0,103632,0,51038,4515,978,8250,73032358,7776371,-88883112,13278,15552742,2178652,3349052,2703,-16777216,0,654,0,0,4424548,2,1,13524819,150,16777216,32510,41,0,0,1,2924648,62819,54969,147269,128269,1279,1346,6824,47818876,15039354,0,42,0,1,0,38,231340,102607,-193,2628,0,2628,691,6824,47818876,15039354,0,4132,4060,2,1,5365974,5318962,4260866,2924648,2915604,14,6122,4819,774,163,-1650,-193,-192,2009,102860,-14827,11522,127818,3294,0,273,546,0,0,21704,-1,0,0,0,-26,4097,0,-213,0,19119723,0,0,0,0,2919328,56611321,56831041,57050761,0,35167,0,0,-11965020,7461941,31809,-1401537335,166892,-204043029,5,0,0,0,0,102800,3537,7776371,1,0
136,13800,2,,2915604,2924648,2915604,2924648,2916668,2918796,2924648,2915604,0,103755,0,61594,5608,113,8250,80307756,-92015,-1520538876,13251,-184030,2178652,3349052,2703,-16777216,0,654,0,0,4424548,2,1,13732099,150,16777216,32510,41,0,0,1,2924648,62819,54969,147269,128269,1279,1346,6824,47818876,15039354,0,42,0,1,0,38,239268,102846,431,1752,0,2622,691,6824,47818876,15039354,0,4139,4053,4,1,5365974,5309931,4260866,2924648,2915604,12,5969,4667,762,161,-1639,-192,-191,2004,102562,-14827,14648,127495,3290,0,273,1092,0,0,21704,-1,0,0,0,-26,4097,0,-213,0,19119723,0,0,0,0,2919328,56611321,56831041,57050761,0,35167,0,0,-12046655,7273502,28617,-1375132191,166892,-204043029,5,0,0,0,0,102415,5495,-92015,1,0
137,13867,2,,2915604,2924648,2915604,2924648,2916668,2918796,2924648,2915604,0,104296,0,67102,5408,-200,8250,77944980,-2362776,-88883110,13280,-4725552,2178652,3349052,2703,-16777216,0,654,0,0,4424548,2,1,13836395,150,16777216,32510,41,0,0,1,2924648,62819,54969,147269,128269,1279,1346,6824,47818876,15039354,0,42,0,1,0,38,243808,103287,441,1457,0,2635,691,6824,47818876,15039354,0,4143,4048,4,1,5365974,5304380,4260866,2924648,2915604,11,5980,4658,726,153,-1657,-194,-193,2016,102998,-14827,14986,127365,3307,0,273,1365,0,0,21704,-1,0,0,0,-26,4097,0,-213,0,19119723,0,0,0,0,2919328,56611321,56831041,57050761,0,35167,0,0,-12084711,7177584,26952,-1361846051,166892,-204043029,5,0,0,0,0,102846,5608,-2362776,1,0
138,14000,2,,2915604,2924648,2915604,2924648,2916668,2918796,2924648,2915604,0,105390,0,76784,4351,-451,8250,69106338,-3533291,-1520538874,13421,-7066582,2178652,3349052,2703,-16777216,0,654,0,0,4424548,2,1,14046634,150,16777216,32510,41,0,0,1,2924648,62819,54969,147269,128269,1279,1346,6824,47818876,15039354,0,42,0,1,0,38,252924,104182,443,1243,0,2659,689,6824,47818876,15039354,0,4151,4040,3,1,5365974,5293767,4260866,2924648,2915604,9,5976,4622,719,150,-1694,-198,-197,2038,103850,-14827,15513,127106,3342,0,273,1911,0,0,21704,-1,0,0,0,-26,4097,0,-213,0,19119723,0,0,0,0,2919328,56611321,56831041,57050761,0,35167,0,0,-12156929,6982917,24036,-1335063965,166892,-204043029,5,0,0,0,0,103739,4802,-3533291,1,0
139,14067,2,,2915604,2924648,2915604,2924648,2916668,2918796,2924648,2915604,0,105938,0,80952,3985,-366,8250,66508409,-2597929,-88883108,13490,-5195858,2178652,3349052,2703,-16777216,0,654,0,0,4424548,2,1,14152572,150,16777216,32510,41,0,0,1,2924648,62819,54969,147269,128269,1279,1346,6824,47818876,15039354,0,42,0,1,0,38,257150,104618,436,1346,0,2672,688,6824,47818876,15039354,0,4155,4037,3,1,5365974,5289190,4260866,2924648,2915604,8,5940,4579,762,158,-1712,-200,-199,2050,104272,-14827,14545,126906,3362,0,273,2184,0,0,21704,-1,0,0,0,-26,4097,0,-213,0,19119723,0,0,0,0,2919328,56611321,56831041,57050761,0,35167,0,0,-12191040,6884181,22787,-1321568655,166892,-204043029,5,0,0,0,0,104182,4351,-2597929,1,0
140,14200,2,,2915604,2924648,2915604,2924648,2916668,2918796,2924648,2915604,0,106966,0,87911,3079,-347,8250,60349590,-2124702,-1520538872,13627,-4249404,2178652,3349052,2703,-16777216,0,654,0,0,4424548,2,1,14365997,150,16777216,32510,41,0,0,1,2924648,62819,54969,147269,128269,1279,1346,6824,47818876,15039354,0,42,0,1,0,38,263693,105489,430,1401,0,2696,687,6824,47818876,15039354,0,4161,4031,2,1,5365974,5281316,4260866,2921456,2915604,6,6059,4642,960,197,-1748,-203,-202,2071,105114,-14827,13687,126695,3396,0,273,2730,0,0,21704,-1,0,0,0,-26,4097,0,-213,0,19119723,0,0,0,0,2919328,56611321,56831041,57050761,0,35167,0,0,-12255049,6683998,20713,-1294380705,166892,-204043029,5,0,0,0,0,105059,3426,-2124702,1,0
141,14267,2,,2915604,2924648,2915604,2924648,2916668,2918796,2924648,2915604,0,107478,0,90859,2817,-262,8250,58943428,-1406162,-88883106,13691,-2812324,2178652,3349052,2703,-16777216,0,654,0,0,4424548,2,1,14473475,150,16777216,32510,41,0,0,1,2924648,62819,54969,147269,128269,1279,1346,6824,47818876,15039354,0,42,0,1,0,38,266785,105914,425,1503,0,2703,686,6824,47818876,15039354,0,4164,4028,2,1,5365974,5278063,4260866,2921456,2915604,5,6367,4864,1082,221,-1765,-203,-202,2078,105533,-14827,13925,126616,3412,0,273,3003,0,0,21704,-1,0,0,0,-26,4097,0,-213,0,19119723,0,0,0,0,2919328,56611321,56831041,57050761,0,35167,0,0,-12284764,6582533,19842,-1280689217,166892,-204043029,5,0,0,0,0,105489,3079,-1406162,1,0
142,14400,2,,2915604,2924648,2915604,2924648,2916668,2918796,2924648,2915604,0,108435,0,95754,2147,-266,8250,55017463,-1379042,-1520538870,13819,-2758084,2178652,3349052,2703,-16777216,0,654,0,0,4424548,2,1,14689874,150,16777216,32510,41,0,0,1,2924648,62819,54969,147269,128269,1279,1346,6824,47818876,15039354,0,42,0,1,0,38,272747,106764,421,1535,0,2718,684,6824,47818876,15039354,0,4168,4024,1,1,5365974,5272500,4260866,2921456,2923052,3,5934,4517,1235,250,-1801,-204,-203,2092,106370,-14827,14264,126529,3442,0,273,3549,0,0,21704,-1,0,0,0,-26,4097,0,-213,0,19119723,0,0,0,0,2919328,56611321,56831041,57050761,0,35167,0,0,-12339355,6376982,18410,-1253122415,166892,-204043029,5,0,0,0,0,106343,2413,-1379042,1,0
143,14467,2,,2915604,2924648,2915604,2924648,2916668,2918796,2924648,2915604,0,108911,0,97788,1921,-226,8250,53876995,-1140468,-88883104,13880,-2280936,2178652,3349052,2703,-16777216,0,654,0,0,4424548,2,1,14798785,150,16777216,32510,41,0,0,1,2924648,62819,54969,147269,128269,1279,1346,6824,47818876,15039354,0,42,0,1,0,38,275829,107177,413,1592,0,2737,683,6824,47818876,15039354,0,4170,4022,1,1,5365974,5270220,4260866,2924648,2923052,2,6157,4674,1756,354,-1818,-208,-207,2109,106785,-14827,14511,126535,3456,0,273,3822,0,0,21704,-1,0,0,0,-26,4097,0,-213,0,19119723,0,0,0,0,2919328,56611321,56831041,57050761,0,35167,0,0,-12364072,6272913,17822,-1239248377,166892,-204043029,5,0,0,0,0,106764,2147,-1140468,1,0
144,14600,2,,2915604,2924648,2915604,2924648,2916668,2918796,2924648,2915604,0,109830,0,101081,1543,-18,8250,52188258,504721,-1520538868,14001,1009442,2178652,3349052,2703,-16777216,0,654,0,0,4424548,2,1,15018002,150,16777216,32510,41,0,0,1,2924648,62819,54969,147269,128269,1279,1346,6824,47818876,15039354,0,42,0,0,0,38,281947,107995,400,1833,0,2756,681,6824,47818876,15039354,0,4173,4020,1,1,5365974,5266445,4195330,2924648,2921456,15,6499,4915,1437,287,-1851,-210,-209,2127,107606,0,14981,126577,3481,0,0,0,0,0,21704,-1,0,0,0,-26,4097,0,-211,0,19119723,0,0,0,0,2919328,56611321,56831041,57050761,0,35167,0,0,-12408175,6062317,16888,-1211322593,166892,-204043029,5,0,0,0,0,107595,1561,504721,1,0
145,14667,2,,2915604,2924648,2915604,2924648,2916668,2918796,2924648,2915604,0,110261,0,102667,1630,87,8250,53418025,1229767,-88883102,14058,2459534,2178652,3349052,2703,-16777216,0,654,0,0,4424548,2,1,15128263,150,16777216,32510,41,0,0,1,2924648,62819,54969,147269,128269,1279,1346,6824,47818876,15039354,0,42,0,0,0,38,284951,108390,395,1955,0,2759,681,6824,47818876,15039354,0,4174,4018,1,1,5365974,5264893,4195330,2924648,2921456,14,6506,4915,1669,332,-1868,-210,-209,2130,108006,0,15185,130776,3382,0,0,0,0,0,21704,-1,0,0,0,-26,4097,0,-211,0,19119723,0,0,0,0,2919328,56611321,56831041,57050761,0,35167,0,0,-12427143,5955816,16441,-1197276581,250339,-204043029,5,0,0,0,0,107995,1543,1229767,1,0
146,14800,2,,2915604,2924648,2915604,2924648,2916668,2918796,2924648,2915604,0,111146,0,105899,1603,-12,8250,53928783,238552,-1520538866,14168,477104,2178652,3349052,2703,-16777216,0,654,0,0,4424548,2,1,15350100,150,16777216,32510,41,0,0,1,2924648,62819,54969,147269,128269,1279,1346,6824,47818876,15039354,0,42,0,0,0,38,290950,109178,392,1888,0,2776,677,6824,47818876,15039354,0,4177,4016,1,1,5365974,5261684,4195330,2924648,2921456,12,6532,4915,1905,376,-1900,-212,-211,2146,108797,0,15380,130612,3411,0,0,0,0,0,21704,-1,0,0,0,-26,4097,0,-211,0,19119723,0,0,0,0,2919328,56611321,56831041,57050761,0,35167,0,0,-12458621,5740573,15530,-1169017039,250339,-204043029,5,0,0,0,0,108786,1615,238552,1,0
147,14867,2,,2915604,2924648,2915604,2924648,2916668,2918796,2924648,2915604,0,111570,0,107475,1548,-55,8250,53797870,-130913,-88883100,14227,-261826,2178652,3349052,2703,-16777216,0,654,0,0,4424548,2,1,15461670,150,16777216,32510,41,0,0,1,2924648,62819,54969,147269,128269,1279,1346,6824,47818876,15039354,0,42,0,0,0,38,293802,109566,388,1861,0,2784,673,6824,47818876,15039354,0,4178,4015,1,1,5365974,5260075,4195330,2924648,2921456,11,6537,4915,1969,387,-1916,-213,-212,2154,109189,0,15523,130465,3427,0,0,0,0,0,21704,-1,0,0,0,-26,4097,0,-211,0,19119723,0,0,0,0,2919328,56611321,56831041,57050761,0,35167,0,0,-12471122,5631929,15087,-1154804275,250339,-204043029,5,0,0,0,0,109178,1603,-130913,1,0
148,15000,2,,2915604,2924648,2915604,2924648,2916668,2918796,2924648,2915604,0,112406,0,110351,1292,-164,8250,52394699,-977408,-1520538864,14335,-1954816,2178652,3349052,2703,-16777216,0,654,0,0,4424548,2,1,15686066,150,16777216,32510,41,0,0,1,2924648,62819,54969,147269,128269,1279,1346,6824,47818876,15039354,0,42,0,0,0,38,299201,110329,380,1784,0,2805,665,6824,47818876,15039354,0,4180,4012,1,1,5365974,5256997,4195330,2924648,2923052,9,6549,4915,2050,400,-1948,-216,-215,2173,109958,0,15764,130224,3458,0,0,0,0,0,21704,-1,0,0,0,-26,4097,0,-211,0,19119723,0,0,0,0,2919328,56611321,56831041,57050761,0,35167,0,0,-12489695,5412872,14288,-1126218745,250339,-204043029,5,0,0,0,0,109949,1456,-977408,1,0
149,15067,2,,2915604,2924648,2915604,2924648,2916668,2918796,2924648,2915604,0,112844,0,111579,1164,-128,8250,51740735,-653964,-88883098,14388,-1307928,2178652,3349052,2703,-16777216,0,654,0,0,4424548,2,1,15798910,150,16777216,32510,41,0,0,1,2924648,62819,54969,147269,128269,1279,1346,6824,47818876,15039354,0,42,0,0,0,38,301793,110701,372,1836,0,2816,660,6824,47818876,15039354,0,4182,4011,1,1,5365974,5255623,4195330,2924648,2923052,8,6558,4915,2078,404,-1964,-217,-216,2183,110336,0,15874,130052,3474,0,0,0,0,0,21704,-1,0,0,0,-26,4097,0,-211,0,19119723,0,0,0,0,2919328,56611321,56831041,57050761,0,35167,0,0,-12495803,5302526,13954,-1111843687,250339,-204043029,5,0,0,0,0,110329,1292,-653964,1,0
150,15200,2,,2915604,2924648,2915604,2924648,2916668,2918796,2924648,2915604,0,113605,0,113682,925,-133,8250,50601705,-674793,-1520538862,14490,-1349586,2178652,3349052,2703,-16777216,0,654,0,0,4424548,2,1,16025722,150,16777216,32510,41,0,0,1,2924648,62819,54969,147269,128269,1279,1346,6824,47818876,15039354,0,42,0,0,0,38,306484,111427,361,1862,0,2835,653,6824,47818876,15039354,0,4183,4009,0,1,5365974,5253284,4195330,2924648,2923052,6,6577,4915,2124,410,-1995,-220,-219,2201,111071,0,15412,129671,3508,0,0,0,0,0,21704,-1,0,0,0,-26,4097,0,-211,0,19119723,0,0,0,0,2919328,56611321,56831041,57050761,0,35167,0,0,-12501376,5080552,13395,-1082950385,250339,-204043029,5,0,0,0,0,111066,1058,-674793,1,0
151,15267,2,,2915604,2924648,2915604,2924648,2916668,2918796,2924648,2915604,0,113996,0,114568,847,-78,8250,50366871,-234834,-88883096,14541,-469668,2178652,3349052,2703,-16777216,0,654,0,0,4424548,2,1,16139718,150,16777216,32510,41,0,0,1,2924648,62819,54969,147269,128269,1279,1346,6824,47818876,15039354,0,42,0,0,0,38,308273,111779,352,1932,0,2843,648,6824,47818876,15039354,0,4184,4009,0,1,5365974,5252292,4195330,2922520,2923052,5,6574,4915,2142,412,-2010,-221,-220,2210,111430,0,14582,129459,3525,0,0,0,0,0,21704,-1,0,0,0,-26,4097,0,-211,0,19119723,0,0,0,0,2919328,56611321,56831041,57050761,0,35167,0,0,-12500805,4968981,13167,-1068428577,250339,-204043029,5,0,0,0,0,111427,925,-234834,1,0
152,15400,2,,2915604,2924648,2915604,2924648,2916668,2918796,2924648,2915604,0,114758,0,116123,714,-60,8250,49987120,-151044,-1520538860,14641,-302088,2178652,3349052,2703,-16777216,0,654,0,0,4424548,2,1,16368856,150,16777216,32510,41,0,0,1,2924648,62819,54969,147269,128269,1279,1346,6824,47818876,15039354,0,42,0,0,0,38,310224,112465,340,1979,0,2864,641,6824,47818876,15039354,0,4186,4007,0,1,5365974,5250595,4195330,2922520,2923052,3,6542,4915,2172,415,-2039,-224,-223,2229,112127,0,12960,129071,3558,0,0,0,0,0,21704,-1,0,0,0,-26,4097,0,-211,0,19119723,0,0,0,0,2919328,56611321,56831041,57050761,0,35167,0,0,-12492724,4744926,12779,-1039238969,250339,-204043029,5,0,0,0,0,112125,774,-151044,1,0
153,15467,2,,2915604,2924648,2915604,2924648,2916668,2918796,2924648,2915604,0,115103,0,116800,639,-75,8250,49710808,-276312,-88883094,14689,-552624,2178652,3349052,2703,-16777216,0,654,0,0,4424548,2,1,16483959,150,16777216,32510,41,0,0,1,2924648,62819,54969,147269,128269,1279,1346,6824,47818876,15039354,0,42,0,0,0,38,310563,112800,335,1978,0,2872,638,6824,47818876,15039354,0,4186,4007,0,1,5365974,5249851,4195330,2922520,2923052,2,6528,4915,2185,416,-2053,-226,-225,2237,112467,0,12149,129014,3570,0,0,0,0,0,21704,-1,0,0,0,-26,4097,0,-211,0,19119723,0,0,0,0,2919328,56611321,56831041,57050761,0,35167,0,0,-12485159,4632577,12615,-1024576139,250339,-204043029,5,0,0,0,0,112465,714,-276312,1,0
154,15600,2,,2915604,2924648,2915604,2924648,2916668,2918796,2924648,2915604,0,115808,0,117865,425,-108,8250,48674729,-521414,-1520538858,14780,-1042828,2178652,3349052,2703,-16777216,0,654,0,0,4424548,2,1,16715239,150,16777216,32510,41,0,0,1,2924648,62819,54969,147269,128269,1279,1346,6824,47818876,15039354,0,42,0,0,0,38,309635,113458,326,1973,0,2891,632,6824,47818876,15039354,0,4187,4006,0,1,5365974,5248588,4195330,2922520,2923052,15,6503,4915,2209,418,-2081,-229,-228,2255,113133,0,10508,128783,3598,0,0,0,0,0,21704,-1,0,0,0,-26,4097,0,-209,0,19119723,0,0,0,0,2919328,56611321,56831041,57050761,0,35167,0,0,-12462986,4407459,12378,-995113665,250339,-204043029,5,0,0,0,0,113132,533,-521414,1,0
155,15734,2,,2915604,2924648,2915604,2924648,2916668,2918796,2924648,2915604,0,116138,0,118238,320,-105,8250,48180884,-493845,-88883092,14823,-987690,2178652,3349052,2703,-16777216,0,654,0,0,4424548,2,1,16831377,150,16777216,32510,41,0,0,1,2924648,62819,54969,147269,128269,1279,1346,6824,47818876,15039354,0,42,0,0,0,38,308599,113778,320,1989,0,2900,627,6824,47818876,15039354,0,4187,4006,0,1,5365974,5248109,4195330,2925712,2923052,14,6489,4915,2221,419,-2094,-230,-229,2264,113458,0,9634,128678,3611,0,0,0,0,0,21704,-1,0,0,0,-26,4097,0,-209,0,19119723,0,0,0,0,2919328,56611321,56831041,57050761,0,35167,0,0,-12448359,4294824,12307,-980318989,250339,-204043029,5,0,0,0,0,113458,425,-493845,1,0
156,15800,2,,2915604,2924648,2915604,2924648,2916668,2918796,2924648,2915604,0,116812,0,118647,94,-107,8250,47093296,-487103,-1520538856,14911,-974206,2178652,3349052,2703,-16777216,0,654,0,0,4424548,2,1,17064680,150,16777216,32510,41,0,0,1,2924648,62819,54969,147269,128269,1279,1346,6824,47818876,15039354,0,42,0,0,0,38,304992,114405,310,2014,0,2918,621,6824,47818876,15039354,0,4188,4005,0,1,5365974,5247475,4195330,2925712,2923052,12,6467,4915,2239,420,-2121,-233,-232,2281,114095,0,7822,128424,3638,0,0,0,0,0,21704,-1,0,0,0,-26,4097,0,-209,0,19119723,0,0,0,0,2919328,56611321,56831041,57050761,0,35167,0,0,-12411964,4069611,12271,-950598807,250339,-204043029,5,0,0,0,0,114095,201,-487103,1,0
157,15934,2,,2915604,2924648,2915604,2924648,2916668,2918796,2924648,2915604,0,117126,0,118688,-13,-107,8250,46609808,-483488,-88883090,14952,-966976,2178652,3349052,2703,-16777216,0,654,0,0,4424548,2,1,17181806,150,16777216,32510,41,0,0,1,2924648,62819,54969,147269,128269,1279,1346,6824,47818876,15039354,0,42,0,0,0,38,302629,114710,305,2027,0,2926,618,6824,47818876,15039354,0,4188,4005,0,1,5365974,5247327,4195330,2925712,2923052,11,6455,4915,2245,420,-2134,-234,-233,2289,114405,0,6917,128247,3653,0,0,0,0,0,21704,-1,0,0,0,-26,4097,0,-209,0,19119723,0,0,0,0,2919328,56611321,56831041,57050761,0,35167,0,0,-12390189,3957167,12302,-935678271,250339,-204043029,5,0,0,0,0,114405,94,-483488,1,0
158,16000,2,,2915604,2924648,2915604,2924648,2916668,2918796,2924648,2915604,0,117740,0,118465,-204,-89,8250,45803629,-357770,-1520538854,15032,-715540,2178652,3349052,2703,-16777216,0,654,0,0,4424548,2,1,17416982,150,16777216,32510,41,0,0,1,2924648,62819,54969,147269,128269,1279,1346,6824,47818876,15039354,0,42,0,0,0,38,296326,115305,295,2070,0,2943,612,6824,47818876,15039354,0,4188,4005,0,1,5365974,5247350,4195330,2921988,2922520,9,6428,4915,2263,421,-2159,-237,-236,2306,115010,0,4624,127892,3683,0,0,0,0,0,21704,-1,0,0,0,-26,4097,0,-209,0,19119723,0,0,0,0,2919328,56611321,56831041,57050761,0,35167,0,0,-12339352,3732896,12459,-905719489,250339,-204043029,5,0,0,0,0,115010,-115,-357770,1,0
159,16067,2,,2915604,2924648,2915604,2924648,2916668,2918796,2924648,2915604,0,118039,0,118220,-286,-82,8250,45488127,-315502,-88883088,15071,-631004,2178652,3349052,2703,-16777216,0,654,0,0,4424548,2,1,17535021,150,16777216,32510,41,0,0,1,2924648,62819,54969,147269,128269,1279,1346,6824,47818876,15039354,0,42,0,0,0,38,292399,115595,290,2089,0,2951,609,6824,47818876,15039354,0,4188,4005,0,1,5365974,5247509,4195330,2921988,2922520,8,6414,4915,2269,421,-2171,-238,-237,2313,115305,0,3382,127664,3699,0,0,0,0,0,21704,-1,0,0,0,-26,4097,0,-209,0,19119723,0,0,0,0,2919328,56611321,56831041,57050761,0,35167,0,0,-12310254,3621191,12577,-890682647,166892,-204043029,5,0,0,0,0,115305,-204,-315502,1,0
160,16200,2,,2915604,2924648,2915604,2924648,2916668,2918796,2924648,2915604,0,118498,0,117575,-364,-43,8250,45440461,-75040,-1520538852,15146,-150080,2178652,3349052,2703,-16777216,0,654,0,0,4424548,2,1,17771851,150,16777216,32510,41,0,0,1,2924648,62819,54969,147269,128269,1279,1346,6824,47818876,15039354,0,42,0,0,0,38,282999,115914,36,2152,0,2968,604,6824,47818876,15039354,0,4188,4005,0,1,5365974,5248057,4195330,2921988,2922520,6,6387,4915,2280,421,-2195,-241,-240,2330,115878,0,837,127205,3731,0,0,0,0,0,21704,-1,0,0,0,-26,4097,0,-209,0,19119723,0,0,0,0,2919328,56611321,56831041,57050761,0,35167,0,0,-12244681,3399059,12860,-860513167,166892,-204043029,5,0,0,0,0,115878,-321,-75040,1,0
161,16267,2,,2915604,2924648,2915604,2924648,2916668,2918796,2924648,2915604,0,118384,0,117193,-401,-37,8250,45357264,-83197,-88883086,15168,-166394,2178652,3349052,2703,-16777216,0,654,0,0,4424548,2,1,17890235,150,16777216,32510,41,0,0,1,2924648,62819,54969,147269,128269,1279,1346,6824,47818876,15039354,0,42,0,0,0,38,277787,115703,-211,2159,0,2968,603,6824,47818876,15039354,0,4187,4006,0,1,5365974,5248399,4194560,2921988,2925180,5,6377,4915,2278,420,-2196,-241,-240,2330,115914,0,263,126972,3739,0,0,0,0,0,21704,-1,0,0,0,-26,4097,0,-209,0,19119723,0,0,0,0,2919328,56611321,56831041,57050761,0,35167,0,0,-12208283,3289137,13019,-845432375,166892,-204043029,5,0,0,0,0,115914,-364,-83197,1,0
162,16400,2,,2915604,2924648,2915604,2924648,2916668,2918796,2924648,2915604,0,117904,0,116320,-475,-39,8250,44985643,-235335,-1520538850,15126,-470670,2178652,3349052,2703,-16777216,0,654,0,0,4424548,2,1,18126310,150,16777216,32510,41,0,0,1,2924648,62819,54969,147269,128269,1279,1346,6824,47818876,15039354,0,42,0,0,0,38,267440,115179,-319,2140,0,2957,607,6824,47818876,15039354,0,4187,4006,0,1,5365974,5249199,4195330,2925712,2924116,3,6364,4915,2255,417,-2179,-239,-238,2320,115498,0,-80,126576,3737,0,0,0,0,0,21704,-1,0,0,0,-26,4097,0,-209,0,19119723,0,0,0,0,2919328,56611321,56831041,57050761,0,35167,0,0,-12128621,3072392,13367,-815359071,166892,-204043029,5,0,0,0,0,115498,-436,-235335,1,0
163,16467,2,,2915604,2924648,2915604,2924648,2916668,2918796,2924648,2915604,0,117640,0,115840,-486,-11,8250,44894785,-90858,-88883084,15092,-181716,2178652,3349052,2703,-16777216,0,654,0,0,4424548,2,1,18243950,150,16777216,32510,41,0,0,1,2924648,62819,54969,147269,128269,1279,1346,6824,47818876,15039354,0,42,0,0,0,38,262543,115040,-139,2154,0,2949,610,6824,47818876,15039354,0,4186,4007,0,1,5365974,5249654,4195330,2925712,2924116,2,6360,4915,2239,415,-2165,-238,-237,2311,115179,0,99,126488,3729,0,0,0,0,0,21704,-1,0,0,0,-26,4097,0,-209,0,19119723,0,0,0,0,2919328,56611321,56831041,57050761,0,35167,0,0,-12085428,2965711,13553,-800373057,166892,-204043029,5,0,0,0,0,115179,-475,-90858,1,0
164,16600,2,,2915604,2924648,2915604,2924648,2916668,2918796,2924648,2915604,0,117188,0,114765,-600,-68,8250,43993304,-537517,-1520538848,15032,-1075034,2178652,3349052,2703,-16777216,0,654,0,0,4424548,2,1,18478573,150,16777216,32510,41,0,0,1,2924648,62819,54969,147269,128269,1279,1346,6824,47818876,15039354,0,42,0,0,0,38,253283,114615,-160,2080,0,2937,615,6824,47818876,15039354,0,4185,4007,0,1,5365974,5250643,4195330,2925712,2924116,15,6352,4915,2209,411,-2148,-236,-235,2300,114776,0,76,126459,3717,0,0,0,0,0,21704,-1,0,0,0,-26,4097,0,-206,0,19119723,0,0,0,0,2919328,56611321,56831041,57050761,0,35167,0,0,-11992424,2755830,13958,-770484721,166892,-204043029,5,0,0,0,0,114775,-532,-537517,1,0
165,16667,2,,2915604,2924648,2915604,2924648,2916668,2918796,2924648,2915604,0,116991,0,114127,-677,-77,8250,43400924,-592380,-88883082,15000,-1184760,2178652,3349052,2703,-16777216,0,654,0,0,4424548,2,1,18595564,150,16777216,32510,41,0,0,1,2924648,62819,54969,147269,128269,1279,1346,6824,47818876,15039354,0,42,0,0,0,38,248989,114387,-228,2064,0,2933,616,6824,47818876,15039354,0,4185,4008,0,1,5365974,5251209,4195330,2925712,2924116,14,6350,4915,2194,409,-2141,-236,-235,2296,114616,0,8,126450,3712,0,0,0,0,0,21704,-1,0,0,0,-26,4097,0,-206,0,19119723,0,0,0,0,2919328,56611321,56831041,57050761,0,35167,0,0,-11942737,2652678,14189,-755581383,166892,-204043029,5,0,0,0,0,114615,-600,-592380,1,0
166,16800,2,,2915604,2924648,2915604,2924648,2916668,2918796,2924648,2915604,0,116613,0,112631,-798,-39,8250,42474944,-295434,-1520538846,14951,-590868,2178652,3349052,2703,-16777216,0,654,0,0,4424548,2,1,18828981,150,16777216,32510,41,0,0,1,2924648,62819,54969,147269,128269,1279,1346,6824,47818876,15039354,0,42,0,0,0,38,240733,114066,-185,2086,0,2924,620,6824,47818876,15039354,0,4184,4009,0,1,5365974,5252565,4195330,2922520,2924116,12,6344,4915,2165,405,-2125,-234,-233,2287,114253,0,49,126424,3701,0,0,0,0,0,21704,-1,0,0,0,-26,4097,0,-206,0,19119723,0,0,0,0,2919328,56611321,56831041,57050761,0,35167,0,0,-11837109,2450090,14715,-725846679,166892,-204043029,5,0,0,0,0,114251,-759,-295434,1,0
167,16867,2,,2915604,2924648,2915604,2924648,2916668,2918796,2924648,2915604,0,116492,0,111800,-865,-67,8250,41961834,-513110,-88883080,14926,-1026220,2178652,3349052,2703,-16777216,0,654,0,0,4424548,2,1,18945473,150,16777216,32510,41,0,0,1,2924648,62819,54969,147269,128269,1279,1346,6824,47818876,15039354,0,42,0,0,0,38,236918,114074,8,2050,0,2918,622,6824,47818876,15039354,0,4183,4010,0,1,5365974,5253343,4195330,2922520,2924116,11,6345,4915,2151,403,-2117,-234,-233,2282,114068,0,242,126428,3695,0,0,0,0,0,21704,-1,0,0,0,-26,4097,0,-206,0,19119723,0,0,0,0,2919328,56611321,56831041,57050761,0,35167,0,0,-11781162,2350698,15002,-711006907,166892,-204043029,5,0,0,0,0,114066,-798,-513110,1,0
168,17000,2,,2915604,2924648,2915604,2924648,2916668,2918796,2924648,2915604,0,116255,0,109903,-1031,-82,8250,40741162,-608162,-1520538844,14898,-1216324,2178652,3349052,2703,-16777216,0,654,0,0,4424548,2,1,19178116,150,16777216,32510,41,0,0,1,2924648,62819,54969,147269,128269,1279,1346,6824,47818876,15039354,0,42,0,0,0,38,229717,113872,14,2025,0,2914,624,6824,47818876,15039354,0,4182,4011,0,1,5365974,5255081,4195330,2911880,2922520,9,6345,4915,2131,400,-2107,-233,-232,2277,113861,0,247,126506,3686,0,0,0,0,0,21704,-1,0,0,0,-26,4097,0,-206,0,19119723,0,0,0,0,2919328,56611321,56831041,57050761,0,35167,0,0,-11663247,2155760,15644,-681370803,83446,-204043029,5,0,0,0,0,113858,-949,-608162,1,0
169,17067,2,,2915604,2924648,2915604,2924648,2916668,2918796,2924648,2915604,0,116171,0,108865,-1045,-14,8250,40678080,-63082,-88883078,14881,-126164,2178652,3349052,2703,-16777216,0,654,0,0,4424548,2,1,19294287,150,16777216,32510,41,0,0,1,2924648,62819,54969,147269,128269,1279,1346,6824,47818876,15039354,0,42,0,0,0,38,226351,113744,-128,2093,0,2914,624,6824,47818876,15039354,0,4181,4012,0,1,5365974,5256071,4195330,2911880,2922520,8,6348,4915,2118,398,-2107,-233,-232,2277,113876,0,105,126576,3684,0,0,0,0,0,21704,-1,0,0,0,-26,4097,0,-206,0,19119723,0,0,0,0,2919328,56611321,56831041,57050761,0,35167,0,0,-11601303,2060291,15990,-666571921,83446,-204043029,5,0,0,0,0,113872,-1031,-63082,1,0
