23:52:14 | DEBUG    | Decoding htshotc.stp (640x480, 307200 pixels)
23:52:14 | WARNING  | LONG RUN | type=LITERAL offset=0x000000E5 ctrl=0x2A len=42 data=b1 b3 b1 c3 c1 c0 b1 bc 33 34 4e 4d 4e e3 d3 dd c3 34 63 65 65 68 e2 e3 d3 dd b1 b1 b4 68 37 39 f2 f2 dd e3 d3 d3 36 45 68 38
23:52:14 | WARNING  | LONG RUN | type=LITERAL offset=0x00000196 ctrl=0x33 len=51 data=81 b3 b4 b3 e2 38 3a 80 f2 39 52 6a 6a 3b 6e 65 65 69 3a 80 3b 3a 3b e2 4a 45 68 39 6e 3b 3b 81 45 e2 b1 a6 b3 44 e3 f2 81 3a 6e 69 6e 6e 69 69 45 69 44
23:52:14 | WARNING  | LONG RUN | type=LITERAL offset=0x000003BA ctrl=0x37 len=55 data=dd c1 c1 dd c1 c0 d1 45 4e 6e 38 52 f2 f2 38 f2 81 81 80 f2 b1 e2 c6 c6 b1 c0 c0 c6 c6 b1 c6 f2 f2 80 80 81 80 81 c3 d1 d1 b3 d1 3b 81 81 39 52 52 6a 39 f2 68 64 64
23:52:14 | WARNING  | LONG RUN | type=LITERAL offset=0x00000456 ctrl=0x21 len=33 data=3a 39 39 52 f2 81 81 f2 37 38 44 44 65 63 39 52 52 39 39 3a 3b 39 6e 3a f2 dc 44 4e 4e 45 e2 44 42
23:52:14 | WARNING  | LONG RUN | type=REPEAT offset=0x0000049A ctrl=0x81 len=65 data=15
23:52:14 | WARNING  | LONG RUN | type=LITERAL offset=0x0000049C ctrl=0x3B len=59 data=f3 83 68 44 38 39 f2 3b 3a e2 b3 b1 d3 e4 82 f2 e3 b5 b5 39 43 f2 0e 3b 3a 52 52 3a 3a 39 6e 38 38 37 37 3b 3b 44 6e 04 52 6e 6a 50 43 6a 3d 38 38 d1 38 3b 80 81 f2 80 38 39 3b
23:52:14 | WARNING  | LONG RUN | type=REPEAT offset=0x000004D8 ctrl=0x80 len=64 data=3b
23:52:14 | WARNING  | LONG RUN | type=REPEAT offset=0x000004DA ctrl=0x80 len=64 data=f2
23:52:14 | WARNING  | LONG RUN | type=LITERAL offset=0x000004DC ctrl=0x3A len=58 data=65 64 63 4e 6e 52 6a 69 6e 6e 3b 82 3a 37 38 39 6e 39 3a 6a 6a 65 64 33 33 37 81 83 3b 3a 3b 3b f2 e4 f2 f2 3b 3b f2 f2 83 f2 e2 37 44 e2 43 b5 45 b3 0b 36 b3 b3 c6 b1 b1 b3
23:52:14 | WARNING  | LONG RUN | type=REPEAT offset=0x00000517 ctrl=0xB3 len=115 data=d1
23:52:14 | WARNING  | LONG RUN | type=REPEAT offset=0x00000519 ctrl=0xB3 len=115 data=b5
23:52:14 | WARNING  | LONG RUN | type=LITERAL offset=0x0000057A ctrl=0x2D len=45 data=c1 b1 b3 d1 36 37 d1 d1 68 68 65 65 38 e3 c3 b1 e2 66 63 63 65 45 44 38 36 d3 c0 b4 36 67 35 b4 44 f2 d4 c1 c1 c3 e3 e3 b5 69 35 d1 d1
23:52:14 | WARNING  | LONG RUN | type=LITERAL offset=0x000005EF ctrl=0x36 len=54 data=44 dd c1 c6 e2 b4 65 38 52 f2 f2 e3 dd dd c0 c0 35 44 44 e3 e3 f2 f2 c1 c0 dd dc c6 c6 33 66 4d 4e 6e 6e 39 3b 3a 69 3a 82 81 f2 3b c6 b8 c6 c0 b1 b8 b1 c6 b1 b1
23:52:14 | WARNING  | LONG RUN | type=LITERAL offset=0x00000628 ctrl=0x22 len=34 data=80 80 81 f2 c6 b3 d1 b5 3b 3b 81 80 52 52 3a 38 3a 69 63 63 66 63 4d 4d 4e 4e 45 e2 3a 80 3b 38 39 39
23:52:14 | WARNING  | LONG RUN | type=LITERAL offset=0x000007BD ctrl=0x22 len=34 data=b1 d1 d1 36 35 34 36 45 68 67 64 67 35 67 63 67 34 67 64 63 65 67 69 45 34 b5 c3 c3 b1 e2 d1 35 36 d1
23:52:14 | WARNING  | LONG RUN | type=LITERAL offset=0x00000829 ctrl=0x39 len=57 data=c0 c0 c3 c1 c3 c0 c3 b3 b3 34 41 41 b5 d3 c3 c0 e2 66 67 43 49 45 f2 f2 d3 c0 c0 c6 64 44 38 e3 e3 f2 dc c1 c0 dd c6 c6 c0 b3 66 63 4d 45 38 38 39 f2 f2 3a 3b f2 f2 80 b5
23:52:14 | WARNING  | LONG RUN | type=LITERAL offset=0x0000086D ctrl=0x2E len=46 data=80 81 f3 f2 b5 b3 d1 39 3b 81 80 3b 39 6e 44 44 69 65 63 66 66 4d 4d 4e 67 4e 45 f2 80 3b f2 3b 39 38 44 67 66 66 4d 4e 68 e3 3b f2 f2 81
23:52:14 | WARNING  | LONG RUN | type=LITERAL offset=0x000008F9 ctrl=0x22 len=34 data=e2 44 45 42 42 44 42 e2 e2 dc e2 f2 e4 e3 4d 37 37 69 37 83 bd 3a 44 37 3b 3b 3a 3b 80 f2 3a 44 3b 83
23:52:14 | WARNING  | LONG RUN | type=LITERAL offset=0x00000A0A ctrl=0x21 len=33 data=33 67 34 34 45 35 68 45 69 35 33 33 66 4d 34 67 36 36 45 36 b4 34 66 66 67 34 35 b4 d1 b5 e2 d1 b3
23:52:14 | WARNING  | LONG RUN | type=LITERAL offset=0x00000B2C ctrl=0x2E len=46 data=e2 e2 42 44 42 42 e2 e2 44 44 f2 f2 38 45 b5 d1 45 69 38 81 37 38 3a f2 3a 3a f2 f2 80 39 38 3b 81 f3 f3 81 f2 f2 f3 f3 83 82 6e 66 d1 e3
23:52:14 | WARNING  | LONG RUN | type=LITERAL offset=0x00000B6C ctrl=0x29 len=41 data=b1 c6 b8 b1 3b 3b 52 52 39 3a 80 3a 52 52 3a 3b f2 3b 52 6e 6e 39 3a 39 3a 6a 68 65 69 69 6a 3a 3b 3a 3a 52 3a 3a 39 38 69
23:52:14 | WARNING  | LONG RUN | type=LITERAL offset=0x00000BDC ctrl=0x31 len=49 data=b1 b1 b5 c3 b3 35 34 34 b4 35 b4 b4 66 66 35 35 d1 36 63 34 b4 34 35 37 3a 3a 39 33 d1 d1 37 3a 3b 3a 3a 35 34 69 38 3b f2 52 39 52 6e 6e 37 37 39
23:52:14 | WARNING  | LONG RUN | type=LITERAL offset=0x00000CC9 ctrl=0x23 len=35 data=c6 34 f1 66 4e 37 38 39 4a e2 e2 d1 37 35 7e b5 c3 c0 b1 b1 b8 b8 81 f2 80 f2 81 80 81 b5 b1 c6 b4 36 3b
23:52:14 | WARNING  | LONG RUN | type=LITERAL offset=0x00000CEF ctrl=0x30 len=48 data=80 80 81 f2 80 80 3a 6a 69 38 39 44 81 81 3b 3b 81 84 f2 80 80 6e 69 68 67 68 4e 43 3a 81 81 84 84 83 83 f3 3a 38 3b 81 f2 f2 38 52 3b 3b 39 38
23:52:14 | WARNING  | LONG RUN | type=LITERAL offset=0x00001014 ctrl=0x3D len=61 data=3a 39 3a 3a 6e 6e 69 69 68 68 65 68 69 6a 39 3a 39 44 44 38 37 37 3a 39 3b 80 f2 f2 80 f2 3a 37 38 6e 37 3a 81 80 38 3a 3b 3b f2 f2 3b 52 3b f2 82 84 c3 e2 e2 c6 b1 b1 e2 b3 e2 e2 b1
23:52:14 | WARNING  | LONG RUN | type=LITERAL offset=0x0000105E ctrl=0x27 len=39 data=e3 b5 e3 39 38 38 b5 3b 52 6e 38 3a 37 67 34 33 34 34 b4 67 33 35 34 67 67 66 66 34 b3 b3 b4 35 b3 b3 67 63 33 34 b4
23:52:14 | WARNING  | LONG RUN | type=LITERAL offset=0x000012AB ctrl=0x37 len=55 data=33 34 33 63 66 33 34 b3 b3 d1 e2 d1 68 63 63 67 67 b4 b3 36 68 67 67 64 67 65 68 7e b3 66 33 66 34 35 36 36 34 33 66 63 63 45 b3 36 b3 34 63 34 67 34 3a 3b 3b 52 52
23:52:14 | WARNING  | LONG RUN | type=LITERAL offset=0x0000137C ctrl=0x25 len=37 data=c6 c0 c0 c6 d1 e3 dd c0 b1 c0 b1 c6 b3 b3 c6 c6 d1 bc 34 33 33 b4 b4 b3 b1 b1 c3 b1 b1 81 f2 f2 81 81 f2 81 b5
23:52:14 | WARNING  | LONG RUN | type=LITERAL offset=0x000013B5 ctrl=0x3F len=63 data=44 81 84 81 80 3b 3b 81 3a 3b 38 39 38 69 69 80 f2 68 84 6e 80 3a 52 f3 39 37 39 80 81 f2 f2 81 f2 39 52 6e 65 6e 6e 69 69 68 65 65 68 68 3a 3b 80 81 3b 3a 6e 6a 6e 6e 38 f2 38 39 f2 3b 38
23:52:14 | WARNING  | LONG RUN | type=LITERAL offset=0x00001565 ctrl=0x35 len=53 data=b8 b3 c8 bf d3 f2 f2 3b 52 3b 52 52 3b 52 52 3b f2 80 80 f2 81 f2 f2 b5 c6 c6 7c b3 b4 35 b4 35 b1 b1 bc 35 35 e2 c0 b1 b1 c0 c0 b1 b1 c3 e2 e2 b1 b1 c3 c3 e3
23:52:14 | WARNING  | LONG RUN | type=LITERAL offset=0x0000185D ctrl=0x28 len=40 data=69 69 65 48 69 6e 69 80 3a f2 3b 39 38 6a 3a 3a f2 3b 3a 39 3b 3a 3a 80 81 81 80 80 81 81 80 39 6e 37 37 38 39 3b 3b 44
23:52:14 | WARNING  | LONG RUN | type=LITERAL offset=0x000018B5 ctrl=0x30 len=48 data=f2 81 81 f2 f2 81 f2 f2 e3 e2 44 45 34 4d 4d 63 4d 33 33 37 39 3b 69 39 39 52 3b 81 80 81 81 37 68 69 6a 44 f3 f3 3c 83 f3 83 3a 44 6e 52 6e 6a
23:52:14 | WARNING  | LONG RUN | type=LITERAL offset=0x00001921 ctrl=0x25 len=37 data=80 38 44 37 69 6e 3b 6e 68 69 69 36 37 38 e3 3a 37 38 6e 38 39 44 44 6e 52 3a 3a 3b f2 81 f2 f2 3b f2 3b f2 83
23:52:14 | WARNING  | LONG RUN | type=LITERAL offset=0x00001B1C ctrl=0x2C len=44 data=52 6e 44 6e 6e 3a 52 52 3a 38 37 b3 b3 e2 38 b5 b1 b1 3b c3 e2 c6 c3 3b 80 52 3a 3b 52 6e 6a 6e 52 6e 6a 6a 6e 39 3b 3b b5 b1 dc d3
23:52:14 | WARNING  | LONG RUN | type=LITERAL offset=0x00001CA2 ctrl=0x34 len=52 data=3a b5 d1 39 f2 3b 81 f2 f2 80 80 f2 3b 6e 6e 3a 3b 3a 3b 3a 3b 3b 80 3b 38 38 3b 80 3b 80 80 3b 3a 3a 38 3a f2 3b 69 66 69 63 45 69 38 3b f2 3b 3b 38 39 3a
23:52:14 | WARNING  | LONG RUN | type=LITERAL offset=0x00001D05 ctrl=0x22 len=34 data=38 3a 3a 37 69 44 f2 80 81 82 82 81 81 f2 3a 37 dc dc dd e3 d4 dd d4 e3 e3 e2 44 3b 81 81 83 83 84 f2
23:52:14 | WARNING  | LONG RUN | type=LITERAL offset=0x00001D5E ctrl=0x29 len=41 data=3b 3b 3a 3a 39 38 37 37 38 3a b5 b3 b3 e3 f2 3a 6e f2 f2 38 6a 6a 6e 39 38 6e 39 3a 80 f2 b1 e2 e2 f2 e4 f2 e3 37 3a f2 80
23:52:14 | WARNING  | LONG RUN | type=LITERAL offset=0x00001F22 ctrl=0x23 len=35 data=38 6a 44 44 f2 3a e4 82 82 f2 e3 39 d1 e2 d4 d4 e4 e4 d4 d3 d4 d4 dd dd 37 39 3b 81 82 84 84 f3 83 e4 e4
23:52:14 | WARNING  | LONG RUN | type=LITERAL offset=0x00001F7C ctrl=0x23 len=35 data=6a 6a 6e 3b f2 39 b3 38 3a 3a 39 44 3a 3b 38 6e 6e 52 52 6e 6e 39 3a b5 b1 b8 c6 f2 f2 d4 e3 69 38 f2 80
23:52:14 | WARNING  | LONG RUN | type=LITERAL offset=0x000023A9 ctrl=0x3A len=58 data=e4 e3 38 f2 37 3a f2 f2 6a 37 f2 3b 6e 69 69 37 f2 f2 3b 6a 65 65 69 6a 69 3a 81 80 38 84 83 81 f2 f2 3b 80 80 f2 82 80 f2 81 81 82 82 84 82 69 52 52 6e 6e 69 69 6a 6e 52 3a
23:52:14 | WARNING  | LONG RUN | type=LITERAL offset=0x00002421 ctrl=0x21 len=33 data=6e 6e 6a 6a 6e 6e 39 6e 68 68 69 38 3b 84 82 3b f2 81 81 3b 52 38 6e 39 52 3b 82 80 38 b5 69 69 6a
23:52:14 | WARNING  | LONG RUN | type=LITERAL offset=0x00002445 ctrl=0x2F len=47 data=d1 35 51 35 36 b3 b3 b5 37 38 e3 e3 3b 80 81 80 81 80 81 80 80 81 81 82 82 81 f2 e4 f2 d3 d4 d4 d3 d4 d3 f2 37 64 65 6b 69 68 65 69 6a 6b 6b
23:52:14 | WARNING  | LONG RUN | type=LITERAL offset=0x00002577 ctrl=0x24 len=36 data=f2 38 b5 3a f2 82 81 f2 80 3b 3b 3a 3a 38 38 6e 39 3a 3a 38 3b f2 f2 80 80 3b 3b 39 68 68 6e 3b f2 f2 3b 3b
23:52:14 | WARNING  | LONG RUN | type=LITERAL offset=0x0000259E ctrl=0x24 len=36 data=6e 44 6a 69 44 44 68 6a 52 81 3b 38 37 37 38 38 45 69 68 45 44 69 69 6e 38 6e 38 38 3a 3b 80 80 3b 3b 3a 3a
23:52:14 | WARNING  | LONG RUN | type=LITERAL offset=0x0000265F ctrl=0x2A len=42 data=80 6e 37 44 6e 37 38 6e 3a 39 39 52 52 3b 3b 39 3a 52 6a 65 35 d1 b5 b5 83 3b 3b 80 81 81 3b 39 38 3a 52 52 3b 82 38 e2 37 69
23:52:14 | WARNING  | LONG RUN | type=LITERAL offset=0x000026C6 ctrl=0x3F len=63 data=6a 69 69 65 69 69 65 65 63 6a 82 81 f2 3a e4 f2 37 f2 39 f2 f2 38 37 37 6e 69 36 34 36 69 6e 6e 52 39 6e 6a 6e 3b 52 3a 52 6e 39 39 6e 6e 69 39 f3 d5 f2 c3 e2 e2 36 b4 d1 e2 d1 d1 e2 e3 e3
23:52:14 | WARNING  | LONG RUN | type=REPEAT offset=0x00002753 ctrl=0x81 len=65 data=42
23:52:14 | WARNING  | LONG RUN | type=REPEAT offset=0x00002755 ctrl=0xE4 len=164 data=44
23:52:14 | WARNING  | LONG RUN | type=REPEAT offset=0x00002757 ctrl=0xF2 len=178 data=01
23:52:14 | WARNING  | LONG RUN | type=REPEAT offset=0x00002759 ctrl=0x80 len=64 data=49
23:52:14 | WARNING  | LONG RUN | type=REPEAT offset=0x0000275B ctrl=0xF2 len=178 data=12
23:52:14 | WARNING  | LONG RUN | type=REPEAT offset=0x0000275D ctrl=0xD3 len=147 data=bb
23:52:14 | WARNING  | LONG RUN | type=REPEAT offset=0x0000275F ctrl=0xA6 len=102 data=b8
23:52:14 | WARNING  | LONG RUN | type=REPEAT offset=0x00002761 ctrl=0xB8 len=120 data=a5
23:52:14 | WARNING  | LONG RUN | type=REPEAT offset=0x00002763 ctrl=0xA5 len=101 data=b8
23:52:14 | WARNING  | LONG RUN | type=REPEAT offset=0x00002765 ctrl=0xC6 len=134 data=b8
23:52:14 | WARNING  | LONG RUN | type=REPEAT offset=0x00002767 ctrl=0xBA len=122 data=bc
23:52:14 | WARNING  | LONG RUN | type=LITERAL offset=0x00002769 ctrl=0x34 len=52 data=67 68 d1 35 f1 43 33 04 f1 b4 b4 b1 44 c0 47 b1 03 c3 c3 b1 49 c3 03 b1 c6 c6 4d b1 42 c6 47 e2 0e d1 b1 3a 3a 52 52 80 81 f2 c3 b3 b3 b5 3a 43 3b 10 3a 52
23:52:14 | WARNING  | LONG RUN | type=LITERAL offset=0x0000279E ctrl=0x3B len=59 data=e3 e2 b5 e2 b3 c6 c3 80 3b 3a b5 b3 b3 44 b1 0c b3 b3 d1 b3 b3 33 6e 82 81 f2 f2 80 43 f2 44 81 44 f2 14 80 80 3b 38 44 44 37 37 38 39 39 37 d1 38 37 37 3b 81 81 80 43 f2 18 3b
23:52:14 | WARNING  | LONG RUN | type=LITERAL offset=0x000027DA ctrl=0x3B len=59 data=3a 39 38 69 f2 3a 69 44 69 68 38 39 f2 44 35 37 38 69 68 69 69 37 43 6e 04 69 44 69 45 43 6e 03 3a 80 3b 43 f2 09 80 3b 44 6a 37 3b 52 3a 52 45 3b 1d 3a 3b 3b 39 39 3a f2 f2 80
23:52:14 | WARNING  | LONG RUN | type=REPEAT offset=0x00002816 ctrl=0x80 len=64 data=3b
23:52:14 | WARNING  | LONG RUN | type=LITERAL offset=0x00002818 ctrl=0x39 len=57 data=f2 39 39 38 6e 38 e2 d1 e2 b5 38 b5 e2 dc dc dd d4 44 dd 0b d4 e4 dd dc dd dc dd d4 e4 d4 e3 43 f2 3d e4 69 3b 3a f2 f2 44 f2 39 38 69 44 69 69 6a 6e 6a 6e 80 3b 81 80 38
23:52:14 | WARNING  | LONG RUN | type=REPEAT offset=0x00002852 ctrl=0x83 len=67 data=81
23:52:14 | WARNING  | LONG RUN | type=LITERAL offset=0x00002854 ctrl=0x3B len=59 data=3b 80 80 3b 3b 39 44 37 d1 e2 e2 38 b5 f2 f2 38 69 36 6e 44 38 52 6e 6a 3b 80 3b 80 3b 3b 3a 39 37 37 39 43 3b 08 f2 39 6e 37 bc e2 e3 38 46 6e 21 38 3a 80 3b c3 d4 e4 bd 3b 69
23:52:14 | WARNING  | LONG RUN | type=REPEAT offset=0x00002890 ctrl=0x6E len=46 data=3a
23:52:14 | WARNING  | LONG RUN | type=LITERAL offset=0x00002892 ctrl=0x3B len=59 data=39 39 44 65 6a 44 69 44 6e 3b f2 f2 81 81 3b 69 69 39 39 38 44 6e 07 38 52 52 39 6a 6e 6e 44 69 15 37 c6 f2 84 80 3b f2 81 81 3b 3a 6e 3a 3a 39 80 f2 b5 e2 37 69 47 6a 04 69 69
23:52:14 | WARNING  | LONG RUN | type=LITERAL offset=0x00002915 ctrl=0x23 len=35 data=38 38 39 38 6e 6e 6a 6e 37 69 69 6a 69 69 68 69 68 68 3a 52 3b 3b 52 f2 3b 3a 39 38 82 d5 e4 39 38 38 39
23:52:14 | WARNING  | LONG RUN | type=LITERAL offset=0x00002A27 ctrl=0x2D len=45 data=39 52 39 3b 39 3a 39 39 68 69 38 37 44 38 38 44 37 38 6e 6e 45 35 35 37 37 44 45 44 37 3a f2 f2 80 80 3a 69 3a 6e 3b 52 3a 39 3a 6e 38
23:52:14 | WARNING  | LONG RUN | type=LITERAL offset=0x00002CC7 ctrl=0x38 len=56 data=e2 e3 f2 e4 3a 38 6e 39 f2 44 3a f2 e4 f2 38 45 64 69 6e 3b 82 3b 84 81 81 84 82 f2 f2 81 81 80 80 81 39 b1 ba 83 b5 b3 b8 b8 b3 c6 b8 3b f2 38 38 69 35 37 b4 36 67 69
23:52:14 | WARNING  | LONG RUN | type=LITERAL offset=0x00002D26 ctrl=0x35 len=53 data=80 3b 3b 65 48 6a 69 65 68 38 37 69 6a 52 6e 69 68 69 68 69 44 69 39 39 f2 f3 e3 44 69 d1 e2 c3 82 f2 3b 80 f2 82 80 3a 52 3a 3b 52 6a 3a 6e d1 b5 37 69 6a 6a
23:52:14 | WARNING  | LONG RUN | type=LITERAL offset=0x00003099 ctrl=0x29 len=41 data=80 3b 3b 39 f2 f2 3b 39 3b 39 39 3b 3b f2 3b 3b f2 f2 3a 3b 3a 3a 3b 3a 3a 3b 80 81 f2 39 44 69 38 3b f2 3a 65 82 84 84 83
23:52:14 | WARNING  | LONG RUN | type=LITERAL offset=0x000030E8 ctrl=0x2C len=44 data=39 3b 3a 52 6e 3a f2 81 81 f2 e3 e2 38 44 65 65 44 44 38 f2 f2 e3 e2 dc dd e4 81 f2 e3 e3 e4 e4 d4 f2 f2 e4 e4 f3 be e4 e3 e2 e2 e3
23:52:14 | WARNING  | LONG RUN | type=LITERAL offset=0x00003144 ctrl=0x23 len=35 data=6a 6e 69 38 b5 e3 f2 3a 39 3a b3 a8 b3 b5 3a 38 6e 52 6e 6e 39 39 3b 82 3b f2 e4 f2 f2 6a 6a 3a 81 82 81
23:52:14 | WARNING  | LONG RUN | type=LITERAL offset=0x0000317D ctrl=0x22 len=34 data=52 6e 3a 6e 6a 6e 6e 3b 39 d1 e2 c3 c3 f2 bd 3b 80 f2 81 81 3b 3b 3a 3a 6e 44 6e 39 6e 69 37 65 69 69
23:52:14 | WARNING  | LONG RUN | type=LITERAL offset=0x000034BD ctrl=0x3A len=58 data=c6 b1 b3 b3 c6 b3 b3 c6 b3 b1 b5 52 52 80 81 e3 c3 b1 c3 c6 d1 34 d1 c3 d3 c3 c3 e2 c3 e3 f2 f2 3b 52 52 3a 6e 3a 3a 39 38 c3 e2 44 39 3b f2 f2 38 3b e3 f2 81 81 f2 f2 81 81
23:52:14 | WARNING  | LONG RUN | type=LITERAL offset=0x00003524 ctrl=0x31 len=49 data=82 84 84 83 f3 f3 81 39 3a 3a f2 3b 80 81 f2 f2 3a e3 d4 37 3a 3b 82 3b f2 3b 81 f2 f2 3b 3b 3a 6a 3a 80 80 3b 69 34 34 44 83 83 f2 f2 81 e3 e3 dc
23:52:14 | WARNING  | LONG RUN | type=LITERAL offset=0x0000375C ctrl=0x24 len=36 data=80 3b 69 6e 39 3b 3a 69 65 33 67 67 3b e4 44 65 81 f2 e2 e3 e3 e2 dc e2 e3 e3 37 44 64 67 67 69 38 44 45 3b
23:52:14 | WARNING  | LONG RUN | type=LITERAL offset=0x00003788 ctrl=0x34 len=52 data=81 81 e4 84 82 f2 f2 81 82 81 80 3b 3a 3a f2 e4 f2 f2 3a 3a 39 e3 e2 f2 e4 f2 3b 39 3b 39 38 3b f2 3b 3a 39 3a 80 3b 80 3b 52 3b 39 9b b0 d1 3a 39 6e 6e 39
23:52:14 | WARNING  | LONG RUN | type=LITERAL offset=0x00003939 ctrl=0x31 len=49 data=38 37 36 45 d1 d1 44 37 37 d1 37 37 44 44 d1 44 44 37 38 38 6e 38 39 3a 38 38 39 38 3a 38 37 3a 80 3b 3a 3a 38 37 69 44 38 69 38 38 6e 69 37 3b 81
23:52:14 | WARNING  | LONG RUN | type=LITERAL offset=0x0000397D ctrl=0x29 len=41 data=39 f2 f2 38 37 44 3a 80 80 f2 38 44 6e 69 6a 3b 80 3b 44 3b f2 3a 39 80 83 84 80 3b 38 38 6e 67 4d 4d 67 35 44 44 68 39 3a
23:52:14 | WARNING  | LONG RUN | type=LITERAL offset=0x00003BB9 ctrl=0x33 len=51 data=39 6e 39 6a 81 3b 3a 6e f2 e3 f2 39 3b 84 80 f2 3b 80 3a 6a 69 68 35 68 68 67 67 36 45 e2 38 e2 3a 3b 3b 3a 39 e3 e3 44 67 63 65 69 44 69 68 44 69 39 f2
23:52:14 | WARNING  | LONG RUN | type=LITERAL offset=0x00003C0B ctrl=0x2D len=45 data=81 80 81 81 80 37 38 c3 e3 3b 3b 39 52 39 d1 9b b5 e3 3a 38 6e 52 6e 6e 39 3b 3b f2 f2 d4 f2 38 e3 37 6e 3b 81 81 82 82 81 3b 80 3b 44
23:52:14 | WARNING  | LONG RUN | type=LITERAL offset=0x00003ED7 ctrl=0x22 len=34 data=37 37 6e 6a 6a 69 37 38 b5 69 37 b5 b1 b3 b3 b4 b3 b1 3b 81 bd d4 80 80 3b 3b f2 f2 81 f2 82 80 f2 82
23:52:14 | WARNING  | LONG RUN | type=LITERAL offset=0x00004003 ctrl=0x2B len=43 data=68 68 36 35 68 34 68 68 45 36 b3 b3 36 34 37 37 e2 37 44 37 37 39 38 d1 69 69 44 37 44 3b 80 80 44 65 81 83 3b f2 38 b5 e4 f2 f2
23:52:14 | WARNING  | LONG RUN | type=LITERAL offset=0x0000432C ctrl=0x25 len=37 data=c6 b1 b1 e2 b3 b8 b3 b3 b8 b8 b3 b3 b8 a6 b8 bc b3 f2 f2 3b 3a 3a 52 3a 39 52 52 3a 3a 3b 52 f2 f2 b1 a5 a6 a5
23:52:14 | WARNING  | LONG RUN | type=LITERAL offset=0x0000446F ctrl=0x21 len=33 data=45 38 38 e4 38 44 6a 4a dd f2 52 6d 69 69 6a 6e 6e 52 f2 80 f2 52 6e 6a 69 6a 80 80 3a 80 81 81 f2
23:52:14 | WARNING  | LONG RUN | type=LITERAL offset=0x000049F5 ctrl=0x2D len=45 data=43 43 42 42 45 45 4e 67 45 45 69 45 42 44 37 44 69 67 6a f2 f2 e4 f2 f2 37 38 6e 6e 80 f2 3a 3a 6e 69 39 81 3b 80 f2 81 81 80 3b 3b 52
23:52:14 | WARNING  | LONG RUN | type=LITERAL offset=0x00004DB2 ctrl=0x21 len=33 data=52 6e 39 b4 34 36 e3 3a 52 6e 6e 52 52 38 52 3a f2 e3 39 dd d4 f2 44 e2 dc dc e2 e2 42 43 41 41 43
23:52:14 | WARNING  | LONG RUN | type=LITERAL offset=0x000051D2 ctrl=0x22 len=34 data=42 45 43 45 43 43 45 43 42 42 44 44 6a 39 52 6a 6e 39 52 39 3a 52 6e 6e 38 38 3a 6e 69 65 3b 81 3b 3b
23:52:14 | WARNING  | LONG RUN | type=LITERAL offset=0x0000543C ctrl=0x2B len=43 data=69 e3 d3 d3 d4 d3 e3 69 6a 6a 69 6a 36 d1 c3 d3 e4 81 f2 f2 81 82 81 bd c3 c3 e4 e3 65 6a 6e 52 6e 6a 69 6a 6a 69 6a 39 3a 6a 3a
23:52:14 | WARNING  | LONG RUN | type=LITERAL offset=0x000056F4 ctrl=0x29 len=41 data=69 69 65 69 d1 69 6e 38 6e 69 68 68 65 f1 d1 d1 e3 82 82 81 81 80 f2 81 80 3b 3a 3a 52 52 3a 3b 3b 39 6e 3a 80 81 3b 3b 3a
23:52:14 | WARNING  | LONG RUN | type=LITERAL offset=0x000057F0 ctrl=0x21 len=33 data=34 35 35 45 45 44 69 44 44 37 38 69 65 68 68 64 59 63 64 64 65 64 6a 6a 6e 39 39 6e 6e 3b 39 6e 39
23:52:14 | WARNING  | LONG RUN | type=LITERAL offset=0x00005912 ctrl=0x23 len=35 data=37 b5 69 69 38 39 6a 69 68 69 b5 c3 bd 82 82 81 f2 f2 3b 3b 35 36 39 3b 3b f2 3b 3a 3a 39 39 3a 3b 82 80
23:52:14 | WARNING  | LONG RUN | type=LITERAL offset=0x00005C71 ctrl=0x23 len=35 data=52 3a f2 81 84 f2 e3 f2 f2 e2 dc e2 42 42 43 43 45 42 43 42 42 e2 42 42 44 e2 e2 42 42 43 43 42 44 45 38
23:52:14 | WARNING  | LONG RUN | type=LITERAL offset=0x00005D62 ctrl=0x26 len=38 data=69 65 64 68 37 37 69 69 6a 6a 6e 69 69 e3 e3 3b 80 80 3b 3b f2 80 80 3b 80 80 81 f3 f3 81 3b f2 38 44 35 44 c2 e4
23:52:14 | WARNING  | LONG RUN | type=LITERAL offset=0x00005E46 ctrl=0x23 len=35 data=44 44 37 37 d1 36 d1 d1 36 44 e2 44 d1 44 36 36 45 36 37 44 44 34 33 67 36 45 34 35 d1 45 34 35 69 45 45
23:52:14 | WARNING  | LONG RUN | type=REPEAT offset=0x00006099 ctrl=0x82 len=66 data=01
23:52:14 | WARNING  | LONG RUN | type=REPEAT offset=0x0000609D ctrl=0x66 len=38 data=43
23:52:14 | WARNING  | LONG RUN | type=REPEAT offset=0x0000609F ctrl=0x63 len=35 data=01
23:52:14 | WARNING  | LONG RUN | type=REPEAT offset=0x000060A1 ctrl=0x67 len=39 data=49
23:52:14 | WARNING  | LONG RUN | type=REPEAT offset=0x000060A3 ctrl=0x63 len=35 data=05
23:52:14 | WARNING  | LONG RUN | type=REPEAT offset=0x000060A5 ctrl=0x65 len=37 data=68
23:52:14 | WARNING  | LONG RUN | type=REPEAT offset=0x000060A7 ctrl=0x67 len=39 data=45
23:52:14 | WARNING  | LONG RUN | type=REPEAT offset=0x000060AB ctrl=0xE2 len=162 data=06
23:52:14 | WARNING  | LONG RUN | type=REPEAT offset=0x000060AF ctrl=0x69 len=41 data=6e
23:52:14 | WARNING  | LONG RUN | type=REPEAT offset=0x000060B1 ctrl=0x6E len=46 data=38
23:52:14 | WARNING  | LONG RUN | type=LITERAL offset=0x000060D7 ctrl=0x2B len=43 data=49 e2 44 4a 52 69 69 6e 6e 6a 69 6a 6a 6e 52 52 38 39 3a 3b 52 6a 69 52 82 52 3b 80 81 81 3b 3b 3a 3b 3b 3a 3b 37 34 b4 b5 69 69
23:52:14 | WARNING  | LONG RUN | type=LITERAL offset=0x00006259 ctrl=0x24 len=36 data=35 69 35 35 44 d1 44 36 35 36 45 45 d1 36 68 34 35 36 36 67 4d 34 45 45 34 34 35 36 44 45 45 d1 36 69 69 35
23:52:14 | WARNING  | LONG RUN | type=LITERAL offset=0x00006309 ctrl=0x23 len=35 data=45 45 4e 45 43 e2 dc e2 e3 f2 f2 6e 52 6e 44 69 69 6a 52 3b 52 52 39 3a 3a 39 6a 69 3b 80 3a 3b f2 f2 80
23:52:14 | WARNING  | LONG RUN | type=LITERAL offset=0x00006346 ctrl=0x2D len=45 data=69 6a 38 d3 c1 c1 d3 d4 38 50 6a 6a 69 6a b5 b1 c0 c1 bd 82 f2 f2 81 81 82 82 d3 b1 c0 c3 44 6a 6a 6e 6e 6a 6a 52 3b 52 6a 52 52 6e 3a
23:52:14 | WARNING  | LONG RUN | type=LITERAL offset=0x00006458 ctrl=0x33 len=51 data=81 81 f2 3b 3b e3 b5 b5 e2 b1 b8 bb b1 b1 c6 b3 b3 d1 b4 36 35 b4 33 66 66 67 45 45 36 36 35 36 45 44 44 69 36 36 e2 e2 b5 b5 38 36 33 6a e4 d1 66 33 33
23:52:14 | WARNING  | LONG RUN | type=LITERAL offset=0x000068D5 ctrl=0x38 len=56 data=d1 d1 35 34 35 35 45 36 67 36 d1 44 37 3a 36 f1 33 34 36 d1 d1 6e 39 3b f2 3a 44 44 f2 3a 38 3b 82 81 3a 3b f2 69 68 6a e2 45 63 67 67 69 69 45 66 67 68 34 d1 44 38 82
23:52:14 | WARNING  | LONG RUN | type=LITERAL offset=0x0000694E ctrl=0x22 len=34 data=d5 f3 d3 f2 d4 d4 f2 e3 d4 f2 f2 e3 36 37 e2 44 69 45 44 37 37 36 45 34 67 45 67 66 67 36 45 69 44 45
23:52:14 | WARNING  | LONG RUN | type=LITERAL offset=0x000069FD ctrl=0x2C len=44 data=c3 44 6a 6a 69 69 37 e2 b1 b1 c0 bd 82 f2 f2 82 81 81 82 3b b3 b1 37 69 69 6a 6a 6e 6a 6a 3b f2 52 6a 6e 38 6e 3a c0 c0 c1 c1 dd 37
23:52:14 | WARNING  | LONG RUN | type=LITERAL offset=0x00006B1B ctrl=0x2C len=44 data=45 35 b4 f2 f2 f3 67 66 63 6e 3b 81 f2 81 84 84 82 3a 69 44 37 f2 3b f2 81 f2 37 69 45 69 67 69 45 44 63 34 69 38 69 68 37 67 67 45
23:52:14 | WARNING  | LONG RUN | type=LITERAL offset=0x00006B9B ctrl=0x22 len=34 data=e2 e2 37 44 38 3a e2 45 41 33 44 44 67 67 44 37 e2 37 e2 e2 44 d1 34 45 d1 d1 35 d1 44 44 38 3a f2 81
23:52:14 | WARNING  | LONG RUN | type=LITERAL offset=0x00006CC3 ctrl=0x27 len=39 data=69 68 69 37 39 6e 6a 6e 52 6e 6e 68 63 3b 81 81 f2 81 81 84 3b 3a 6e 3b 3b 6e 83 f3 f3 80 80 81 81 3b 3b d1 41 f2 81
23:52:14 | WARNING  | LONG RUN | type=LITERAL offset=0x00006E53 ctrl=0x21 len=33 data=6a e3 d3 dd c1 c1 d3 37 6a 6a 69 69 e2 e2 b1 b1 a5 bd 82 f2 f2 82 82 81 82 3a b3 b5 37 69 69 6a 6e
23:52:14 | WARNING  | LONG RUN | type=LITERAL offset=0x00006EE0 ctrl=0x23 len=35 data=69 69 36 37 b5 38 6e 6e 52 52 6e 44 69 69 39 81 80 80 3b 3b 80 80 6e 3a 81 38 84 f3 f3 81 3a 80 80 3b 3b
23:52:14 | WARNING  | LONG RUN | type=LITERAL offset=0x000070FD ctrl=0x28 len=40 data=69 68 45 69 38 6e 38 6e 3a 52 6a 6a 69 64 69 3b 3a 3a f2 80 80 82 3a 3a 81 3b 80 f3 f3 84 80 82 f2 3b 80 f2 80 80 81 80
23:52:14 | WARNING  | LONG RUN | type=LITERAL offset=0x000071FF ctrl=0x2D len=45 data=e4 e4 d4 e2 e3 d4 d4 d3 e4 d4 d4 d3 d4 f2 44 35 36 69 b5 e3 39 39 f2 f2 d4 39 39 38 44 44 36 e2 e3 f2 81 f2 81 82 81 81 80 3b 37 37 39
23:52:14 | WARNING  | LONG RUN | type=LITERAL offset=0x0000739B ctrl=0x2C len=44 data=e4 e4 c3 c3 b1 b1 b8 a6 b8 bc b0 34 34 4e 67 67 64 68 45 34 45 38 39 3a f2 82 84 82 84 84 f2 f2 38 3b f2 f2 e2 e2 42 44 e2 d1 45 39
23:52:14 | WARNING  | LONG RUN | type=LITERAL offset=0x0000744D ctrl=0x22 len=34 data=f2 80 f2 80 3a 38 b5 e3 3a f2 3a e3 3a f2 e3 e2 e3 d3 f2 38 e2 44 e2 e3 38 f2 81 6e 43 41 67 7a 3b c3
23:52:14 | WARNING  | LONG RUN | type=LITERAL offset=0x0000777C ctrl=0x37 len=55 data=82 82 81 38 81 f3 f3 82 39 81 81 80 3a 69 4e 44 e4 e4 f2 3b 3a 3b 3b f2 80 3a 3a 52 52 3b c2 f2 44 45 69 45 69 44 e2 e2 b5 37 69 3a 81 81 3b 3a c3 c3 b1 c0 b1 e2 b1
23:52:14 | WARNING  | LONG RUN | type=LITERAL offset=0x0000785D ctrl=0x2C len=44 data=bd e3 f2 e4 c2 be c2 e4 c2 c2 e4 be be d3 d3 e4 38 37 3b f2 e3 3a 39 37 e3 d4 d3 d3 f2 d4 d4 f2 f2 d3 e3 e3 dd b5 e2 e3 f2 f2 80 81
23:52:14 | WARNING  | LONG RUN | type=LITERAL offset=0x00007900 ctrl=0x23 len=35 data=69 69 e3 c1 c1 d4 d4 d3 37 69 69 6a 6a 37 c6 b1 b1 c3 bd bd f2 f2 82 81 f2 f2 b3 c6 c3 b5 6e 6a 6a 6e 6e
23:52:14 | WARNING  | LONG RUN | type=LITERAL offset=0x00007AC1 ctrl=0x29 len=41 data=38 45 45 44 41 4d 42 43 41 45 dc 4d 44 45 44 42 44 45 45 41 37 38 38 e3 e2 e3 37 44 68 45 45 67 63 45 4e 44 e2 38 3b f2 3b
23:52:14 | WARNING  | LONG RUN | type=LITERAL offset=0x00007BC7 ctrl=0x30 len=48 data=6a 6a 69 69 67 64 37 3b 80 81 84 84 83 84 82 81 65 64 64 69 f2 81 81 82 81 39 38 36 e3 c2 81 3b 3b 3a 3b 3b 81 f2 52 52 3a 39 3b e4 e3 e2 d1 d1
23:52:14 | WARNING  | LONG RUN | type=LITERAL offset=0x00007EAD ctrl=0x21 len=33 data=e4 84 83 83 be 84 83 81 80 f2 f2 81 80 3b 3a 3b 3b f2 3a 39 38 44 3a 39 38 f2 e4 f2 39 63 69 84 84
23:52:14 | WARNING  | LONG RUN | type=LITERAL offset=0x00007EF1 ctrl=0x37 len=55 data=e4 e4 d4 d4 e4 f3 83 80 f2 3b 80 81 81 80 81 38 38 f3 3c 3c f3 4d e2 41 36 37 e3 3b f2 f2 3a 45 44 d1 44 41 43 45 45 44 44 38 f2 f2 44 69 6e 44 42 45 44 38 f2 f2 39
23:52:14 | WARNING  | LONG RUN | type=LITERAL offset=0x00007F45 ctrl=0x22 len=34 data=3b 80 80 81 80 3b 3b 80 f2 e3 3b f2 3b 3b 3a 38 44 41 41 49 42 4a 52 f2 52 f2 83 82 3b 3a 3b 80 81 80
23:52:14 | WARNING  | LONG RUN | type=LITERAL offset=0x0000800F ctrl=0x32 len=50 data=69 6a 3a 3a 39 6e 6e 6a 6e 38 39 6e 6e 52 3b 39 69 63 63 45 e2 e2 c6 c6 ba c3 bd 9c 36 38 81 82 84 83 82 81 81 84 82 84 84 80 80 3a 38 e4 81 f2 3b 3b
23:52:14 | WARNING  | LONG RUN | type=LITERAL offset=0x000084A5 ctrl=0x25 len=37 data=3b 3a 38 37 37 3a f2 3b 3a 6e 48 45 45 38 3a 38 3a 39 69 6e 69 69 6e f2 3b 3b f2 39 f2 f2 e4 e4 f2 3a 3b 3b f2
23:52:14 | WARNING  | LONG RUN | type=LITERAL offset=0x00008548 ctrl=0x21 len=33 data=80 80 3b 3b 82 84 84 3b 38 69 68 37 f3 f3 84 81 81 f2 f2 3b 3a 39 3a f2 3a 38 e3 f2 f2 80 f2 f2 81
23:52:14 | WARNING  | LONG RUN | type=LITERAL offset=0x000086BD ctrl=0x30 len=48 data=69 69 6e 6a b5 b1 c0 c6 b1 c0 c0 c3 c3 e2 c3 f2 82 81 3b 3a 3a 3b 80 80 81 81 82 82 81 81 f2 38 45 44 3a f2 3b 3b 38 37 39 6e 69 44 6e 45 45 44
23:52:14 | WARNING  | LONG RUN | type=LITERAL offset=0x000088F2 ctrl=0x3E len=62 data=e4 e4 f2 3b f2 37 44 37 38 3a 39 e3 b5 39 39 3a 38 39 38 38 f2 38 37 37 39 39 3a 44 69 44 37 6e 39 f2 6e 63 6a 83 f3 f3 81 81 68 65 39 3a 3b 80 f2 80 3b 3b 3a 38 f2 f2 3a 37 39 f2 e3 39
23:52:14 | WARNING  | LONG RUN | type=LITERAL offset=0x00008A0B ctrl=0x23 len=35 data=39 3a 3b f2 f2 d4 f2 f2 c3 e2 d1 b3 e2 d1 d1 36 69 37 b3 69 69 37 37 6a 6b 6a 6a 69 69 6a 52 6a 69 65 69
23:52:14 | WARNING  | LONG RUN | type=LITERAL offset=0x00008B34 ctrl=0x21 len=33 data=81 f2 f2 3b 3b 3a 3b 6e 44 37 38 38 44 69 67 44 45 45 38 f2 f2 39 6a 69 67 64 38 69 67 67 39 3b 3a
23:52:14 | WARNING  | LONG RUN | type=LITERAL offset=0x00008BD4 ctrl=0x2A len=42 data=f2 45 44 44 37 38 39 38 37 d1 38 39 45 37 f2 f2 e3 3a 37 3a 3a 44 37 d1 67 44 d1 dc 44 44 68 44 e2 d1 45 d0 d0 43 e2 39 44 44
23:52:14 | WARNING  | LONG RUN | type=LITERAL offset=0x00008D48 ctrl=0x2A len=42 data=3a 39 38 38 39 3a 6e 6e 38 3a f2 f2 3a 44 37 e3 38 69 38 65 64 6e 39 3b 81 81 f2 f2 3b f2 e3 f2 f2 e3 e3 f2 f2 d4 d3 f2 39 39
23:52:14 | WARNING  | LONG RUN | type=LITERAL offset=0x00009296 ctrl=0x32 len=50 data=6a 6a 6e 38 39 3a f2 f2 3b 6e 69 a8 b4 36 36 35 b4 36 37 37 69 69 44 37 38 e2 b3 c6 c6 b1 c2 81 81 f2 81 80 80 81 b5 b3 b3 b1 37 69 69 6a 6e 6a 6a 69
23:52:14 | WARNING  | LONG RUN | type=LITERAL offset=0x000096C6 ctrl=0x24 len=36 data=65 6b 6b 6a 6e 38 39 3a 3a e3 d3 3b f2 e3 c3 38 e2 c3 c3 c2 f2 3b 80 81 80 f2 81 b5 c6 b1 c3 38 6e 69 6e 6e
23:52:14 | WARNING  | LONG RUN | type=REPEAT offset=0x00009A5D ctrl=0x82 len=66 data=05
23:52:14 | WARNING  | LONG RUN | type=REPEAT offset=0x00009A5F ctrl=0x65 len=37 data=69
23:52:14 | WARNING  | LONG RUN | type=LITERAL offset=0x00009A61 ctrl=0x38 len=56 data=3a be 43 e4 07 c2 e4 be f2 f2 37 b5 43 f2 0c 80 80 3a 3b 80 f3 f3 3c 3c f2 3a e3 43 3a 0f 38 45 45 69 41 4d 34 44 3b f2 81 f2 f2 e3 e3 46 f2 43 3a 03 38 42 43 43 41 02
23:52:14 | WARNING  | LONG RUN | type=LITERAL offset=0x00009B8C ctrl=0x27 len=39 data=6e 69 6a 6a 37 b5 c3 b1 c0 c1 e3 38 6a 6a 39 80 69 67 67 35 34 67 35 d1 b4 d1 b5 c3 e2 e2 c2 c2 80 3b 3b 80 3b 81 80
23:52:14 | WARNING  | LONG RUN | type=REPEAT offset=0x00009C25 ctrl=0x82 len=66 data=06
23:52:14 | WARNING  | LONG RUN | type=LITERAL offset=0x00009E3B ctrl=0x25 len=37 data=37 69 64 66 66 58 83 83 81 66 33 44 e3 38 b5 e3 f2 3b f2 f2 37 67 66 44 45 45 34 34 37 44 e3 e4 e4 bd d4 e4 e4
23:52:14 | WARNING  | LONG RUN | type=LITERAL offset=0x0000A1DF ctrl=0x24 len=36 data=6a 6a 69 6a 6a 37 37 b5 b1 b1 c1 c1 e3 38 6e 6a 69 6a 52 37 d1 34 67 65 68 44 d1 44 c6 b1 c0 c0 c6 bd 82 81
23:52:14 | WARNING  | LONG RUN | type=LITERAL offset=0x0000A2CF ctrl=0x32 len=50 data=f2 f2 80 f2 f2 3b 3b 3a 3a f2 3b 3a 3b 3b 3a 69 48 6a 38 37 44 42 45 37 39 3a 3b f2 80 f2 f2 3a 36 69 3a 3b 3a 3a f2 f2 e3 e3 38 e3 dc e2 37 44 44 38
23:52:14 | WARNING  | LONG RUN | type=LITERAL offset=0x0000A358 ctrl=0x22 len=34 data=e2 e3 39 e2 e2 38 44 42 44 42 4a 4a 42 44 44 42 dc dc e2 dc da dc dc 6e 37 d1 b4 39 3b 3b 80 39 3b 81
23:52:14 | WARNING  | LONG RUN | type=LITERAL offset=0x0000A515 ctrl=0x36 len=54 data=42 45 44 37 37 39 e3 3a e3 f2 3a e3 e2 e2 f2 82 f2 b5 e2 e2 e3 f2 81 f2 83 83 82 81 3b 3b e3 e2 b5 d1 33 d1 e2 e2 d1 d1 b5 6e 6e 38 6a 6e 39 3b 3a 39 37 38 3a 6e
23:52:14 | WARNING  | LONG RUN | type=LITERAL offset=0x0000A911 ctrl=0x21 len=33 data=80 3b 3b f2 3b 80 3a 39 38 38 37 68 f1 33 45 45 44 3a 3b 80 f2 f2 80 3b 3a 3a f2 80 f2 f2 3b 80 80
23:52:14 | WARNING  | LONG RUN | type=LITERAL offset=0x0000A9B6 ctrl=0x23 len=35 data=3b f2 3b 52 f2 f2 80 3b 39 34 37 f2 80 52 6d 3a f2 80 80 82 38 e2 b5 e2 e3 e2 38 e3 c3 c3 c6 b1 b4 d1 42
23:52:14 | WARNING  | LONG RUN | type=LITERAL offset=0x0000B037 ctrl=0x21 len=33 data=dd f2 f2 52 f2 f2 39 b5 e2 d1 c3 f2 80 80 3b 69 39 38 69 6a 6a 6e 80 3b 80 80 3a 52 39 69 38 81 3b
23:52:14 | WARNING  | LONG RUN | type=LITERAL offset=0x0000B24B ctrl=0x24 len=36 data=3b 6a 6a 69 6a 69 45 4e 4e 4d 44 44 38 38 80 84 83 83 f3 f3 3c 3c 82 39 e3 f2 e2 e2 44 dc 42 dc 4a e4 f2 37
23:52:14 | WARNING  | LONG RUN | type=LITERAL offset=0x0000B457 ctrl=0x38 len=56 data=39 3a 3b 80 80 f2 80 f2 f2 e3 e3 37 3b 82 84 83 f3 6a 6e 6a 69 65 6a 81 81 80 3b 80 80 81 e4 f2 f2 3a 6e 6a 6a 69 65 65 45 4e 45 42 42 65 3b 82 83 83 f3 3c 3c f3 3b 3a
23:52:14 | WARNING  | LONG RUN | type=LITERAL offset=0x0000B680 ctrl=0x34 len=52 data=3b f2 3a 37 38 82 f3 83 83 f3 d5 52 6a 69 65 6a 82 81 3b 3b 80 80 81 f2 f2 3b 39 6e 6a 6e 6a 68 69 65 42 4e 42 44 48 52 83 83 f3 3c f3 3c f3 f2 38 f2 e3 e2
23:52:14 | WARNING  | LONG RUN | type=REPEAT offset=0x0000B7BE ctrl=0x81 len=65 data=05
23:52:14 | WARNING  | LONG RUN | type=LITERAL offset=0x0000B7C4 ctrl=0x39 len=57 data=43 38 46 e2 10 e3 e4 83 3a 66 3a 80 80 f2 e2 e2 38 e3 3a 3a 3b 4c f2 16 3a 52 39 39 3a f2 3a f2 81 f2 38 f2 e3 dc e2 e2 44 45 4d 68 38 c3 46 e3 0b f2 d4 d4 e3 44 45 34 41
23:52:14 | WARNING  | LONG RUN | type=REPEAT offset=0x0000B7FE ctrl=0xD1 len=145 data=e3
23:52:14 | WARNING  | LONG RUN | type=REPEAT offset=0x0000B800 ctrl=0xD3 len=147 data=43
23:52:14 | WARNING  | LONG RUN | type=REPEAT offset=0x0000B802 ctrl=0xD4 len=148 data=02
23:52:14 | WARNING  | LONG RUN | type=REPEAT offset=0x0000B804 ctrl=0xE4 len=164 data=d4
23:52:14 | WARNING  | LONG RUN | type=LITERAL offset=0x0000B953 ctrl=0x23 len=35 data=69 6a 6a 69 c1 b1 c6 c0 c1 c1 b5 6e 52 81 81 80 81 39 6e 6e 52 6e 69 65 65 69 6e 44 6a 6e 52 52 6e 6a 6e
23:52:14 | WARNING  | LONG RUN | type=LITERAL offset=0x0000BC1F ctrl=0x3C len=60 data=82 82 e4 f2 3a 37 38 44 e2 38 45 69 37 d1 37 e3 d3 d3 e3 dd c3 e3 e3 f2 d4 e4 d4 f2 f2 d4 e4 bd d4 e3 e3 68 d3 b5 e2 44 69 36 36 35 69 e3 3a e2 b5 b5 38 38 44 36 35 68 38 e2 e3 e3
23:52:14 | WARNING  | LONG RUN | type=LITERAL offset=0x0000BCE9 ctrl=0x22 len=34 data=6a 81 81 6e 38 39 80 f2 e4 f2 3b 80 80 3b 3a 3a 44 e2 e2 d1 d1 37 65 4e 49 43 49 50 37 38 3a 3a f2 f2
23:52:14 | WARNING  | LONG RUN | type=LITERAL offset=0x0000C229 ctrl=0x33 len=51 data=69 69 6a 6a 69 69 68 d1 c6 e2 81 f2 3b 3b 81 81 f2 37 34 f2 37 39 3b f2 81 80 3a 81 f2 3a 38 f2 82 f2 3a 3b f2 39 38 f2 bd d4 f2 f2 e3 45 44 44 45 36 37
23:52:14 | WARNING  | LONG RUN | type=LITERAL offset=0x0000C296 ctrl=0x22 len=34 data=d3 e2 dc e3 e2 e2 d4 d4 e4 e4 f2 e4 e4 f2 e4 e4 d4 bd e4 e4 f2 38 38 b5 b5 b4 d1 e3 e3 c3 f2 81 80 3b
23:52:14 | WARNING  | LONG RUN | type=LITERAL offset=0x0000C539 ctrl=0x27 len=39 data=3b 81 81 80 80 f2 e3 e3 c3 e2 b3 b3 e2 e3 f2 e3 c6 e2 e2 e3 e3 38 e3 39 6e 65 48 69 3a 52 4a 42 44 6e e3 e4 e4 f2 f2
23:52:14 | WARNING  | LONG RUN | type=LITERAL offset=0x0000CBAA ctrl=0x28 len=40 data=3b 3a 38 33 39 f2 3b 80 81 80 3b 3b 44 d1 e3 e4 82 81 6a 64 6b 64 6b 6b 6d 6d 6a 6b 6b 50 69 6e 6a 6a 6e 39 3a 6e 6a 6e
23:52:14 | WARNING  | LONG RUN | type=LITERAL offset=0x0000CE69 ctrl=0x23 len=35 data=69 67 67 64 34 34 33 34 69 69 35 b3 c3 c3 c0 c0 b1 c0 c1 c1 c0 c0 c1 c1 c0 c3 d3 c1 c3 dd c6 c6 e4 be 80
23:52:14 | WARNING  | LONG RUN | type=LITERAL offset=0x0000D59C ctrl=0x3F len=63 data=e4 e4 82 81 e4 e4 39 44 44 37 38 e3 38 d1 b5 e2 e2 44 44 e2 c3 e2 e2 39 e3 f2 f2 e4 e4 f2 f2 3a 3b 3a 37 37 d1 39 37 69 67 82 82 f2 e3 e2 38 44 38 3a 3a 3b 3a e3 e3 39 80 f2 81 82 81 38 45
23:52:14 | WARNING  | LONG RUN | type=LITERAL offset=0x0000D7EB ctrl=0x3C len=60 data=44 39 3a 39 e3 38 37 37 e3 b5 37 e2 b5 e3 f2 39 39 3a f2 f2 3a 39 3b 38 37 44 37 37 44 44 39 3b 38 37 f2 f2 3b f2 3b 39 39 3b e3 f2 f2 3b 3b 80 f2 f2 3b e3 37 45 d1 e2 c3 c6 c6 c3
23:52:14 | WARNING  | LONG RUN | type=LITERAL offset=0x0000D8F9 ctrl=0x2B len=43 data=f2 80 3b 3b f2 f2 81 c3 b1 a5 b3 b3 b5 37 34 b4 b3 bc 34 67 36 d1 38 36 35 b4 e2 c0 c1 c1 c0 c0 c3 37 e2 e3 d1 d1 c3 dd c1 c3 c1
23:52:14 | WARNING  | LONG RUN | type=LITERAL offset=0x0000D9E4 ctrl=0x2C len=44 data=81 3a 44 b5 e2 c3 d3 e4 f2 3b 81 f2 f2 3b 45 45 d1 45 41 42 e0 d0 42 42 e2 e2 45 44 37 45 4d 45 d1 e2 67 67 45 44 37 44 38 e2 f2 f2
23:52:14 | WARNING  | LONG RUN | type=LITERAL offset=0x0000DA2D ctrl=0x25 len=37 data=e3 e2 37 f2 f2 37 38 37 38 38 44 d1 44 37 38 3a f2 39 38 e3 39 e3 3a 38 39 3b 3a 39 38 38 44 39 f2 37 d1 e3 c3
23:52:14 | WARNING  | LONG RUN | type=LITERAL offset=0x0000DB15 ctrl=0x22 len=34 data=f2 80 80 3b e3 3b 38 b5 b5 c3 b5 e2 e2 b5 b5 36 34 d1 c6 c1 c3 c1 c1 b1 c6 c6 c3 bd f2 e2 c6 c6 b1 c0
23:52:14 | WARNING  | LONG RUN | type=LITERAL offset=0x0000DC6F ctrl=0x25 len=37 data=37 44 44 39 39 44 3a 39 38 45 37 e2 e2 c3 c3 b1 c3 e3 39 37 38 38 37 38 39 3b 3b 3a 3a 38 3b 83 f3 f3 d5 d5 f3
23:52:14 | WARNING  | LONG RUN | type=LITERAL offset=0x0000DDB8 ctrl=0x29 len=41 data=b8 b8 b1 c6 b1 b1 c6 e2 e2 c6 e2 d1 d1 36 69 37 b5 e2 d1 d1 44 37 38 81 82 80 38 3b 81 81 80 38 f1 38 3a 3b f2 3b f2 3b 3b
23:52:14 | WARNING  | LONG RUN | type=LITERAL offset=0x0000DE41 ctrl=0x2A len=42 data=3a 39 38 3b f2 e3 f2 f2 3b 3b 80 80 3b f2 f2 37 44 37 67 44 44 45 38 e2 43 43 36 45 38 37 6e 37 44 44 37 44 44 6e 37 36 38 69
23:52:14 | WARNING  | LONG RUN | type=LITERAL offset=0x0000E0A6 ctrl=0x22 len=34 data=3b 39 38 f2 3b f2 3b 38 37 39 f2 82 81 80 3b 6e 37 37 44 45 44 37 3b 37 d1 b5 e2 e2 39 38 38 37 6e 6e
23:52:14 | WARNING  | LONG RUN | type=LITERAL offset=0x0000E0DD ctrl=0x22 len=34 data=f3 f3 83 f3 81 82 83 83 82 3a 6d 6a 6d 6a 80 83 d5 f3 83 84 81 80 82 83 f3 f3 b3 b1 c6 b3 b3 c6 c6 b1
23:52:14 | WARNING  | LONG RUN | type=LITERAL offset=0x0000E222 ctrl=0x23 len=35 data=39 39 3a 3a 3b 3b 39 44 37 44 37 38 39 3a f2 39 34 65 3b 81 82 81 3a f2 f2 81 39 39 c2 c2 be c2 82 f2 3b
23:52:14 | WARNING  | LONG RUN | type=LITERAL offset=0x0000E452 ctrl=0x2C len=44 data=44 34 34 3b 38 44 3b 69 45 44 37 69 4d 7f b5 9c 9c bd f2 3b f2 3b 38 e3 f2 f2 80 3b 38 3b 39 38 3a 3b 38 3a 44 65 68 e2 e2 e3 e2 38
23:52:14 | WARNING  | LONG RUN | type=LITERAL offset=0x0000E63B ctrl=0x2F len=47 data=80 80 3b 3b 3a 52 52 3b 80 3b 3b f2 f2 3a 3b f2 80 f2 81 e4 bd f2 e3 c3 c8 c6 c8 b8 c6 c6 b3 b8 b8 e3 e4 e4 3a 6e 39 3b 80 81 80 3b 80 81 81
23:52:14 | WARNING  | LONG RUN | type=LITERAL offset=0x0000E826 ctrl=0x26 len=38 data=e2 e2 c3 f2 c3 b3 b3 d1 d1 e2 e2 c3 b1 b1 c3 c3 b1 c3 c3 bd d3 c0 b9 b9 c0 c0 b6 a6 b9 c6 c6 f2 81 3b f2 80 3b 6e
23:52:14 | WARNING  | LONG RUN | type=LITERAL offset=0x0000EA88 ctrl=0x23 len=35 data=b1 c6 c6 b8 b7 c6 c3 c3 bd e4 f2 80 80 3b 3b 38 38 37 37 d1 d1 b3 b3 34 33 f1 33 33 b4 d1 f2 c2 e3 c3 b1
23:52:14 | WARNING  | LONG RUN | type=LITERAL offset=0x0000ED45 ctrl=0x35 len=53 data=80 80 3b f2 3b 39 f2 f2 81 80 3b 36 35 44 38 f2 f2 3a 3a 38 69 68 69 68 34 45 45 37 37 44 38 3a 39 3a 3a 3b f2 3b 3a 39 81 80 39 44 65 65 4d 67 bd c2 c2 be be
23:52:14 | WARNING  | LONG RUN | type=LITERAL offset=0x0000F12B ctrl=0x2D len=45 data=b5 c6 c0 b1 b3 b1 c6 e2 e2 c6 d1 b3 e2 b3 d1 e2 45 38 81 80 80 3b 6e 69 b4 37 6e 6e 3a d4 bd 82 82 3b 38 44 68 34 d1 f2 f2 c3 b1 b1 c3
23:52:14 | WARNING  | LONG RUN | type=LITERAL offset=0x0000F1B1 ctrl=0x3F len=63 data=82 81 3a 6e 44 37 6e 44 37 37 3a 3a 39 3a 3b 3b 3a 38 39 39 3b f2 3b 3b 6e 67 64 45 e4 c2 c2 be c2 39 f2 bd f2 f2 39 37 44 38 37 69 44 d1 d1 e2 3a e2 e2 37 44 69 37 3a 69 68 f2 81 d4 c3 dd
23:52:14 | WARNING  | LONG RUN | type=LITERAL offset=0x0000F2C3 ctrl=0x25 len=37 data=e2 c6 b3 e3 bd e3 c3 e3 80 80 3b 3b 39 38 69 6b 6a 6e 6b 6b 64 65 6b 6b 65 6b 65 64 6b 6a 6b 6b 64 39 6e 6d 52
23:52:14 | WARNING  | LONG RUN | type=LITERAL offset=0x0000F402 ctrl=0x2C len=44 data=39 39 6e 37 6e 6e 69 6e 6e 45 42 4d f2 c2 c2 be c2 e4 e3 3a f2 f2 80 39 37 44 37 37 38 3a f2 82 84 f2 3a 38 6e 37 45 34 3a f2 bd d3
23:52:14 | WARNING  | LONG RUN | type=LITERAL offset=0x0000F71D ctrl=0x23 len=35 data=e2 c3 f2 f2 bd bd f2 e3 39 37 d1 36 35 b4 d1 b3 b3 b4 b3 b3 e3 e4 c3 e2 3b 3b 80 f2 f2 3a 39 36 65 6a 3a
23:52:14 | WARNING  | LONG RUN | type=LITERAL offset=0x0000F86C ctrl=0x22 len=34 data=bd 39 3a 3b f2 80 f2 f2 3b 3b 3a 39 39 44 69 63 66 66 43 42 67 f2 e4 c2 be c2 d4 6e 38 3b 3b 3a 3a 38
23:52:14 | WARNING  | LONG RUN | type=LITERAL offset=0x0000FB35 ctrl=0x27 len=39 data=3a 3a 38 39 f2 f2 e3 f2 3b f2 f2 3a f2 3b 3a 37 3a 3a 39 39 f2 39 68 44 38 38 44 f2 6b 6d 6a 52 83 be bd f3 d5 d5 f3
23:52:14 | WARNING  | LONG RUN | type=LITERAL offset=0x0000FB96 ctrl=0x23 len=35 data=3b e3 d3 e4 e3 b5 f2 3b f2 80 80 3b f2 e3 37 38 38 6d 6b 6b 64 6b 6b 65 6b 65 65 48 50 38 80 84 3a 6a 6b
23:52:14 | WARNING  | LONG RUN | type=LITERAL offset=0x0000FE36 ctrl=0x2B len=43 data=6b 6b 3b 83 83 81 44 38 44 69 6a 50 4a 6a 6d 6a 6a 50 4e 6a 65 6a 6a b4 34 34 35 d1 f2 f2 b3 b8 c6 bc c3 bd 44 69 69 6a 69 69 6a
23:52:14 | WARNING  | LONG RUN | type=LITERAL offset=0x0000FF5E ctrl=0x3F len=63 data=3a 39 39 f2 3b 38 39 38 38 39 3a 6e 44 6e 3a 39 44 68 6a 80 84 3b 3b f2 3b f2 3b 3b f2 39 37 e3 f2 e3 dd c1 c1 c3 c3 d1 f2 c2 3a 38 f2 3a 38 6e 39 38 37 38 3b f2 f2 3b 3a e2 3a f2 3b 3b 3a
23:52:14 | WARNING  | LONG RUN | type=LITERAL offset=0x0001006F ctrl=0x28 len=40 data=6b 6b 50 50 4a 48 49 49 48 4e 59 64 4e 64 4e 65 6a 39 6e 6a 6a 6b 6b 6d 83 84 81 39 39 44 69 6a 4a 4a 50 6a 49 50 49 65
23:52:14 | WARNING  | LONG RUN | type=LITERAL offset=0x000101AB ctrl=0x2F len=47 data=81 f2 80 80 3b 3b 3a 6e 38 38 39 3a 3a 6e 67 67 81 81 3b 38 69 68 37 80 3b 80 80 3b 3b 3a 38 f2 e3 e3 dd dd c1 c1 c3 c3 38 f2 d4 c3 b5 3b 38
23:52:14 | WARNING  | LONG RUN | type=LITERAL offset=0x00010390 ctrl=0x26 len=38 data=3b 38 38 e3 f2 f2 3b 44 38 45 68 44 e2 b5 39 f2 82 84 82 f2 3a 3b 3a 38 37 36 38 3a 3b e3 b5 e2 b5 e3 e3 f2 3b 3b
23:52:14 | WARNING  | LONG RUN | type=LITERAL offset=0x000103F5 ctrl=0x23 len=35 data=3b f2 80 f2 82 81 80 6e 6e 38 38 39 3a 39 37 68 3a 39 3b 3b 80 82 f2 39 44 44 3a f2 3b 3a 38 39 f2 e3 e3
23:52:14 | WARNING  | LONG RUN | type=LITERAL offset=0x000104DB ctrl=0x24 len=36 data=6b 6a 6a 6b 6b 6a 6b 6a 3a 82 6a 6a 3b 6a 6b 3b 6e 6b 6a 80 6d 3b 6a 3b 80 39 3a 6a 84 3a 6b 6b 6a 6b 6a 6d
23:52:14 | WARNING  | LONG RUN | type=LITERAL offset=0x00010586 ctrl=0x24 len=36 data=be 84 81 3a 6e 39 39 38 3a 52 39 6e 39 6e 6e 39 f2 bd e3 e2 c6 b3 b8 c6 c6 c3 be be c3 e2 dc dc c3 b5 d1 68
23:52:14 | WARNING  | LONG RUN | type=LITERAL offset=0x00010645 ctrl=0x2D len=45 data=3b 3a 3b 3b f2 80 f2 39 38 f2 80 39 38 38 45 4d 37 39 f3 f2 f2 3b 38 80 f2 3b 3a f2 f2 3a 3a 3b d3 dd dd e3 dd dd 37 68 f2 e4 3b 37 3a
23:52:14 | WARNING  | LONG RUN | type=LITERAL offset=0x00010766 ctrl=0x2E len=46 data=6b 6b 68 65 69 44 69 65 6e 4a 4a 50 4a 50 48 48 49 44 39 81 f2 e2 e3 be be c6 c6 e2 bc c3 f2 6a 69 69 6a 69 69 6a 6a 69 37 c3 6e 6a 69 6a
23:52:14 | WARNING  | LONG RUN | type=LITERAL offset=0x00010797 ctrl=0x22 len=34 data=34 35 35 e2 e4 f2 3a 6e 6a 69 68 45 37 37 45 37 38 38 37 45 35 67 34 34 35 d1 f2 bd e3 82 bd 38 37 82
23:52:14 | WARNING  | LONG RUN | type=LITERAL offset=0x0001081F ctrl=0x21 len=33 data=3b f2 f2 3a 3a f2 39 39 44 37 80 e4 80 f2 e4 e4 82 84 84 81 38 38 6e 3b 3b 38 e2 d1 e2 3a 3b f2 f2
23:52:14 | WARNING  | LONG RUN | type=LITERAL offset=0x00010843 ctrl=0x24 len=36 data=39 45 35 37 37 38 38 39 37 44 44 45 35 44 39 39 3a 3b 3b 80 f2 f2 81 f2 80 f2 3b 3a 3b 3a 3a 3b 80 80 f2 80
23:52:14 | WARNING  | LONG RUN | type=LITERAL offset=0x00010882 ctrl=0x21 len=33 data=3b 3b f2 3b f2 f2 3b 3b 80 81 82 81 3b 65 69 80 80 3a 3a 82 f3 3a 3a f2 39 6e 3a e3 39 38 e3 f2 e3
23:52:14 | WARNING  | LONG RUN | type=LITERAL offset=0x00010915 ctrl=0x2B len=43 data=69 69 d1 b3 e2 e2 e3 bd f2 81 82 3b 3b 80 80 3b f2 3b 36 d1 3a 37 69 65 63 63 64 64 6b 6a 6a 65 65 6a 6a 3b 3a 6e 3b 84 80 6a 6a
23:52:14 | WARNING  | LONG RUN | type=LITERAL offset=0x00010AB0 ctrl=0x22 len=34 data=82 82 81 f2 69 80 83 82 80 3b 3b 44 69 3b f2 38 f2 38 f2 3a 38 3a f2 dd c1 dd c3 d1 35 b4 e2 b5 c3 39
23:52:14 | WARNING  | LONG RUN | type=LITERAL offset=0x00010AD5 ctrl=0x27 len=39 data=6e 44 38 3a 3b f2 f2 3a 38 38 3a 3a 39 3b 81 f2 3a 39 3b 69 63 63 68 45 36 45 45 66 d0 dc dc dd e4 c2 e4 e3 e3 d3 f2
23:52:14 | WARNING  | LONG RUN | type=LITERAL offset=0x00010BEA ctrl=0x26 len=38 data=65 69 7f b3 b3 d4 82 80 39 6e 6e 69 45 69 37 45 44 37 38 44 35 36 35 36 45 45 68 37 bd d3 c6 b1 c3 e4 e4 f2 c3 82
23:52:14 | WARNING  | LONG RUN | type=REPEAT offset=0x00010D24 ctrl=0x81 len=65 data=09
23:52:14 | WARNING  | LONG RUN | type=REPEAT offset=0x00010D26 ctrl=0x66 len=38 data=33
23:52:14 | WARNING  | LONG RUN | type=REPEAT offset=0x00010D2A ctrl=0xE2 len=162 data=dd
23:52:14 | WARNING  | LONG RUN | type=REPEAT offset=0x00010D2C ctrl=0xD4 len=148 data=dd
23:52:14 | WARNING  | LONG RUN | type=REPEAT offset=0x00010D2E ctrl=0xDD len=157 data=46
23:52:14 | WARNING  | LONG RUN | type=REPEAT offset=0x00010D30 ctrl=0xE3 len=163 data=03
23:52:14 | WARNING  | LONG RUN | type=REPEAT offset=0x00010D32 ctrl=0xB5 len=117 data=39
23:52:14 | WARNING  | LONG RUN | type=LITERAL offset=0x00010D34 ctrl=0x39 len=57 data=44 3a 0e e3 f2 f2 e3 3b f2 f2 e3 38 37 37 3a 3b 39 44 69 0c 6e 81 80 59 6a 3b f3 d5 f3 be bd f3 44 d5 14 f3 81 f2 84 f3 f3 82 f2 80 6a 6a 69 65 65 64 68 37 b5 69 69 4b 6a
23:52:14 | WARNING  | LONG RUN | type=LITERAL offset=0x00010DDF ctrl=0x28 len=40 data=64 65 6a 6a 68 69 69 37 69 65 6a 4a 50 64 69 6e 39 39 6e 37 38 38 39 37 44 37 6e 3b 83 be c2 e3 e2 e2 b3 f2 f2 69 69 6e
23:52:14 | WARNING  | LONG RUN | type=LITERAL offset=0x00010E4A ctrl=0x2D len=45 data=82 f2 e2 b3 d1 d1 f2 84 82 82 f2 81 82 82 81 81 f2 3a 38 52 52 38 39 3a 6e 39 3a 6e 6e 39 3b f2 e3 d1 ba b8 c6 c6 e2 81 f3 f2 e3 37 69
23:52:14 | WARNING  | LONG RUN | type=LITERAL offset=0x00011030 ctrl=0x34 len=52 data=37 c3 37 69 6a 6a 69 6a 69 65 65 34 b4 38 f2 3a 6e 39 39 6a 69 65 68 45 45 44 38 38 44 45 45 34 68 68 36 36 3b f2 c3 c6 b1 b1 c6 d3 e4 e4 f2 e3 82 82 84 83
23:52:14 | WARNING  | LONG RUN | type=LITERAL offset=0x0001106E ctrl=0x26 len=38 data=82 84 84 82 39 d1 d1 bc b3 81 81 3a 39 b5 e2 b5 39 f2 81 80 52 52 6a 6e 6e 3a 3a 6e 3a 6e 6e 38 39 3b 81 e3 bc bc
23:52:14 | WARNING  | LONG RUN | type=LITERAL offset=0x00011187 ctrl=0x26 len=38 data=38 38 44 69 69 4e 38 82 81 6d 6d 6a 81 f3 d5 d5 f3 f2 83 f3 f3 82 3b 3a f2 f2 80 3b 6a 6a 65 65 69 38 37 69 69 50
23:52:14 | WARNING  | LONG RUN | type=LITERAL offset=0x00011337 ctrl=0x23 len=35 data=80 80 3b 38 38 37 44 44 d1 e2 f2 f2 38 6e 3b 3b e3 3a f2 e3 e3 c3 e2 36 35 e2 e2 e3 3a 38 37 38 6e 6a 6a
23:52:14 | WARNING  | LONG RUN | type=LITERAL offset=0x00011527 ctrl=0x25 len=37 data=80 3a 3b 80 3b f2 3b 3b f2 3b f2 39 39 3b 80 81 81 3b f2 39 38 3a f2 81 80 3b 39 39 3b 3b 80 3b 3a 3b 3b 80 80
23:52:14 | WARNING  | LONG RUN | type=LITERAL offset=0x00011684 ctrl=0x3B len=59 data=6b 69 6a 6b 68 65 68 d1 b5 f2 6e 6a 6a 65 67 33 34 45 45 36 44 39 39 38 44 45 33 34 34 67 68 f2 82 b1 c6 b8 b8 b1 b3 a4 a4 b1 d4 bd bd c3 3b 84 83 83 84 84 82 84 82 84 e3 b1 81
23:52:14 | WARNING  | LONG RUN | type=LITERAL offset=0x00011738 ctrl=0x29 len=41 data=3b 39 6e 3a 39 39 38 39 39 3a 38 39 38 37 37 38 3b 80 80 38 4e 4e 45 68 37 37 45 4d 4e 69 44 37 38 e3 f2 3b 3b f2 3b 80 f2
23:52:14 | WARNING  | LONG RUN | type=LITERAL offset=0x00011780 ctrl=0x23 len=35 data=38 3a 39 38 37 36 d1 e2 c3 e3 38 44 44 6e 6e 6a 6e 3a f2 f2 3a b5 38 38 3a 39 38 38 39 3b 39 37 65 80 80
23:52:14 | WARNING  | LONG RUN | type=LITERAL offset=0x0001188E ctrl=0x22 len=34 data=6b 69 69 6a 69 68 d1 e2 f2 81 3b 38 6e 69 65 67 45 35 33 36 44 38 38 37 37 35 34 35 34 35 3b 82 c3 c6
23:52:14 | WARNING  | LONG RUN | type=LITERAL offset=0x000118CE ctrl=0x26 len=38 data=d1 b3 b3 ba b8 ba b0 3b 84 81 3b 39 39 38 6e 6a 3a 38 6e 6e 6a 6e 38 3b f2 e4 f2 b5 c6 e2 82 82 37 68 69 69 68 68
23:52:14 | WARNING  | LONG RUN | type=LITERAL offset=0x0001193D ctrl=0x2D len=45 data=82 3a 3b 3b 80 82 f3 83 82 39 37 44 44 37 3a 39 38 38 3a 3a 37 3b 3a 38 3a 3b 3b 44 45 45 43 45 45 44 44 4d 4e 44 45 44 e2 44 37 3a 3a
23:52:14 | WARNING  | LONG RUN | type=LITERAL offset=0x00011A88 ctrl=0x28 len=40 data=e2 b5 69 69 6b 6b 65 69 6a 6a 69 69 37 d1 f2 81 f2 38 6e 6e 69 67 45 44 34 35 b5 b5 3a 44 44 36 35 34 34 45 37 82 d3 c6
23:52:14 | WARNING  | LONG RUN | type=LITERAL offset=0x00011B83 ctrl=0x22 len=34 data=80 3b 3b 80 80 f2 81 f2 80 80 f2 f2 3b 3b 3a 6e 69 38 3b 39 37 68 69 37 b5 e3 b5 6e 37 38 6e 6e 38 3b
23:52:14 | WARNING  | LONG RUN | type=LITERAL offset=0x00011BB2 ctrl=0x39 len=57 data=44 45 e3 d4 f2 d4 f2 e3 e3 f2 3b 3b f2 e3 44 44 34 80 80 3b f2 3b 3b 37 37 38 37 44 44 69 e2 d3 d4 f2 e3 e3 f2 d3 d3 38 37 44 e3 38 e2 38 39 39 38 45 45 37 39 38 e3 d4 bd
23:52:14 | WARNING  | LONG RUN | type=LITERAL offset=0x00011CB1 ctrl=0x23 len=35 data=65 65 69 69 35 36 36 b4 e3 c2 f2 3b 3b 6e 45 67 67 44 36 36 d1 b5 e3 b5 38 6e 37 68 69 69 37 82 81 b5 c6
23:52:14 | WARNING  | LONG RUN | type=LITERAL offset=0x00011EDE ctrl=0x21 len=33 data=45 b5 e3 e3 e2 44 d1 d1 45 68 69 69 3b bd b5 b3 c6 b1 b1 c6 b3 b3 a5 a4 a4 b8 b3 b3 f2 84 e4 e3 9c
23:52:14 | WARNING  | LONG RUN | type=LITERAL offset=0x00012000 ctrl=0x2F len=47 data=44 e2 f2 e4 d3 e3 e3 e2 d1 38 39 38 f2 f2 e3 36 36 e2 e2 44 e2 b5 e3 39 e2 e2 38 39 f2 bd d4 f2 f2 d4 d4 f2 d4 d4 f2 e3 e3 e2 39 39 e3 e3 b5
23:52:14 | WARNING  | LONG RUN | type=LITERAL offset=0x000120B1 ctrl=0x23 len=35 data=6a 3a 80 6a 3b 81 80 3a 6a 6b 39 6a 6a 65 50 3b 39 6e 6e 6a f2 38 69 68 44 f2 f2 e4 e4 bd bd e4 c2 be 84
23:52:14 | WARNING  | LONG RUN | type=LITERAL offset=0x000121A8 ctrl=0x2E len=46 data=83 f3 3a 37 38 3a 3a 39 e2 b5 38 38 3a 39 38 37 38 38 37 38 44 45 41 33 45 45 41 4d 66 39 3b 39 83 f3 f3 f2 69 67 80 81 81 f3 84 83 f3 84
23:52:14 | WARNING  | LONG RUN | type=LITERAL offset=0x000129FA ctrl=0x3C len=60 data=e4 f2 e3 d3 f2 f2 e4 84 83 83 81 80 f2 3b 3a 3a 3b f2 3b 3b 3a 38 6e 6e 38 39 3b 3b e3 e2 d1 44 44 37 38 37 38 84 82 f3 84 83 83 80 69 38 38 68 36 39 39 44 69 d1 b5 e3 b5 39 37 38
23:52:14 | WARNING  | LONG RUN | type=LITERAL offset=0x00012A39 ctrl=0x2B len=43 data=3b 3b f2 f2 3a b5 b5 38 37 37 38 3b 39 3a 38 39 3a 3a 39 e3 38 39 f2 81 3b dc dc c0 c0 dc 45 65 45 44 e2 dc e3 e2 43 f2 f2 80 3a
23:52:14 | WARNING  | LONG RUN | type=LITERAL offset=0x00012C33 ctrl=0x24 len=36 data=b5 e3 e3 39 7f 37 69 45 67 44 44 37 38 b5 b5 37 6e 38 39 6e 38 3a 80 f2 f2 3b b5 e2 b5 37 44 38 3a f2 f2 3a
23:52:14 | WARNING  | LONG RUN | type=LITERAL offset=0x00012CAC ctrl=0x35 len=53 data=d4 e4 e4 bd f2 f2 e3 e3 b5 b5 e3 38 69 69 3a 6b 69 69 6b 6b 6a 6b 6a 6a 6b 6b 69 c3 c3 d1 d1 b5 e3 b5 44 38 52 52 81 81 3b 39 d1 34 d1 f2 e4 80 52 52 4f 4f 6a
23:52:14 | WARNING  | LONG RUN | type=LITERAL offset=0x00012DE9 ctrl=0x27 len=39 data=d1 69 69 65 6e 6e 39 3b 38 69 38 37 38 37 69 69 37 37 44 69 44 38 6e 6a 6a 6e 6e 69 39 3b f2 f2 e3 e3 38 68 63 63 6a
23:52:14 | WARNING  | LONG RUN | type=LITERAL offset=0x00013085 ctrl=0x2A len=42 data=82 84 83 82 3b 37 37 35 39 3a 39 3a 3b 38 38 39 3a 3b f2 f2 80 3b 3b f2 e3 dc e3 e2 38 37 44 45 e2 e3 e2 e2 44 f2 e2 44 e2 e2
23:52:14 | WARNING  | LONG RUN | type=LITERAL offset=0x00013155 ctrl=0x23 len=35 data=65 6a 6a 6e 6a 3a 81 52 6a 6a 6b 64 6a 6a 65 39 6a 3b 3b 3a 38 e2 b3 b3 b5 37 c6 c6 c3 c2 d4 37 38 3a 3b
23:52:14 | WARNING  | LONG RUN | type=REPEAT offset=0x00013337 ctrl=0x66 len=38 data=a4
23:52:14 | WARNING  | LONG RUN | type=LITERAL offset=0x0001334D ctrl=0x2E len=46 data=6b 6b 65 6b 69 6b 6b 6a 6b 6d 81 3b 6a 69 6a 6b 6a 65 6e 6a 6a 3a 3a 38 e2 e2 bc f2 d5 f3 f3 bd bd e4 e3 44 37 38 e2 38 e3 44 d1 e2 e2 e3
23:52:14 | WARNING  | LONG RUN | type=REPEAT offset=0x000133E5 ctrl=0x81 len=65 data=03
23:52:14 | WARNING  | LONG RUN | type=REPEAT offset=0x000133E7 ctrl=0x6A len=42 data=81
23:52:14 | WARNING  | LONG RUN | type=REPEAT offset=0x000133E9 ctrl=0xF2 len=178 data=44
23:52:14 | WARNING  | LONG RUN | type=LITERAL offset=0x000133EB ctrl=0x3B len=59 data=03 3a 3b 3a 47 3b 43 f2 03 80 6e 6a 47 69 0c 67 69 63 68 84 81 84 83 83 f3 3b 84 45 f3 0a 84 83 f3 83 84 81 80 80 3b 3a 46 38 16 6e 38 6e 6e 38 6e 6a 6e 6e 6a 39 3b 3b 39 3a 3a
23:52:14 | WARNING  | LONG RUN | type=LITERAL offset=0x00013427 ctrl=0x39 len=57 data=69 64 64 6e 82 44 84 01 83 46 f3 01 84 45 83 47 f3 02 82 81 44 80 45 f3 02 82 80 43 82 01 84 45 f3 04 84 f2 e3 e3 44 f2 1f e3 3a f2 f2 38 38 f2 37 80 81 3a 3a f2 3a f2 f2
23:52:14 | WARNING  | LONG RUN | type=LITERAL offset=0x00013461 ctrl=0x3B len=59 data=f2 e4 83 83 e4 81 80 f2 84 83 f2 3b 3b 3a 43 3b 04 39 38 39 38 49 6e 0b 39 3a 3a 3b 3b 81 82 84 84 82 81 43 82 43 81 05 e2 e4 e4 80 f2 43 3b 03 f2 f2 3b 44 3a 11 39 3a f2 f2 39
23:52:14 | WARNING  | LONG RUN | type=LITERAL offset=0x0001349D ctrl=0x38 len=56 data=6e 3a 38 44 44 45 37 37 44 44 45 44 44 01 38 44 42 43 d1 43 e2 43 e3 43 38 43 e2 03 b5 e2 38 43 f2 08 e4 f2 3a 3a e3 3b 3b 3a 4b f2 01 e3 43 f2 12 38 68 69 37 44 38 44
23:52:14 | WARNING  | LONG RUN | type=REPEAT offset=0x000134D6 ctrl=0xE3 len=163 data=e3
23:52:14 | WARNING  | LONG RUN | type=REPEAT offset=0x000134DA ctrl=0xE3 len=163 data=dd
23:52:14 | WARNING  | LONG RUN | type=REPEAT offset=0x000134DC ctrl=0xD4 len=148 data=dd
23:52:14 | WARNING  | LONG RUN | type=REPEAT offset=0x000134DE ctrl=0xE2 len=162 data=e2
23:52:14 | WARNING  | LONG RUN | type=REPEAT offset=0x000134E0 ctrl=0xDC len=156 data=43
23:52:14 | WARNING  | LONG RUN | type=REPEAT offset=0x000134E2 ctrl=0xE3 len=163 data=01
23:52:14 | WARNING  | LONG RUN | type=REPEAT offset=0x000134E4 ctrl=0xF2 len=178 data=43
23:52:14 | WARNING  | LONG RUN | type=REPEAT offset=0x000134E6 ctrl=0xE4 len=164 data=43
23:52:14 | WARNING  | LONG RUN | type=REPEAT offset=0x000134E8 ctrl=0xF2 len=178 data=03
23:52:14 | WARNING  | LONG RUN | type=REPEAT offset=0x000134EA ctrl=0x6A len=42 data=69
23:52:14 | WARNING  | LONG RUN | type=REPEAT offset=0x000134EC ctrl=0x6B len=43 data=44
23:52:14 | WARNING  | LONG RUN | type=REPEAT offset=0x000134EE ctrl=0x69 len=41 data=0d
23:52:14 | WARNING  | LONG RUN | type=REPEAT offset=0x000134F0 ctrl=0xE2 len=162 data=e2
23:52:14 | WARNING  | LONG RUN | type=REPEAT offset=0x000134F2 ctrl=0xDC len=156 data=e3
23:52:14 | WARNING  | LONG RUN | type=REPEAT offset=0x000134F4 ctrl=0xE3 len=163 data=f2
23:52:14 | WARNING  | LONG RUN | type=REPEAT offset=0x000134F6 ctrl=0xF2 len=178 data=e3
23:52:14 | WARNING  | LONG RUN | type=REPEAT offset=0x000134F8 ctrl=0xE2 len=162 data=3a
23:52:14 | WARNING  | LONG RUN | type=LITERAL offset=0x000134FA ctrl=0x3B len=59 data=6b 6a 47 6d 06 52 6d 6a 6d 39 69 45 6b 43 64 04 6b 63 6b 6a 45 6d 0e 6b 6b 6a 63 64 65 6b 64 63 59 63 64 6b 6b 43 6a 03 48 49 48 45 6a 01 6b 46 6a 05 6b 6b 6a 6d 6d 44 6a 01 7f
23:52:14 | WARNING  | LONG RUN | type=LITERAL offset=0x0001358B ctrl=0x32 len=50 data=d1 36 b4 35 34 35 3a bd e4 e4 80 80 3b 3b 80 80 81 84 83 bd e3 3b 3b f2 f2 3b 3a 39 38 6a 6a 39 39 38 38 6e 38 b5 3a 3b f2 f2 e4 e4 f3 be bd d3 c1 c0
23:52:14 | WARNING  | LONG RUN | type=LITERAL offset=0x0001365C ctrl=0x2F len=47 data=82 d4 dd e3 f2 d4 f2 f2 d1 37 f2 f2 38 3a f2 39 3b 81 39 3b f2 3a f2 f3 e4 84 83 83 84 83 f3 83 82 3b 3b 83 80 f2 3b 3a 3b 39 6e 6e 38 39 39
23:52:14 | WARNING  | LONG RUN | type=LITERAL offset=0x00013BE1 ctrl=0x28 len=40 data=e3 3a 38 37 d1 e2 e2 37 69 f2 c2 c2 f2 80 80 6e 6e 6a 65 65 44 6e 69 45 37 3a 38 37 d1 45 67 64 69 37 3a 81 e4 e4 84 82
23:52:14 | WARNING  | LONG RUN | type=LITERAL offset=0x00013E46 ctrl=0x23 len=35 data=84 84 83 be be 84 84 c2 be c2 83 83 84 84 82 82 81 bd f2 38 e3 e3 c3 c3 c6 b5 67 67 66 66 63 3b c2 f2 f2
23:52:14 | WARNING  | LONG RUN | type=LITERAL offset=0x00014025 ctrl=0x26 len=38 data=b4 b5 be be 84 81 80 3b 39 39 6e 68 69 b5 e2 67 d1 e2 c3 38 d1 36 35 34 36 34 34 36 37 36 36 37 44 38 3b 3b d3 f2
23:52:14 | WARNING  | LONG RUN | type=LITERAL offset=0x000143A9 ctrl=0x22 len=34 data=39 39 3a 3a 39 39 37 38 38 39 f2 f2 3a f2 f2 3a 3a 39 38 e3 f2 f2 44 69 39 81 f3 f3 84 f2 3a 38 37 3b
23:52:14 | WARNING  | LONG RUN | type=LITERAL offset=0x000144B9 ctrl=0x22 len=34 data=69 65 35 34 36 44 39 3a 44 69 39 39 3b 80 52 69 69 7f 39 37 69 38 38 dc e2 c3 e3 f2 bd e4 81 f2 d3 e3
23:52:14 | WARNING  | LONG RUN | type=REPEAT offset=0x0001452A ctrl=0x81 len=65 data=0a
23:52:14 | WARNING  | LONG RUN | type=REPEAT offset=0x0001452C ctrl=0x82 len=66 data=82
23:52:14 | WARNING  | LONG RUN | type=REPEAT offset=0x0001452E ctrl=0x83 len=67 data=f3
23:52:14 | WARNING  | LONG RUN | type=REPEAT offset=0x00014530 ctrl=0xF3 len=179 data=83
23:52:14 | WARNING  | LONG RUN | type=REPEAT offset=0x00014532 ctrl=0x84 len=68 data=84
23:52:14 | WARNING  | LONG RUN | type=REPEAT offset=0x00014534 ctrl=0x83 len=67 data=83
23:52:14 | WARNING  | LONG RUN | type=LITERAL offset=0x000146A5 ctrl=0x2D len=45 data=3b 6e 4e 4e 6b 6b 80 84 3a 6d 3b f2 3b 3a 3a 38 6e 69 69 6b 50 4a 50 4a 50 39 3b 38 e3 b5 80 83 be e4 e3 e3 c2 e4 e2 38 4a e2 e2 f2 f2
23:52:14 | WARNING  | LONG RUN | type=REPEAT offset=0x00014751 ctrl=0x81 len=65 data=03
23:52:14 | WARNING  | LONG RUN | type=REPEAT offset=0x00014753 ctrl=0x6A len=42 data=82
23:52:14 | WARNING  | LONG RUN | type=REPEAT offset=0x00014755 ctrl=0xE4 len=164 data=45
23:52:14 | WARNING  | LONG RUN | type=REPEAT offset=0x00014757 ctrl=0xF2 len=178 data=02
23:52:14 | WARNING  | LONG RUN | type=LITERAL offset=0x00014759 ctrl=0x3B len=59 data=3a 44 f2 43 3b 43 f2 09 3b 38 3a f2 3b 67 66 68 3a 43 f3 42 84 46 f3 42 83 44 f3 1a 81 80 69 68 45 45 69 44 38 39 68 65 69 6e 3b 3b 6e 68 65 80 81 80 3b 65 39 83 43 84 01 82 46
23:52:14 | WARNING  | LONG RUN | type=REPEAT offset=0x00014795 ctrl=0xF3 len=179 data=02
23:52:14 | WARNING  | LONG RUN | type=REPEAT offset=0x00014797 ctrl=0x83 len=67 data=84
23:52:14 | WARNING  | LONG RUN | type=LITERAL offset=0x000148D8 ctrl=0x23 len=35 data=e4 e4 f2 80 81 80 6e 65 69 65 50 50 69 6e f2 3b 39 39 3a f3 d5 d5 be e3 c2 c2 f2 e3 44 44 e2 e3 e4 e3 e3
23:52:14 | WARNING  | LONG RUN | type=LITERAL offset=0x00014B2E ctrl=0x31 len=49 data=dc dc dd c1 dd c1 dd e3 44 d1 3b c2 c2 e4 e4 f2 f2 81 80 80 38 b5 e4 e4 e3 c3 dc dc e2 e2 37 35 34 33 45 4e 44 3b f2 39 6e 69 6a 3b 52 52 6a 37 37
23:52:14 | WARNING  | LONG RUN | type=LITERAL offset=0x00014B8E ctrl=0x22 len=34 data=45 45 37 3a f2 81 82 82 bd f2 f2 e3 e3 f2 f2 81 81 f2 d3 c3 e3 f2 80 38 69 65 64 63 66 6a e4 e4 f2 f2
23:52:14 | WARNING  | LONG RUN | type=LITERAL offset=0x00014EAB ctrl=0x2C len=44 data=39 f2 3b f2 3a 39 38 38 37 38 39 3a f2 f2 39 37 38 3a 39 f2 f2 3b f2 d4 d4 e3 e2 38 39 f2 3a 3a 6a 50 48 4a f2 3b 3a 39 e2 38 44 68
23:52:14 | WARNING  | LONG RUN | type=LITERAL offset=0x00015113 ctrl=0x27 len=39 data=e4 f3 c2 bd 82 e4 81 e4 3a 6e 68 69 6a 6b 6b 64 64 6b 65 64 64 65 6b 6b 64 63 64 65 63 63 6b 6b 6c 6c 6a 6a 6b 6a 6a
23:52:14 | WARNING  | LONG RUN | type=LITERAL offset=0x00015241 ctrl=0x2F len=47 data=3b 3b f2 39 37 39 80 3b 3a 69 69 65 64 65 69 44 69 44 39 3b 81 44 38 38 3b f2 39 d1 45 3a 69 65 45 37 f2 f2 3a 69 63 6e 39 6e 65 65 6a 82 82
23:52:14 | WARNING  | LONG RUN | type=LITERAL offset=0x00015337 ctrl=0x2A len=42 data=e2 f2 f2 81 82 82 81 80 e3 c6 c3 d4 d4 e2 d0 d1 6e 37 39 3b 81 f2 3b e3 f2 bd 82 83 83 84 81 3b 39 38 69 65 65 6b 6b 65 65 64
23:52:14 | WARNING  | LONG RUN | type=LITERAL offset=0x0001543D ctrl=0x35 len=53 data=b3 d1 e2 3a 3a 3b f2 3a 80 81 f2 f2 d3 d3 e3 b5 b5 3a e3 3a 3a f2 f2 3a 38 6e 69 68 69 68 68 69 68 68 69 44 39 f2 80 82 81 3a 6a 68 65 64 63 63 6a 3b e4 f2 f2
23:52:14 | WARNING  | LONG RUN | type=LITERAL offset=0x00015A74 ctrl=0x2D len=45 data=80 3b 39 6a 65 65 69 44 45 d1 b5 b5 e2 b3 b4 34 33 33 35 36 b5 bd f2 38 6e 39 6e 52 3b 6e 37 37 69 64 6a 6e 6a 6e 3a 6e 3b 6e 69 69 6a
23:52:14 | WARNING  | LONG RUN | type=LITERAL offset=0x00015AEE ctrl=0x21 len=33 data=3a 3b f2 f2 80 3b 3a 68 33 68 38 80 80 81 81 f2 65 3b 83 83 3b 3a 82 f2 37 38 f2 81 81 f2 3a 81 81
23:52:14 | WARNING  | LONG RUN | type=LITERAL offset=0x00015D1B ctrl=0x26 len=38 data=f2 f2 82 80 3b f2 81 f2 f2 81 f2 3b 63 80 83 83 3a 80 82 83 39 37 3b f2 81 3a f2 81 81 f2 f2 3b 3b 6e 65 4e 6e 82
23:52:14 | WARNING  | LONG RUN | type=LITERAL offset=0x00015DF8 ctrl=0x29 len=41 data=37 44 67 36 b1 e2 b3 81 81 3b b5 b3 f2 f2 b3 e3 e4 f2 37 68 38 3b 3b e3 c3 e2 c0 b1 b5 b5 38 37 38 37 37 d1 36 b3 b3 b5 d1
23:52:14 | WARNING  | LONG RUN | type=LITERAL offset=0x0001611E ctrl=0x23 len=35 data=3a 3b 6a 39 6e 6a 6a 69 44 69 65 64 65 6a 6a 69 65 69 6b 66 80 83 82 81 82 84 3b bc b5 f2 37 69 6a 6a 69
23:52:14 | WARNING  | LONG RUN | type=LITERAL offset=0x00016233 ctrl=0x2B len=43 data=3a 38 69 68 69 38 3a 3b 3b e3 f2 f2 e3 39 e2 38 f2 e3 38 e2 39 3a 38 44 e2 44 45 4d 44 42 e4 d4 f2 38 6e 68 6e f3 f3 be e4 f2 38
23:52:14 | WARNING  | LONG RUN | type=LITERAL offset=0x0001626C ctrl=0x25 len=37 data=44 69 69 6a 39 3a 39 38 44 67 b4 b3 b3 36 e2 d1 f2 b1 e2 d3 d3 35 e3 e4 e4 38 65 44 39 d1 b3 e2 b5 38 6e 6e 38
23:52:14 | WARNING  | LONG RUN | type=REPEAT offset=0x00016374 ctrl=0x81 len=65 data=0f
23:52:14 | WARNING  | LONG RUN | type=REPEAT offset=0x00016376 ctrl=0x82 len=66 data=83
23:52:14 | WARNING  | LONG RUN | type=REPEAT offset=0x00016378 ctrl=0x82 len=66 data=81
23:52:14 | WARNING  | LONG RUN | type=REPEAT offset=0x0001637A ctrl=0x83 len=67 data=84
23:52:14 | WARNING  | LONG RUN | type=REPEAT offset=0x0001637C ctrl=0xB5 len=117 data=d1
23:52:14 | WARNING  | LONG RUN | type=REPEAT offset=0x0001637E ctrl=0xE3 len=163 data=3b
23:52:14 | WARNING  | LONG RUN | type=REPEAT offset=0x00016380 ctrl=0x7F len=63 data=37
23:52:14 | WARNING  | LONG RUN | type=REPEAT offset=0x00016382 ctrl=0x6A len=42 data=6a
23:52:14 | WARNING  | LONG RUN | type=REPEAT offset=0x00016384 ctrl=0x69 len=41 data=44
23:52:14 | WARNING  | LONG RUN | type=REPEAT offset=0x00016386 ctrl=0x6A len=42 data=0f
23:52:14 | WARNING  | LONG RUN | type=REPEAT offset=0x00016388 ctrl=0x69 len=41 data=69
23:52:14 | WARNING  | LONG RUN | type=REPEAT offset=0x0001638A ctrl=0x6A len=42 data=39
23:52:14 | WARNING  | LONG RUN | type=LITERAL offset=0x0001638C ctrl=0x39 len=57 data=38 69 6a 6a 69 6e 39 6e 6a 6a 43 69 03 6a 6b 69 45 6a 43 69 44 65 10 68 69 38 3b f2 f2 82 e4 f2 e3 38 37 45 64 67 64 43 63 08 58 39 e4 e4 d4 f2 3b 3b 47 f2 44 3b 43 f2 20
23:52:14 | WARNING  | LONG RUN | type=LITERAL offset=0x000163C6 ctrl=0x3B len=59 data=81 81 82 82 81 3b 39 6e 6e 39 6e 3b 82 69 67 3a f2 f2 39 f2 f2 39 3a 3b 3b 3a 68 64 64 3a 84 45 83 46 f3 0f 83 b5 37 38 39 38 38 3a 3a 3b 82 83 f3 83 f2 43 37 45 38 0b 3a 84 f3
23:52:14 | WARNING  | LONG RUN | type=REPEAT offset=0x00016402 ctrl=0xF3 len=179 data=3b
23:52:14 | WARNING  | LONG RUN | type=LITERAL offset=0x00016404 ctrl=0x37 len=55 data=37 38 39 38 38 43 39 0d 3a 82 f2 f2 3b 3b 6e 37 6a 6e 52 3a 39 43 38 06 6e 39 3b 3a 38 37 43 69 43 6a 18 37 69 69 44 6a f3 3c f3 f3 3c f3 f3 f2 39 3a f2 3b 3a 3b 3b
23:52:14 | WARNING  | LONG RUN | type=REPEAT offset=0x0001643C ctrl=0x69 len=41 data=6a
23:52:14 | WARNING  | LONG RUN | type=REPEAT offset=0x0001643E ctrl=0xF2 len=178 data=f2
23:52:14 | WARNING  | LONG RUN | type=LITERAL offset=0x00016472 ctrl=0x2B len=43 data=3a 39 3a 39 39 38 44 38 3a f2 f2 3a 3a e3 3a 3a e3 f2 f2 be 84 83 f3 f2 f2 38 44 38 38 37 44 44 4d 45 e3 d3 e3 38 44 4d 67 64 65
23:52:14 | WARNING  | LONG RUN | type=LITERAL offset=0x000164B1 ctrl=0x28 len=40 data=6a 52 3b f2 3a 44 63 35 b4 b4 b3 d1 b3 b3 b5 b3 e3 c3 b0 f2 e4 e4 38 68 44 e3 e3 c3 b5 e2 38 39 6e 6e 6a 6e 6e 6a 69 65
23:52:14 | WARNING  | LONG RUN | type=LITERAL offset=0x000166DF ctrl=0x25 len=37 data=b3 b3 b1 c6 c6 e2 d3 e3 bc b5 e4 e4 3a 45 45 e2 dc c3 e2 b5 37 44 6e 6a 6e 6e 6a 6b 65 63 65 69 6e 69 69 6a 4a
23:52:14 | WARNING  | LONG RUN | type=LITERAL offset=0x000169CB ctrl=0x29 len=41 data=37 d1 35 33 34 35 d1 37 f2 f2 e2 37 69 38 3b 3b 3a 39 38 6e 69 6a 69 6a 6a 69 65 69 6e 69 68 68 3b 6a 6b 6a 6a 69 69 6a 6e
23:52:14 | WARNING  | LONG RUN | type=LITERAL offset=0x00016B27 ctrl=0x2F len=47 data=e4 e4 81 80 3a 39 6e 38 38 44 44 37 44 39 f2 f2 82 81 39 44 d1 b3 b1 36 35 b3 b3 c6 e3 3a d1 e3 e4 e4 f2 36 45 b5 b1 c0 b1 b5 6e 6e 6a 6a 6e
23:52:14 | WARNING  | LONG RUN | type=LITERAL offset=0x00016CB3 ctrl=0x2A len=42 data=3b 3a 3b 3b 39 e4 e3 37 37 e2 e2 44 39 3a 38 39 3a e3 f2 3b bd bd f2 3a 6e 69 69 6a 6a 6e 37 37 6e 38 39 39 3a 3b 3b 69 68 69
23:52:14 | WARNING  | LONG RUN | type=LITERAL offset=0x00016D53 ctrl=0x24 len=36 data=3a 39 38 38 3a 3a f2 80 e4 e4 83 3a 37 36 b3 a5 d1 35 34 37 b1 e3 b4 e3 e4 e4 f2 69 68 e2 b3 c6 e2 c3 b5 6e
23:52:14 | WARNING  | LONG RUN | type=LITERAL offset=0x00016F6A ctrl=0x28 len=40 data=f2 f2 80 80 f2 81 80 80 f2 f2 3a 3a 3b e4 e4 f3 f3 81 3a 44 b3 b1 b1 b4 35 37 e3 d3 f2 e4 e4 f2 44 68 c6 c0 e2 c3 c3 38
23:52:14 | WARNING  | LONG RUN | type=LITERAL offset=0x0001704B ctrl=0x31 len=49 data=b5 f2 f2 d1 35 45 52 3b 3b 6e 6a 52 6e 6a 6e 6e 3a 52 52 6e 52 6e 6e 39 6e 6e 6a 6b 6a 6b 65 69 6a 39 44 44 50 6a 6a 6b 64 69 44 69 6a 65 58 80 83
23:52:14 | WARNING  | LONG RUN | type=LITERAL offset=0x00017281 ctrl=0x2E len=46 data=6a 6a 69 69 6a 6e 6a 6a 44 6e 39 6e 6a 6e 37 37 69 6a 67 58 80 83 81 81 82 82 81 b3 39 bd 37 6a 6e 6a 6a 6e 69 65 69 6a 6e 6e 80 81 52 6a
23:52:14 | WARNING  | LONG RUN | type=REPEAT offset=0x000174A7 ctrl=0x81 len=65 data=0c
23:52:14 | WARNING  | LONG RUN | type=REPEAT offset=0x000174A9 ctrl=0x81 len=65 data=83
23:52:14 | WARNING  | LONG RUN | type=REPEAT offset=0x000174AB ctrl=0x81 len=65 data=82
23:52:14 | WARNING  | LONG RUN | type=REPEAT offset=0x000174AD ctrl=0x82 len=66 data=81
23:52:14 | WARNING  | LONG RUN | type=REPEAT offset=0x000174AF ctrl=0x81 len=65 data=b3
23:52:14 | WARNING  | LONG RUN | type=REPEAT offset=0x000174B1 ctrl=0xE3 len=163 data=f2
23:52:14 | WARNING  | LONG RUN | type=LITERAL offset=0x000174B3 ctrl=0x37 len=55 data=6a 43 6e 03 44 69 69 43 65 0c 52 81 81 39 37 6a 69 69 67 69 6a 6e 46 6a 08 69 69 6a 69 6a 6a 48 69 45 6a 01 69 45 6a 46 69 03 6a 6e 6e 44 6a 03 69 65 64 46 63 09 66
23:52:14 | WARNING  | LONG RUN | type=REPEAT offset=0x000174EB ctrl=0x6B len=43 data=80
23:52:14 | WARNING  | LONG RUN | type=REPEAT offset=0x000174ED ctrl=0xF3 len=179 data=bd
23:52:14 | WARNING  | LONG RUN | type=REPEAT offset=0x000174EF ctrl=0xF2 len=178 data=f2
23:52:14 | WARNING  | LONG RUN | type=LITERAL offset=0x000174F1 ctrl=0x3B len=59 data=3b 44 3a 44 f2 43 3b 43 f2 02 3b 80 44 3a 04 38 6e 6a 6a 47 69 04 6a 6a 69 44 43 37 03 39 3a e3 43 f2 01 81 43 f2 03 81 f2 e4 49 f2 16 3a e3 e3 38 37 37 69 69 d1 d1 37 69 69 37
23:52:14 | WARNING  | LONG RUN | type=REPEAT offset=0x0001752D ctrl=0x6E len=46 data=6a
23:52:14 | WARNING  | LONG RUN | type=REPEAT offset=0x0001752F ctrl=0x69 len=41 data=6e
23:52:14 | WARNING  | LONG RUN | type=REPEAT offset=0x00017531 ctrl=0x6E len=46 data=39
23:52:14 | WARNING  | LONG RUN | type=LITERAL offset=0x00017533 ctrl=0x3A len=58 data=3b 43 f2 06 3a 38 6e 38 39 39 43 44 0b 69 69 68 68 67 69 6e 6e 3b 38 6e 43 3a 03 3b f2 f2 44 3b 10 f2 f2 3b 3b 3a 3a 39 39 3a 39 3a 3a 3b 3a 3b 3b 43 f2 04 3b f2 3b 3a 44 f2
23:52:14 | WARNING  | LONG RUN | type=LITERAL offset=0x000176A8 ctrl=0x23 len=35 data=3b f2 f2 3a 3b 80 80 3b 3b 3a f2 81 f2 e3 e3 e2 39 38 37 38 39 3a 6a 39 69 48 4e 65 6a 6a 6e 6e 6a 6e 6e
23:52:14 | WARNING  | LONG RUN | type=REPEAT offset=0x000176D7 ctrl=0x81 len=65 data=0f
23:52:14 | WARNING  | LONG RUN | type=REPEAT offset=0x000176D9 ctrl=0x82 len=66 data=81
23:52:14 | WARNING  | LONG RUN | type=LITERAL offset=0x000176DB ctrl=0x3B len=59 data=3b 80 80 3b ba d4 bd 37 6a 6a 6e 6e 45 69 06 6a 52 81 81 39 44 44 6a 01 6e 4e 6a 03 65 6a 6e 43 6a 02 69 65 43 6a 01 52 43 6a 44 69 45 6a 43 69 03 65 65 64 47 63 06 64 80 be e4
23:52:14 | WARNING  | LONG RUN | type=REPEAT offset=0x00017717 ctrl=0xF2 len=178 data=f2
23:52:14 | WARNING  | LONG RUN | type=LITERAL offset=0x00017751 ctrl=0x21 len=33 data=6e 39 38 6e 39 3b f2 80 3b 3a 38 6e 6e 38 39 38 37 d1 d1 37 37 44 37 69 68 6a 6e 6a 39 6e 3a 3b 3b
23:52:14 | WARNING  | LONG RUN | type=LITERAL offset=0x00017787 ctrl=0x2E len=46 data=3a 3b f2 3b 38 38 3a f2 3a 45 e2 44 69 3b 81 82 81 39 44 37 f2 80 f2 3b f2 f2 3b 39 69 35 34 36 34 68 6e 6e 37 39 38 3a 3b 38 38 37 39 3a
23:52:14 | WARNING  | LONG RUN | type=LITERAL offset=0x000179E4 ctrl=0x23 len=35 data=39 38 39 3a f2 3b 3b 39 69 51 35 45 35 33 36 69 69 36 b3 b3 b4 b3 37 38 b1 37 66 34 69 3a f2 3b 81 f2 e4
23:52:14 | WARNING  | LONG RUN | type=LITERAL offset=0x00017AC6 ctrl=0x2B len=43 data=b3 d1 b4 35 b4 d1 b3 3a f2 38 d1 37 80 f2 3b 6e 6a 69 37 38 37 38 3b f2 82 84 e4 82 81 81 3b f2 37 69 6e 69 38 3b 3b 37 37 38 38
23:52:14 | WARNING  | LONG RUN | type=REPEAT offset=0x00017AFE ctrl=0x81 len=65 data=0b
23:52:14 | WARNING  | LONG RUN | type=REPEAT offset=0x00017B00 ctrl=0x69 len=41 data=83
23:52:14 | WARNING  | LONG RUN | type=REPEAT offset=0x00017B02 ctrl=0x82 len=66 data=81
23:52:14 | WARNING  | LONG RUN | type=REPEAT offset=0x00017B04 ctrl=0xF2 len=178 data=84
23:52:14 | WARNING  | LONG RUN | type=REPEAT offset=0x00017B06 ctrl=0x82 len=66 data=e3
23:52:14 | WARNING  | LONG RUN | type=REPEAT offset=0x00017B08 ctrl=0xE2 len=162 data=81
23:52:14 | WARNING  | LONG RUN | type=REPEAT offset=0x00017B0A ctrl=0x82 len=66 data=43
23:52:14 | WARNING  | LONG RUN | type=REPEAT offset=0x00017B0C ctrl=0x6E len=46 data=03
23:52:14 | WARNING  | LONG RUN | type=LITERAL offset=0x00017B0E ctrl=0x38 len=56 data=6a 6a 43 69 06 6a 6e 6e f2 81 3a 43 6a 44 6e 4e 6a 08 6e 6e 6a 69 6a 6a 65 69 45 6a 04 69 6a 6a 69 45 6a 46 69 42 65 47 63 05 64 64 3a 84 bd 44 f2 43 3b 02 3a f2 44 3b
23:52:14 | WARNING  | LONG RUN | type=REPEAT offset=0x00017BF3 ctrl=0x65 len=37 data=f2
23:52:14 | WARNING  | LONG RUN | type=LITERAL offset=0x00017DBB ctrl=0x23 len=35 data=83 84 3b 69 64 65 37 37 38 3a 39 3a 84 f3 f3 3c 3c f3 37 80 80 3b 3b 80 81 81 39 38 84 f2 f2 80 f2 3b 39
23:52:14 | WARNING  | LONG RUN | type=LITERAL offset=0x00017EF3 ctrl=0x35 len=53 data=b3 33 f1 33 36 69 38 e4 e3 37 37 3b 80 80 3b 3a 6e 6e 39 f2 39 38 6a 37 c3 e2 e2 c3 e3 b5 39 38 33 68 35 35 36 3a 3a 34 d1 d1 b4 e2 81 3b 33 67 67 36 37 80 bd
23:52:14 | WARNING  | LONG RUN | type=LITERAL offset=0x0001803C ctrl=0x24 len=36 data=35 67 35 35 34 35 36 d1 d1 37 d1 44 d1 35 36 37 44 64 63 58 58 63 63 66 45 69 38 e3 44 42 44 d1 c3 c3 69 69
23:52:14 | WARNING  | LONG RUN | type=LITERAL offset=0x0001812A ctrl=0x2C len=44 data=3b 6e 82 3b b5 d1 b4 36 69 80 37 d1 b5 d1 b5 81 84 36 34 33 35 69 3a 84 38 b3 a4 e2 81 84 84 81 f2 84 82 81 f2 f2 3b 39 6e 38 6e 6e
23:52:14 | WARNING  | LONG RUN | type=LITERAL offset=0x0001834A ctrl=0x29 len=41 data=80 38 3b 84 82 83 82 81 80 84 81 80 80 3b 39 6e 3b 80 3b 3a 38 b5 81 84 84 82 82 84 81 f2 e3 37 44 38 39 38 39 6e 6a 69 69
23:52:14 | WARNING  | LONG RUN | type=LITERAL offset=0x0001874C ctrl=0x27 len=39 data=6b 69 69 d1 36 f2 84 f2 80 3b 3b 39 69 69 44 38 d1 d1 e2 c6 c6 e2 b3 b4 b4 d1 37 44 44 39 f2 e3 e2 38 6a 52 3b 3b 6e
23:52:14 | WARNING  | LONG RUN | type=REPEAT offset=0x0001883C ctrl=0x81 len=65 data=03
23:52:14 | WARNING  | LONG RUN | type=REPEAT offset=0x0001883E ctrl=0x68 len=40 data=69
23:52:14 | WARNING  | LONG RUN | type=REPEAT offset=0x00018840 ctrl=0x69 len=41 data=43
23:52:14 | WARNING  | LONG RUN | type=REPEAT offset=0x00018842 ctrl=0x84 len=68 data=0d
23:52:14 | WARNING  | LONG RUN | type=REPEAT offset=0x00018844 ctrl=0x82 len=66 data=84
23:52:14 | WARNING  | LONG RUN | type=REPEAT offset=0x00018846 ctrl=0x83 len=67 data=81
23:52:14 | WARNING  | LONG RUN | type=LITERAL offset=0x00018848 ctrl=0x3B len=59 data=81 3c f3 81 81 3a 44 3a 47 f3 08 3a 3a 52 84 83 81 83 f3 44 f2 43 3b 08 39 69 37 45 37 e3 3a e2 43 44 02 37 39 43 e3 01 38 43 37 44 44 06 f2 f3 f3 f2 3a b5 43 44 07 e2 e2 44 45
23:52:14 | WARNING  | LONG RUN | type=REPEAT offset=0x00018886 ctrl=0xD1 len=145 data=44
23:52:14 | WARNING  | LONG RUN | type=REPEAT offset=0x00018888 ctrl=0xE2 len=162 data=17
23:52:14 | WARNING  | LONG RUN | type=REPEAT offset=0x0001888C ctrl=0xD1 len=145 data=39
23:52:14 | WARNING  | LONG RUN | type=LITERAL offset=0x0001888E ctrl=0x3A len=58 data=69 44 37 37 39 38 44 36 b4 d1 e2 38 33 34 36 d1 35 36 43 d1 45 b3 14 34 35 36 37 37 44 37 37 3a f2 3b 38 37 3a f2 f2 3a 44 63 66 43 63 03 65 45 42 44 44 07 e2 3a 52 f2 f2 3a
23:52:14 | WARNING  | LONG RUN | type=REPEAT offset=0x000188C9 ctrl=0x69 len=41 data=43
23:52:14 | WARNING  | LONG RUN | type=REPEAT offset=0x000188CB ctrl=0x68 len=40 data=03
23:52:14 | WARNING  | LONG RUN | type=LITERAL offset=0x000188CF ctrl=0x37 len=55 data=43 6a 03 52 6a 4f 43 6a 02 69 50 48 6a 06 69 69 37 37 b5 37 49 6a 04 37 39 38 38 48 6a 0a 65 67 c6 b1 c6 bd f2 f2 80 81 43 f3 0a be be bd bd f2 c3 bd c2 81 f2 44 81
23:52:14 | WARNING  | LONG RUN | type=LITERAL offset=0x0001899B ctrl=0x21 len=33 data=69 64 68 69 65 6a 69 6a 69 3b 6e 52 6e 3b 81 82 82 81 80 81 80 80 6d 6d 52 39 83 82 81 81 82 80 81
23:52:14 | WARNING  | LONG RUN | type=LITERAL offset=0x00018D6F ctrl=0x36 len=54 data=38 37 44 35 69 6e c3 f2 e3 b5 e3 f2 d4 bd f2 f2 e4 e4 e3 38 38 37 36 33 34 34 b4 e2 b5 c3 b5 e2 b3 b4 45 68 44 f2 e4 e2 d1 d1 b5 e2 39 81 6e 6a 50 50 6a 69 6a 6a
23:52:14 | WARNING  | LONG RUN | type=LITERAL offset=0x00018DA8 ctrl=0x22 len=34 data=7e d1 69 6a 6a 6b 6b 6a 69 65 68 68 b4 b5 bd f2 80 f2 3a 6e 6e 69 69 39 e2 b4 d1 b3 b3 b1 e2 e2 c3 b5
23:52:14 | WARNING  | LONG RUN | type=LITERAL offset=0x00018E09 ctrl=0x26 len=38 data=39 38 38 52 6a 6a 69 6a 6a 6e 39 6e 80 82 3b 6a 6a 69 69 65 65 6a 6e 6e 6a 6a 69 6a 38 3a 39 6a 6a 6e 6a 65 65 69
23:52:14 | WARNING  | LONG RUN | type=LITERAL offset=0x00018EE9 ctrl=0x21 len=33 data=e3 38 e2 44 44 45 36 68 68 69 44 6e 38 81 e4 f2 f2 39 38 68 67 67 68 68 44 e2 44 44 e2 44 44 37 44
23:52:14 | WARNING  | LONG RUN | type=LITERAL offset=0x0001901C ctrl=0x32 len=50 data=6e 6a 6a 52 3a 6a 38 6a 6e 6e 67 64 4e 65 65 69 e3 52 f2 e3 e3 44 81 f2 39 44 e2 38 38 3a 39 6e 44 69 6a 6a 52 6a 6a 3b 81 80 6e 6a 6a 69 69 6a 6e 6e
23:52:14 | WARNING  | LONG RUN | type=LITERAL offset=0x00019415 ctrl=0x2A len=42 data=69 68 65 45 3b e4 81 80 3b 6e 6e 44 68 37 39 38 37 d1 b1 b1 e2 d1 d1 34 33 33 67 34 69 3b 3b 38 69 6e 69 52 3b 3b 52 37 e2 37
23:52:14 | WARNING  | LONG RUN | type=LITERAL offset=0x000195AE ctrl=0x23 len=35 data=c3 c6 b1 b1 b5 37 d1 45 67 69 69 44 6e 6a 6a 69 6a 6a 6b 6a 6a 50 6a 6a 69 67 37 dc e2 e3 d4 f2 81 82 83
23:52:14 | WARNING  | LONG RUN | type=LITERAL offset=0x00019636 ctrl=0x2C len=44 data=48 48 44 e4 e4 f2 81 80 3b 38 65 68 37 37 44 44 e2 c3 b1 b1 b3 36 34 35 34 34 69 37 38 38 69 3b 6a 39 3b 3b 52 37 37 d1 6a 65 65 68
23:52:14 | WARNING  | LONG RUN | type=LITERAL offset=0x0001985F ctrl=0x32 len=50 data=b3 b3 37 48 44 f2 e4 81 f2 f2 3b 3b 37 37 e3 f2 37 d1 e2 e2 b1 b3 b3 d1 34 36 44 37 b3 b5 f2 39 44 f2 3a 6e 3b 80 80 38 37 6e 6e 69 65 6a 6e 6a 6a 4a
23:52:14 | WARNING  | LONG RUN | type=LITERAL offset=0x0001991B ctrl=0x24 len=36 data=45 37 67 45 44 37 36 34 67 45 44 dc e3 e2 44 38 3a 80 81 81 80 f2 f2 e4 e4 c3 c6 e2 e2 38 6e 6e 6a 6b 6b 69
23:52:14 | WARNING  | LONG RUN | type=LITERAL offset=0x00019BA9 ctrl=0x22 len=34 data=b3 b3 e2 d1 d1 68 63 67 45 44 38 38 80 f2 f2 38 38 44 d1 37 38 38 44 37 37 36 36 35 68 68 36 36 69 69
23:52:14 | WARNING  | LONG RUN | type=LITERAL offset=0x00019C73 ctrl=0x2C len=44 data=6e 6a 37 d1 6a 6a 69 e2 e2 d1 d1 e2 b5 81 f2 81 81 bd 82 bd e4 e4 f2 38 38 37 d1 b4 34 33 67 36 36 35 34 33 65 69 69 6e e4 e4 81 81
23:52:14 | WARNING  | LONG RUN | type=LITERAL offset=0x0001A101 ctrl=0x21 len=33 data=6a 6a 65 65 6a 69 6a 65 65 6a 69 69 65 65 69 6a 69 63 6e 69 69 6a 6e 6e 6a 6a 6e 6e 3a 39 52 6a 65
23:52:14 | WARNING  | LONG RUN | type=LITERAL offset=0x0001A1F1 ctrl=0x28 len=40 data=83 84 81 81 80 3b 81 82 84 83 83 f3 f3 83 82 81 81 3b f2 3a 38 b5 e2 37 37 b5 b5 b1 e2 e2 c3 e2 e2 d1 d1 35 45 45 36 e2
23:52:14 | WARNING  | LONG RUN | type=LITERAL offset=0x0001A7C0 ctrl=0x2C len=44 data=3a 52 52 6e 6e 6a 6a 6e 69 44 6a 38 3a 3a 3b 80 81 80 f2 3b 3a 39 38 6e 44 38 38 3a 80 3b 80 f2 3b 3b 65 4d 67 4e 41 41 45 45 44 45
23:52:14 | WARNING  | LONG RUN | type=LITERAL offset=0x0001A9CB ctrl=0x29 len=41 data=39 6e 3b f2 80 f2 f2 3b 3b c3 3a 3b 3b 38 67 65 45 44 42 45 67 4d 4d 68 3b 81 80 84 f2 69 68 45 44 42 37 38 e2 e3 38 38 37
23:52:14 | WARNING  | LONG RUN | type=LITERAL offset=0x0001ACA5 ctrl=0x22 len=34 data=6a 69 67 63 34 34 69 69 36 d1 d1 37 37 44 36 36 45 36 36 69 44 36 68 68 36 69 37 38 37 37 38 39 39 3a
23:52:14 | WARNING  | LONG RUN | type=LITERAL offset=0x0001ADCF ctrl=0x25 len=37 data=6e 6e 6a 39 69 68 67 64 63 58 81 84 81 f2 81 82 80 80 39 44 44 50 6e 6e 3a 6e 6a 68 65 6a 6a 6e 3a 52 52 3b 52
23:52:14 | WARNING  | LONG RUN | type=LITERAL offset=0x0001AF7B ctrl=0x21 len=33 data=b1 b3 b3 d1 35 34 33 34 38 bd 81 3b 3a 6e 6a 44 45 69 81 3b 37 e2 e2 dc dd dd e3 dc e3 e3 bd f3 83
23:52:14 | WARNING  | LONG RUN | type=LITERAL offset=0x0001B384 ctrl=0x24 len=36 data=e2 e2 dc dc f2 83 81 6a 6e 38 81 3b 3b 38 6e 50 69 69 45 44 37 37 69 6a 6a 6b 6a 69 69 6a 65 69 38 6e 52 3a
23:52:14 | WARNING  | LONG RUN | type=LITERAL offset=0x0001B40B ctrl=0x24 len=36 data=3a e2 44 44 45 44 38 38 e3 be f3 f3 c2 d3 c6 b3 b3 d1 b3 d1 e2 c3 bd 83 be d5 c2 e3 e2 e2 e3 e2 42 45 45 4d
23:52:14 | WARNING  | LONG RUN | type=LITERAL offset=0x0001B5CE ctrl=0x38 len=56 data=6a 84 84 81 81 82 80 3b 6e 6e 6a 6e 38 52 52 39 6e 6a 69 3b 81 3b 3b 39 3a 3b f2 81 80 81 f2 3b 3a 39 38 37 44 44 65 45 45 44 42 44 e2 42 e2 e2 e3 e3 3a dc 44 44 42 44
23:52:14 | WARNING  | LONG RUN | type=REPEAT offset=0x0001B6E6 ctrl=0x61 len=33 data=68
23:52:14 | WARNING  | LONG RUN | type=LITERAL offset=0x0001B79A ctrl=0x24 len=36 data=e2 d0 d1 d1 38 82 f3 80 6e 69 6a 3a 3b 80 3a 3b 6e 6a 69 45 45 36 38 f2 f2 e3 37 35 36 44 69 64 64 44 45 65
23:52:14 | WARNING  | LONG RUN | type=REPEAT offset=0x0001B8EE ctrl=0x63 len=35 data=68
23:52:14 | WARNING  | LONG RUN | type=LITERAL offset=0x0001B993 ctrl=0x33 len=51 data=38 c2 f3 81 6e 3a 6e 6e 39 3a 3b 3a 3b 3a 3a 38 38 6e 6e 69 69 37 e2 b5 38 38 3a 38 37 44 45 e2 b5 39 3a 38 6e 6a 6e 6e 65 6a 68 68 6a 6a 6e 39 6e 6e 3a
23:52:14 | WARNING  | LONG RUN | type=LITERAL offset=0x0001B9CD ctrl=0x3F len=63 data=69 6e 6a 6a 69 34 33 66 67 65 3a 82 81 3b 3b 80 3b 80 81 81 82 81 81 82 81 80 f2 39 69 38 39 3b f2 f2 3b 3b 39 37 36 67 34 45 42 44 e2 44 44 42 42 44 45 44 44 e2 e2 c3 b5 e2 e2 44 e2 d1 e2
23:52:14 | WARNING  | LONG RUN | type=REPEAT offset=0x0001BAF0 ctrl=0x6A len=42 data=68
23:52:14 | WARNING  | LONG RUN | type=REPEAT offset=0x0001BCE6 ctrl=0x61 len=33 data=68
23:52:14 | WARNING  | LONG RUN | type=LITERAL offset=0x0001BDAB ctrl=0x34 len=52 data=3a 3a e3 f2 e3 39 44 44 38 c3 37 6a 6a 6e 45 69 3a 6e 38 6e 6a 6a 6e 52 39 3a 52 3a 39 6e 37 68 64 64 65 65 81 83 81 81 80 83 84 f2 3a 38 e2 c3 e2 e2 37 6e
23:52:14 | WARNING  | LONG RUN | type=LITERAL offset=0x0001BE94 ctrl=0x27 len=39 data=3b 3b 6e 37 38 3a 80 80 3b 6e 6e 39 6e 39 3a 39 6a 37 37 39 39 37 44 45 68 36 68 65 67 67 68 45 69 36 68 35 34 67 67
23:52:14 | WARNING  | LONG RUN | type=LITERAL offset=0x0001BF94 ctrl=0x2F len=47 data=69 65 65 35 b5 f2 81 80 80 81 80 f2 f2 b5 e3 f3 f3 83 f2 c3 e2 c6 dc e2 e2 dc dc e2 38 e2 dd e3 39 e2 e2 dc dc e2 e2 e3 81 84 f3 f3 83 81 3b
23:52:14 | WARNING  | LONG RUN | type=LITERAL offset=0x0001C22F ctrl=0x26 len=38 data=37 38 37 38 39 3b 82 82 f2 f2 82 81 3a 64 63 67 44 38 80 be c2 d4 dd c3 dd be e4 dd c0 c3 c0 c0 cd c0 c0 c6 b5 b1
23:52:14 | WARNING  | LONG RUN | type=REPEAT offset=0x0001C2FB ctrl=0x62 len=34 data=36
23:52:14 | WARNING  | LONG RUN | type=LITERAL offset=0x0001C5E8 ctrl=0x22 len=34 data=37 69 37 37 e2 e2 68 63 65 6b 67 39 83 84 80 52 6a 6a 3b 6a 69 6e 6e 34 68 68 67 63 68 44 42 42 45 44
23:52:14 | WARNING  | LONG RUN | type=LITERAL offset=0x0001C620 ctrl=0x28 len=40 data=83 82 82 f2 3a 37 44 e2 38 e3 e3 b5 b5 e3 e3 f2 e4 be be 82 e3 e3 c3 c3 d4 be bd dc e2 dc dc c6 cd c6 c0 c0 c3 c0 c0 c6
23:52:14 | WARNING  | LONG RUN | type=LITERAL offset=0x0001C680 ctrl=0x2E len=46 data=3b 39 37 69 69 44 36 35 45 68 68 45 69 37 6e 3a 3a 38 69 64 68 69 44 68 68 67 68 44 69 68 69 44 69 37 6a 44 44 69 69 37 69 69 37 38 44 37
23:52:14 | WARNING  | LONG RUN | type=REPEAT offset=0x0001C701 ctrl=0x7F len=63 data=68
23:52:14 | WARNING  | LONG RUN | type=LITERAL offset=0x0001C7DA ctrl=0x30 len=48 data=3a 6e 6a 65 65 63 64 69 3b 83 82 80 3b 80 3a 3b 6e 39 65 63 67 6e 69 37 44 44 45 44 44 e2 e3 e2 37 e2 37 e2 44 44 e2 37 38 81 80 6e 65 64 44 f2
23:52:14 | WARNING  | LONG RUN | type=LITERAL offset=0x0001C83F ctrl=0x2B len=43 data=f2 80 34 9b b4 b4 9b b4 51 38 e4 3b 3b f2 e3 d1 44 42 42 44 44 45 4d 68 65 64 63 63 64 59 63 58 63 63 6a 82 f2 3b 80 f2 3b f2 f2
23:52:14 | WARNING  | LONG RUN | type=LITERAL offset=0x0001C895 ctrl=0x38 len=56 data=44 37 69 6a 69 44 69 44 69 6e 37 69 37 69 44 69 44 69 69 37 37 68 68 69 36 68 65 67 65 67 35 35 34 34 45 68 68 36 d1 69 37 37 d1 d1 63 63 34 45 34 34 45 35 45 34 34 68
23:52:14 | WARNING  | LONG RUN | type=REPEAT offset=0x0001C8ED ctrl=0x77 len=55 data=68
23:52:14 | WARNING  | LONG RUN | type=REPEAT offset=0x0001CA47 ctrl=0x81 len=65 data=02
23:52:14 | WARNING  | LONG RUN | type=REPEAT offset=0x0001CA49 ctrl=0x6A len=42 data=81
23:52:14 | WARNING  | LONG RUN | type=LITERAL offset=0x0001CA94 ctrl=0x2A len=42 data=67 68 35 68 68 69 45 37 69 37 37 67 67 35 36 36 45 45 36 36 67 34 36 44 38 37 44 69 44 37 44 44 37 37 44 44 d1 36 36 35 45 35
23:52:14 | WARNING  | LONG RUN | type=REPEAT offset=0x0001CAC7 ctrl=0x7A len=58 data=68
23:52:14 | WARNING  | LONG RUN | type=LITERAL offset=0x0001CAD5 ctrl=0x2B len=43 data=67 67 68 68 67 68 67 68 36 36 69 37 69 36 68 67 36 35 34 67 67 d1 b5 b5 c3 c3 bd 3b e3 e3 f2 81 82 84 84 82 f2 81 84 82 82 81 81
23:52:14 | WARNING  | LONG RUN | type=LITERAL offset=0x0001CBC0 ctrl=0x28 len=40 data=69 44 45 4d 45 45 44 44 e2 e3 e2 38 e3 b5 39 3a f2 f2 3a 3a 37 37 67 6a 69 82 3b 6e 6e 3b 81 81 80 38 6a 6e 6e 39 83 f2
23:52:14 | WARNING  | LONG RUN | type=LITERAL offset=0x0001CC1B ctrl=0x2A len=42 data=bc c3 83 81 e4 f2 38 45 44 e2 e2 dc e3 e3 e2 d1 d1 45 67 67 64 64 63 63 66 33 66 66 58 6a 80 81 f2 80 f2 3b f2 3b f2 f2 3b f2
23:52:14 | WARNING  | LONG RUN | type=LITERAL offset=0x0001CC89 ctrl=0x21 len=33 data=44 44 d1 44 38 e3 68 67 45 36 36 d1 36 36 44 45 45 44 44 37 37 69 44 69 36 35 36 37 37 36 35 35 34
23:52:14 | WARNING  | LONG RUN | type=REPEAT offset=0x0001CCBF ctrl=0x7F len=63 data=68
23:52:14 | WARNING  | LONG RUN | type=LITERAL offset=0x0001CD9E ctrl=0x28 len=40 data=83 84 82 3a 39 6a 69 6e 3a 39 6a 3a f2 f2 81 81 68 33 64 65 64 3b e3 f2 e3 e3 e2 3b 3a 6a 69 69 41 42 e2 42 e2 d1 e2 e3
23:52:14 | WARNING  | LONG RUN | type=LITERAL offset=0x0001CE44 ctrl=0x22 len=34 data=f2 80 81 6a 6d 80 83 83 80 6d 6d 52 82 82 52 6d 6d 81 6e 69 68 68 45 68 69 36 44 45 68 68 67 68 68 65
23:52:14 | WARNING  | LONG RUN | type=REPEAT offset=0x0001CEAE ctrl=0x7F len=63 data=68
23:52:14 | WARNING  | LONG RUN | type=LITERAL offset=0x0001CF72 ctrl=0x27 len=39 data=e2 e2 b5 b5 3a 3a 39 3a 39 80 f3 84 3a 3a 6e 6a 6e 52 38 6e 38 39 52 6d 3a 3b 84 81 84 83 84 44 4d 4d 80 84 3b 6e 44
23:52:14 | WARNING  | LONG RUN | type=REPEAT offset=0x0001CFA3 ctrl=0x81 len=65 data=12
23:52:14 | WARNING  | LONG RUN | type=REPEAT offset=0x0001CFA5 ctrl=0x81 len=65 data=3a
23:52:14 | WARNING  | LONG RUN | type=REPEAT offset=0x0001CFAB ctrl=0x80 len=64 data=81
23:52:14 | WARNING  | LONG RUN | type=REPEAT offset=0x0001CFAD ctrl=0x65 len=37 data=69
23:52:14 | WARNING  | LONG RUN | type=REPEAT offset=0x0001CFAF ctrl=0x69 len=41 data=45
23:52:14 | WARNING  | LONG RUN | type=REPEAT offset=0x0001CFB3 ctrl=0xE2 len=162 data=44
23:52:14 | WARNING  | LONG RUN | type=REPEAT offset=0x0001CFB5 ctrl=0xE2 len=162 data=dc
23:52:14 | WARNING  | LONG RUN | type=REPEAT offset=0x0001D09B ctrl=0x7C len=60 data=68
23:52:14 | WARNING  | LONG RUN | type=LITERAL offset=0x0001D15E ctrl=0x3F len=63 data=38 39 6e 6a 6e 39 3a 83 f3 80 3b 3a 6e 6e 6a 6a 6d 3a 39 3a 52 6d 6e 3a 3b 69 39 38 52 6a 69 39 84 81 81 83 6a 69 69 49 38 38 67 66 63 63 38 81 f2 52 e3 f2 3a 3b 39 69 68 65 33 69 e2 e2 44
23:52:14 | WARNING  | LONG RUN | type=LITERAL offset=0x0001D1A0 ctrl=0x23 len=35 data=e3 e3 bd b5 b4 35 8e 9b 7e 69 63 39 83 e3 e2 e3 e3 80 80 81 81 82 84 84 83 81 6a 6a 6e 81 e3 e3 d3 d3 d4
23:52:14 | WARNING  | LONG RUN | type=LITERAL offset=0x0001D216 ctrl=0x21 len=33 data=3a 3a 3b 3b 82 83 82 39 3a 80 82 83 80 39 6e 69 69 6a 65 3a 82 6a 80 6d 80 82 3a 68 69 68 69 69 6b
23:52:14 | WARNING  | LONG RUN | type=REPEAT offset=0x0001D270 ctrl=0x6C len=44 data=68
23:52:14 | WARNING  | LONG RUN | type=REPEAT offset=0x0001D274 ctrl=0x7B len=59 data=68
23:52:14 | WARNING  | LONG RUN | type=LITERAL offset=0x0001D33F ctrl=0x26 len=38 data=67 63 69 69 3a 80 81 84 81 80 f2 6a 6e 65 67 4e 45 67 33 33 63 65 3b 3a 52 e3 52 4a 44 3b 65 68 65 69 63 45 dc dc
23:52:14 | WARNING  | LONG RUN | type=LITERAL offset=0x0001D368 ctrl=0x3F len=63 data=e3 f2 bd b5 37 36 9b 79 34 68 f2 82 b5 b5 b3 e3 e3 3b 80 80 81 82 82 83 84 84 6a 6e 3a 80 e3 c3 dd c3 dd c3 c3 dd e3 e2 37 b1 c3 e3 e3 d3 dd dc c3 b5 e2 c3 e2 35 67 69 69 67 63 63 6a 3b 81
23:52:14 | WARNING  | LONG RUN | type=REPEAT offset=0x0001D444 ctrl=0x73 len=51 data=68
23:52:14 | WARNING  | LONG RUN | type=REPEAT offset=0x0001D448 ctrl=0x76 len=54 data=68
23:52:14 | WARNING  | LONG RUN | type=LITERAL offset=0x0001D455 ctrl=0x21 len=33 data=7f 69 69 d1 d1 68 68 67 6a 39 69 69 67 34 45 44 69 37 b5 35 37 69 38 3a 38 e2 e2 39 e2 e2 b5 e2 e2
23:52:14 | WARNING  | LONG RUN | type=LITERAL offset=0x0001D53B ctrl=0x3A len=58 data=e3 44 80 81 69 68 69 69 68 33 dc e2 d1 e2 e3 d3 e3 f2 b5 e2 d1 36 7e 79 63 3b f3 f2 b3 b5 e2 e3 f2 3b 3b 81 80 81 83 83 84 84 69 6e f2 e2 e3 c3 c3 b1 e2 b1 e2 e2 d1 36 d1 c3
23:52:14 | WARNING  | LONG RUN | type=LITERAL offset=0x0001D58E ctrl=0x2C len=44 data=c5 c6 c0 c0 d3 be be 36 51 51 9b b4 b3 c6 b1 6e 82 84 d3 b3 b1 c6 b1 b1 c6 b1 b1 e2 e2 c3 e2 c6 e2 e3 e3 c3 e2 d1 34 34 65 67 67 4d
23:52:14 | WARNING  | LONG RUN | type=REPEAT offset=0x0001D61B ctrl=0x7F len=63 data=68
23:52:14 | WARNING  | LONG RUN | type=REPEAT offset=0x0001D61D ctrl=0x65 len=37 data=68
23:52:14 | WARNING  | LONG RUN | type=LITERAL offset=0x0001D6E1 ctrl=0x26 len=38 data=80 80 3a 39 3a 39 37 6e 38 39 3b 3a e2 37 37 44 64 6a f3 3c f3 82 81 f2 81 82 83 f3 f3 68 69 6d 6a 6a 69 6a 80 84
23:52:14 | WARNING  | LONG RUN | type=LITERAL offset=0x0001D70A ctrl=0x31 len=49 data=81 80 83 81 f2 3b 6e 68 45 dc d1 45 e2 d3 f2 e3 f2 3a 3a 37 37 69 6c 37 84 3b 44 38 c3 c6 c0 e3 3b 52 80 80 81 82 83 83 3b 69 3b 38 37 b5 c3 dd c3
23:52:14 | WARNING  | LONG RUN | type=LITERAL offset=0x0001D797 ctrl=0x2E len=46 data=81 81 3b 37 6e 80 84 84 3b 50 6a 3a e3 81 81 84 83 80 6a 6a 67 63 63 69 68 69 6e 3a 82 81 3b 3a 81 80 65 68 65 69 65 65 68 67 69 6a 6e 69
23:52:14 | WARNING  | LONG RUN | type=REPEAT offset=0x0001D7F5 ctrl=0x7F len=63 data=68
23:52:14 | WARNING  | LONG RUN | type=REPEAT offset=0x0001D7FD ctrl=0x63 len=35 data=68
23:52:14 | WARNING  | LONG RUN | type=LITERAL offset=0x0001D8DA ctrl=0x3B len=59 data=6e 3b 39 65 6b 69 6e 80 83 81 f2 f2 82 f2 84 81 3a 38 e3 dc dc dd e2 45 38 e4 3b f2 e4 f2 e3 69 44 68 67 84 3b 37 37 d1 d1 b3 b5 3a 3b 3b 80 80 81 82 84 3b 38 80 6e d1 e2 c3 dc
23:52:14 | WARNING  | LONG RUN | type=LITERAL offset=0x0001D967 ctrl=0x21 len=33 data=64 63 65 6b 65 65 6d 80 6d 6e 52 6d 6d 52 6a 6a 6d 80 82 3a 3a 6e 69 44 39 82 83 82 f2 bd 3a 6a 6e
23:52:14 | WARNING  | LONG RUN | type=REPEAT offset=0x0001D9C1 ctrl=0x7F len=63 data=68
23:52:14 | WARNING  | LONG RUN | type=LITERAL offset=0x0001DAC1 ctrl=0x22 len=34 data=dc 44 38 e4 39 f2 e4 d4 d3 44 68 68 80 3a d1 e3 c3 b3 b1 d1 b5 3a 3b 3b 80 81 81 80 3a 52 3b 38 37 39
23:52:14 | WARNING  | LONG RUN | type=REPEAT offset=0x0001DB8B ctrl=0x7D len=61 data=68
23:52:14 | WARNING  | LONG RUN | type=LITERAL offset=0x0001DC69 ctrl=0x24 len=36 data=38 39 3a 3a 38 37 37 44 69 36 36 67 68 64 67 84 3c f3 83 80 67 68 6a 6a 81 f3 83 83 84 6a 63 65 52 80 f2 3b
23:52:14 | WARNING  | LONG RUN | type=LITERAL offset=0x0001DC90 ctrl=0x2E len=46 data=80 84 82 f2 6e e2 dc dd dd e3 44 44 f2 3a 3a c2 d4 d3 67 65 81 3b 36 e2 dd c3 c6 c0 b1 b5 dd 3b 80 80 3b 3a 3b 3b 44 44 3a e3 b5 e2 c3 c3
23:52:14 | WARNING  | LONG RUN | type=LITERAL offset=0x0001DCC1 ctrl=0x3F len=63 data=c3 dd e2 b3 b4 d1 36 e2 d3 d3 e3 e3 dc c3 c3 d3 d4 d3 dc c3 c3 d3 c2 80 b3 b1 b1 c3 e3 e3 d3 c3 b1 b5 e2 d1 e3 e3 b0 b0 34 b3 b1 b1 b3 b3 69 f2 e4 e4 b5 b3 b3 e2 e2 c6 c0 dd dc dd c3 dd dd
23:52:14 | WARNING  | LONG RUN | type=REPEAT offset=0x0001DD65 ctrl=0x66 len=38 data=68
23:52:14 | WARNING  | LONG RUN | type=REPEAT offset=0x0001DD69 ctrl=0x7F len=63 data=68
23:52:14 | WARNING  | LONG RUN | type=LITERAL offset=0x0001DF00 ctrl=0x25 len=37 data=39 38 6e 38 3a 3b 3a 6d 6d 80 84 3b 38 3a f2 81 82 82 84 6e 44 69 38 3a 3a 37 37 6a 6e 52 f2 82 83 81 80 82 3a
23:52:14 | WARNING  | LONG RUN | type=REPEAT offset=0x0001DF3D ctrl=0x7F len=63 data=68
23:52:14 | WARNING  | LONG RUN | type=LITERAL offset=0x0001E007 ctrl=0x25 len=37 data=d1 3a 81 39 69 39 52 80 81 83 82 81 81 52 52 6d 6e 65 6a 67 84 38 39 3a 6e 6e 80 80 81 83 3b 63 64 80 84 84 f2
23:52:14 | WARNING  | LONG RUN | type=LITERAL offset=0x0001E02F ctrl=0x3F len=63 data=82 f2 e4 f2 dc dc dd 4a 4a e3 f2 3a 39 81 3b 69 6e 81 80 38 e2 c3 c1 e2 e3 c3 e2 dd c3 36 c3 e2 38 6e 6a 44 e2 e3 f2 d3 b8 b1 d3 d3 d4 d3 dd c3 c3 d3 dd e2 d1 d1 b3 c3 e4 d3 e3 d4 d3 d3 39
23:52:14 | WARNING  | LONG RUN | type=LITERAL offset=0x0001E0BB ctrl=0x26 len=38 data=3a 6e 52 6d 3a 81 82 81 82 82 80 f2 3b 3a 38 38 6e f2 e3 39 3a 3a 81 83 83 3b 6a 69 69 6d 82 3b 4d 35 34 34 35 35
23:52:14 | WARNING  | LONG RUN | type=REPEAT offset=0x0001E0EF ctrl=0x72 len=50 data=68
23:52:14 | WARNING  | LONG RUN | type=REPEAT offset=0x0001E0F3 ctrl=0x61 len=33 data=68
23:52:14 | WARNING  | LONG RUN | type=LITERAL offset=0x0001E1C7 ctrl=0x27 len=39 data=83 82 81 80 52 81 80 81 80 81 3b 81 82 84 82 84 81 82 84 80 58 69 80 83 84 80 81 82 81 82 81 e4 f2 52 e3 dd dc e3 f2
23:52:14 | WARNING  | LONG RUN | type=REPEAT offset=0x0001E28F ctrl=0x7F len=63 data=68
23:52:14 | WARNING  | LONG RUN | type=REPEAT offset=0x0001E295 ctrl=0x63 len=35 data=68
23:52:14 | WARNING  | LONG RUN | type=LITERAL offset=0x0001E35E ctrl=0x25 len=37 data=f3 84 82 81 80 80 3b 81 3a 82 37 3a 39 6e 3a 3a 6e 3a 81 81 58 69 81 84 82 80 f2 82 80 83 e4 e4 f2 4a dc dd dd
23:52:14 | WARNING  | LONG RUN | type=REPEAT offset=0x0001E42C ctrl=0x7F len=63 data=68
23:52:14 | WARNING  | LONG RUN | type=REPEAT offset=0x0001E42E ctrl=0x7F len=63 data=68
23:52:14 | WARNING  | LONG RUN | type=REPEAT offset=0x0001E5BA ctrl=0x7F len=63 data=68
23:52:14 | WARNING  | LONG RUN | type=REPEAT offset=0x0001E5BC ctrl=0x7F len=63 data=68
23:52:14 | WARNING  | LONG RUN | type=LITERAL offset=0x0001E68E ctrl=0x24 len=36 data=f2 82 39 3b 3a 39 81 80 80 81 80 3b 6e 82 38 52 39 3a 3b 39 3a 81 82 e4 e3 4a 44 dc f2 e4 be be bd 39 69 44
23:52:14 | WARNING  | LONG RUN | type=REPEAT offset=0x0001E74E ctrl=0x73 len=51 data=68
23:52:14 | WARNING  | LONG RUN | type=REPEAT offset=0x0001E752 ctrl=0x7F len=63 data=68
23:52:14 | WARNING  | LONG RUN | type=REPEAT offset=0x0001E754 ctrl=0x6C len=44 data=68
23:52:14 | WARNING  | LONG RUN | type=LITERAL offset=0x0001E834 ctrl=0x27 len=39 data=f2 f2 80 3b 6e 6e 3b 80 84 84 e3 e3 f2 e4 83 be c2 bd b8 e2 6a 69 e2 e2 d1 e3 e3 c3 c3 dc e3 c3 c3 dd c3 dc dd f2 e3
23:52:14 | WARNING  | LONG RUN | type=REPEAT offset=0x0001E8E3 ctrl=0x73 len=51 data=68
23:52:14 | WARNING  | LONG RUN | type=REPEAT offset=0x0001E8E7 ctrl=0x7F len=63 data=68
23:52:14 | WARNING  | LONG RUN | type=LITERAL offset=0x0001E90C ctrl=0x39 len=57 data=35 35 33 34 44 37 45 45 d1 d1 e2 e3 e3 38 37 44 38 44 38 38 37 e3 f2 e3 e3 e2 44 44 37 38 50 44 44 69 45 69 37 6e 6e 38 39 39 37 37 38 3a 3a 38 38 45 44 e2 38 69 68 44 38
23:52:14 | WARNING  | LONG RUN | type=LITERAL offset=0x0001E9C2 ctrl=0x2F len=47 data=4e 64 4e 65 65 69 80 80 81 81 80 3b 38 39 3a 3a 52 6a 6b 69 3a 39 3a 3a 39 44 42 6e 3b 80 81 84 e4 e4 f3 f3 e4 e3 c3 c6 c3 e2 e2 38 e3 f2 f2
23:52:14 | WARNING  | LONG RUN | type=LITERAL offset=0x0001EA24 ctrl=0x25 len=37 data=f2 3b 3a 3a 38 39 e2 38 38 39 38 45 6b 6a 80 81 80 3a 3b f2 3b 3a 80 82 82 84 81 80 84 3a 6a 6a 39 6a 65 65 6b
23:52:14 | WARNING  | LONG RUN | type=LITERAL offset=0x0001EA4E ctrl=0x31 len=49 data=65 6e 6e 6a 65 6b 6a 39 81 3b 80 f2 3b 3a 39 6a 69 6a 6e 39 39 6e 6a 81 81 3a 3b 80 81 f2 3a 69 69 f2 68 35 33 6e 81 83 80 37 68 68 6e 6a 80 82 4d
23:52:14 | WARNING  | LONG RUN | type=REPEAT offset=0x0001EA8A ctrl=0x72 len=50 data=68
23:52:14 | WARNING  | LONG RUN | type=REPEAT offset=0x0001EA8E ctrl=0x7F len=63 data=68
23:52:14 | WARNING  | LONG RUN | type=LITERAL offset=0x0001EB39 ctrl=0x27 len=39 data=dc dc c6 dc c3 dd c3 e2 35 33 e2 dc dc c3 dc c3 e2 e3 f3 f3 3b 52 3a 3b 6e 4d f3 f3 80 6a 6a 68 4e 4e 4d 4d 4e 4e 64
23:52:14 | WARNING  | LONG RUN | type=LITERAL offset=0x0001EBC5 ctrl=0x26 len=38 data=3b 39 3a e3 3a 39 39 e3 38 39 6e 69 65 64 6a 3a 6e f2 f2 39 f2 f2 81 84 82 81 82 6d 6a 6a 3a 6e 6b 6b 65 65 6b 6b
23:52:14 | WARNING  | LONG RUN | type=LITERAL offset=0x0001EBF0 ctrl=0x28 len=40 data=65 3b 3b 6a 65 6b 65 69 3a 81 81 f2 39 38 6a 6e 39 39 3a 39 3a 38 6a 6a 84 81 3b 3b f2 d4 d4 6e 6e f2 36 3b 83 83 3a 69
23:52:14 | WARNING  | LONG RUN | type=REPEAT offset=0x0001EC27 ctrl=0x7F len=63 data=68
23:52:14 | WARNING  | LONG RUN | type=REPEAT offset=0x0001EC29 ctrl=0x73 len=51 data=68
23:52:14 | WARNING  | LONG RUN | type=REPEAT offset=0x0001EC2F ctrl=0x62 len=34 data=68
23:52:14 | WARNING  | LONG RUN | type=LITERAL offset=0x0001ED5D ctrl=0x21 len=33 data=e3 f2 3a 39 38 38 39 3a 44 69 69 63 64 6a 44 38 44 3a d4 e3 e3 dd dd 38 6a 6a 52 52 6a 6b 6a 6a 65
23:52:14 | WARNING  | LONG RUN | type=REPEAT offset=0x0001EDBF ctrl=0x6B len=43 data=68
23:52:14 | WARNING  | LONG RUN | type=REPEAT offset=0x0001EDC3 ctrl=0x7C len=60 data=68
23:52:14 | WARNING  | LONG RUN | type=REPEAT offset=0x0001EDC9 ctrl=0x63 len=35 data=68
23:52:14 | WARNING  | LONG RUN | type=REPEAT offset=0x0001EDDA ctrl=0x61 len=33 data=36
23:52:14 | WARNING  | LONG RUN | type=LITERAL offset=0x0001EEA4 ctrl=0x2A len=42 data=dc e2 e3 dc e2 dc dd 4a 38 37 44 e2 44 e2 38 e3 e3 e2 52 52 38 52 38 e2 44 44 45 69 44 52 39 3b 3b 3a 3b 6a 69 38 6e 69 6a 6e
23:52:14 | WARNING  | LONG RUN | type=REPEAT offset=0x0001EF4D ctrl=0x67 len=39 data=68
23:52:14 | WARNING  | LONG RUN | type=REPEAT offset=0x0001EF51 ctrl=0x7E len=62 data=68
23:52:14 | WARNING  | LONG RUN | type=REPEAT offset=0x0001EF56 ctrl=0x68 len=40 data=68
23:52:14 | WARNING  | LONG RUN | type=REPEAT offset=0x0001F0F1 ctrl=0x7F len=63 data=68
23:52:14 | WARNING  | LONG RUN | type=REPEAT offset=0x0001F0F3 ctrl=0x7F len=63 data=68
23:52:14 | WARNING  | LONG RUN | type=REPEAT offset=0x0001F26E ctrl=0x7F len=63 data=68
23:52:14 | WARNING  | LONG RUN | type=REPEAT offset=0x0001F270 ctrl=0x7F len=63 data=68
23:52:14 | WARNING  | LONG RUN | type=LITERAL offset=0x0001F33F ctrl=0x33 len=51 data=81 80 38 6e 39 39 b5 e2 e2 37 44 37 38 e2 e2 38 39 3a 3a 39 38 44 44 38 e2 38 e2 38 e2 38 38 e2 38 e2 e2 e3 e2 38 44 37 37 38 38 6e 6e 37 63 63 66 66 65
23:52:14 | WARNING  | LONG RUN | type=REPEAT offset=0x0001F3BB ctrl=0x81 len=65 data=02
23:52:14 | WARNING  | LONG RUN | type=REPEAT offset=0x0001F3BD ctrl=0x66 len=38 data=64
23:52:14 | WARNING  | LONG RUN | type=REPEAT offset=0x0001F3F0 ctrl=0x76 len=54 data=68
23:52:14 | WARNING  | LONG RUN | type=REPEAT offset=0x0001F3F4 ctrl=0x7F len=63 data=68
23:52:14 | WARNING  | LONG RUN | type=LITERAL offset=0x0001F4F0 ctrl=0x2B len=43 data=44 e2 e2 e3 e2 e2 38 69 69 44 6a 6a 69 6a 44 64 63 63 66 63 66 69 64 64 69 6e 6e 6a 6e 38 39 e3 e3 e2 38 39 38 37 38 e3 dc e2 e2
23:52:14 | WARNING  | LONG RUN | type=REPEAT offset=0x0001F584 ctrl=0x72 len=50 data=68
23:52:14 | WARNING  | LONG RUN | type=REPEAT offset=0x0001F589 ctrl=0x7F len=63 data=68
23:52:14 | WARNING  | LONG RUN | type=LITERAL offset=0x0001F69E ctrl=0x2B len=43 data=e3 e3 e2 39 e3 e3 38 e2 e2 dc e2 e2 38 38 44 38 39 39 38 e2 39 3b 3a 52 38 44 44 38 b5 3b 80 81 81 80 f2 3b 80 3b 39 38 37 69 36
23:52:14 | WARNING  | LONG RUN | type=REPEAT offset=0x0001F70F ctrl=0x63 len=35 data=68
23:52:14 | WARNING  | LONG RUN | type=REPEAT offset=0x0001F717 ctrl=0x7F len=63 data=68
23:52:14 | WARNING  | LONG RUN | type=REPEAT offset=0x0001F71D ctrl=0x6C len=44 data=69
23:52:14 | WARNING  | LONG RUN | type=LITERAL offset=0x0001F7C2 ctrl=0x27 len=39 data=64 63 65 69 6e 80 f2 52 f2 80 81 82 3b 69 37 38 44 e2 44 e2 38 3a 3b 52 3b f2 38 38 44 44 45 45 44 44 e2 39 38 38 e2
23:52:14 | WARNING  | LONG RUN | type=REPEAT offset=0x0001F874 ctrl=0x6C len=44 data=68
23:52:14 | WARNING  | LONG RUN | type=REPEAT offset=0x0001F87C ctrl=0x6E len=46 data=68
23:52:14 | WARNING  | LONG RUN | type=LITERAL offset=0x0001F918 ctrl=0x26 len=38 data=dd dd e3 e3 dc dc 4a 82 44 44 6e f2 82 f2 81 81 3b 3a 3b 39 39 3b 3a 3b 3b 3a 3b 80 81 84 83 39 69 39 6a 6a 69 64
23:52:14 | WARNING  | LONG RUN | type=REPEAT offset=0x0001F9EF ctrl=0x68 len=40 data=68
23:52:14 | WARNING  | LONG RUN | type=REPEAT offset=0x0001F9F9 ctrl=0x6A len=42 data=68
23:52:14 | WARNING  | LONG RUN | type=REPEAT offset=0x0001FA12 ctrl=0x6A len=42 data=69
23:52:14 | WARNING  | LONG RUN | type=REPEAT offset=0x0001FA7A ctrl=0x81 len=65 data=18
23:52:14 | WARNING  | LONG RUN | type=REPEAT offset=0x0001FA7C ctrl=0x80 len=64 data=6e
23:52:14 | WARNING  | LONG RUN | type=REPEAT offset=0x0001FA7E ctrl=0x69 len=41 data=42
23:52:14 | WARNING  | LONG RUN | type=REPEAT offset=0x0001FA80 ctrl=0xEC len=172 data=48
23:52:14 | WARNING  | LONG RUN | type=REPEAT offset=0x0001FA84 ctrl=0x68 len=40 data=f1
23:52:14 | WARNING  | LONG RUN | type=REPEAT offset=0x0001FA8A ctrl=0xE2 len=162 data=44
23:52:14 | WARNING  | LONG RUN | type=LITERAL offset=0x0001FA8E ctrl=0x3B len=59 data=43 44 38 82 f3 43 84 0c 82 83 82 82 f3 f3 83 83 84 f2 83 f3 43 83 07 f2 39 39 69 69 65 65 47 63 0e 6e 3a 3a f2 52 52 39 52 81 44 39 e2 38 e3 43 38 04 3b 39 39 38 45 44 05 68 67
23:52:14 | WARNING  | LONG RUN | type=REPEAT offset=0x0001FACA ctrl=0x63 len=35 data=45
23:52:14 | WARNING  | LONG RUN | type=REPEAT offset=0x0001FACE ctrl=0xE2 len=162 data=42
23:52:14 | WARNING  | LONG RUN | type=LITERAL offset=0x0001FAD0 ctrl=0x37 len=55 data=43 44 43 e2 07 44 44 45 4e 45 d1 37 44 44 0c 45 33 33 67 68 69 44 68 64 67 6a 6e 43 44 01 e2 45 e3 06 38 e3 38 44 45 39 43 f2 03 80 3b 6e 44 3a 04 37 38 39 6e 43 69
23:52:14 | WARNING  | LONG RUN | type=REPEAT offset=0x0001FB58 ctrl=0x7F len=63 data=68
23:52:14 | WARNING  | LONG RUN | type=REPEAT offset=0x0001FB7B ctrl=0x67 len=39 data=69
23:52:14 | WARNING  | LONG RUN | type=LITERAL offset=0x0001FBD9 ctrl=0x28 len=40 data=c6 c6 dc c3 c3 b4 69 82 84 81 81 42 50 42 44 84 81 3b 39 37 38 7f 9b d1 44 3b 3b 69 44 80 f3 83 f3 83 83 f3 83 f2 84 f3
23:52:14 | WARNING  | LONG RUN | type=LITERAL offset=0x0001FC37 ctrl=0x23 len=35 data=45 45 36 44 44 38 e2 44 37 69 35 34 68 36 44 44 68 64 65 6a 6e 38 38 b5 38 e2 e3 e3 3a 38 e2 44 69 44 48
23:52:14 | WARNING  | LONG RUN | type=REPEAT offset=0x0001FCB5 ctrl=0x7F len=63 data=68
23:52:14 | WARNING  | LONG RUN | type=REPEAT offset=0x0001FCD9 ctrl=0x6A len=42 data=69
23:52:14 | WARNING  | LONG RUN | type=LITERAL offset=0x0001FD2C ctrl=0x2C len=44 data=83 83 f3 be c2 bd f2 f2 e2 dc c6 c8 c6 c6 dc c3 c6 c6 e2 e2 dc c6 c6 c3 c6 e2 3b f3 83 81 83 4a 50 42 3f 37 81 82 82 81 f2 f3 83 82
23:52:14 | WARNING  | LONG RUN | type=REPEAT offset=0x0001FE2F ctrl=0x7F len=63 data=68
23:52:14 | WARNING  | LONG RUN | type=REPEAT offset=0x0001FE59 ctrl=0x69 len=41 data=69
23:52:14 | WARNING  | LONG RUN | type=LITERAL offset=0x0001FEC3 ctrl=0x37 len=55 data=c6 c6 e2 c6 c2 f3 f3 82 84 81 4a 48 ec 42 37 e2 d1 38 84 3b 81 f2 80 82 e4 39 44 39 44 81 82 80 3b 39 6e 3b 3b f2 f2 3b 80 80 3b 80 3b 3b 80 3a 3a 39 6a 6a 69 6a 69
23:52:14 | WARNING  | LONG RUN | type=REPEAT offset=0x0001FFA1 ctrl=0x7F len=63 data=68
23:52:14 | WARNING  | LONG RUN | type=REPEAT offset=0x0001FFCA ctrl=0x68 len=40 data=69
23:52:14 | WARNING  | LONG RUN | type=REPEAT offset=0x00020110 ctrl=0x7F len=63 data=68
23:52:14 | WARNING  | LONG RUN | type=REPEAT offset=0x00020137 ctrl=0x7F len=63 data=69
23:52:14 | WARNING  | LONG RUN | type=LITERAL offset=0x00020229 ctrl=0x28 len=40 data=65 68 69 6e 82 f2 3a f2 3b 39 6e 69 6e 6e 3a 83 39 3a 6e 6e 38 6e 3b f2 f2 80 83 f3 3a 36 36 68 68 69 6a 6d 82 67 68 36
23:52:14 | WARNING  | LONG RUN | type=REPEAT offset=0x00020259 ctrl=0x7F len=63 data=68
23:52:14 | WARNING  | LONG RUN | type=REPEAT offset=0x0002027F ctrl=0x7F len=63 data=69
23:52:14 | WARNING  | LONG RUN | type=LITERAL offset=0x0002031B ctrl=0x25 len=37 data=67 45 44 35 45 44 d1 d1 36 36 45 45 68 45 45 68 45 68 45 68 67 63 67 33 67 65 67 44 68 68 38 68 6a d1 44 45 65
23:52:14 | WARNING  | LONG RUN | type=REPEAT offset=0x000203A5 ctrl=0x6F len=47 data=68
23:52:14 | WARNING  | LONG RUN | type=REPEAT offset=0x000203D1 ctrl=0x7F len=63 data=69
23:52:14 | WARNING  | LONG RUN | type=LITERAL offset=0x00020419 ctrl=0x2D len=45 data=82 80 81 84 84 80 f2 80 81 3a 39 3a 38 69 37 39 83 81 37 d1 44 44 e2 e3 38 39 3b 3b 44 34 34 67 68 63 37 3b 36 35 68 35 36 35 68 35 36
23:52:14 | WARNING  | LONG RUN | type=REPEAT offset=0x000204F6 ctrl=0x79 len=57 data=68
23:52:14 | WARNING  | LONG RUN | type=REPEAT offset=0x00020529 ctrl=0x7F len=63 data=69
23:52:14 | WARNING  | LONG RUN | type=LITERAL offset=0x0002054E ctrl=0x24 len=36 data=36 45 36 35 35 36 35 69 69 36 36 35 36 36 69 44 37 38 b5 39 3b 3b 80 81 82 84 84 82 84 81 80 3a 3b 39 84 82
23:52:14 | WARNING  | LONG RUN | type=REPEAT offset=0x0002063B ctrl=0x7F len=63 data=68
23:52:14 | WARNING  | LONG RUN | type=REPEAT offset=0x00020674 ctrl=0x7F len=63 data=69
23:52:14 | WARNING  | LONG RUN | type=LITERAL offset=0x000206C1 ctrl=0x23 len=35 data=69 84 81 3b 81 80 f2 6e 4d 44 37 44 37 f2 f2 39 44 45 4e 48 45 36 36 3b 3a 45 34 35 68 35 4e 4d 39 80 67
23:52:14 | WARNING  | LONG RUN | type=REPEAT offset=0x00020798 ctrl=0x74 len=52 data=68
23:52:14 | WARNING  | LONG RUN | type=REPEAT offset=0x0002079C ctrl=0x63 len=35 data=68
23:52:14 | WARNING  | LONG RUN | type=REPEAT offset=0x000207DC ctrl=0x7F len=63 data=69
23:52:14 | WARNING  | LONG RUN | type=REPEAT offset=0x000207DE ctrl=0x6A len=42 data=69
23:52:14 | WARNING  | LONG RUN | type=LITERAL offset=0x00020819 ctrl=0x26 len=38 data=67 68 80 38 3a 3a 80 f2 68 68 37 3a 3a 38 38 37 44 b3 44 48 44 69 69 45 f2 38 35 34 35 34 4d 4d 63 80 6e 67 68 68
23:52:14 | WARNING  | LONG RUN | type=REPEAT offset=0x000208E3 ctrl=0x74 len=52 data=68
23:52:14 | WARNING  | LONG RUN | type=REPEAT offset=0x000208E7 ctrl=0x6E len=46 data=68
23:52:14 | WARNING  | LONG RUN | type=REPEAT offset=0x00020920 ctrl=0x61 len=33 data=69
23:52:14 | WARNING  | LONG RUN | type=REPEAT offset=0x00020924 ctrl=0x67 len=39 data=69
23:52:14 | WARNING  | LONG RUN | type=LITERAL offset=0x00020962 ctrl=0x2F len=47 data=69 69 64 67 69 69 6e 37 69 69 37 37 69 44 69 69 37 37 69 37 33 34 34 69 6e 3a 39 80 80 81 80 e3 f2 f2 39 69 69 35 33 34 34 64 67 63 64 64 65
23:52:14 | WARNING  | LONG RUN | type=REPEAT offset=0x00020A25 ctrl=0x7F len=63 data=68
23:52:14 | WARNING  | LONG RUN | type=LITERAL offset=0x00020A45 ctrl=0x21 len=33 data=36 68 65 65 68 44 69 68 69 44 69 65 45 44 65 68 68 35 b3 b3 b8 b1 37 37 38 e3 37 68 69 69 35 36 36
23:52:14 | WARNING  | LONG RUN | type=REPEAT offset=0x00020A6B ctrl=0x79 len=57 data=69
23:52:14 | WARNING  | LONG RUN | type=REPEAT offset=0x00020A6F ctrl=0x66 len=38 data=69
23:52:14 | WARNING  | LONG RUN | type=LITERAL offset=0x00020AAF ctrl=0x2C len=44 data=35 33 33 63 67 67 68 36 37 45 68 67 65 64 65 65 45 35 34 35 67 81 f3 83 82 84 83 f3 83 82 81 e4 f2 3a 6e 6a 38 39 80 f2 3b 69 65 65
23:52:14 | WARNING  | LONG RUN | type=LITERAL offset=0x00020B63 ctrl=0x25 len=37 data=64 63 63 68 68 65 3a 3b 81 f2 f2 3a 38 6a 80 82 3b f2 f2 3b f2 3b 3a 39 6e 38 3a f2 3b 3b 44 69 37 39 81 83 6e
23:52:14 | WARNING  | LONG RUN | type=REPEAT offset=0x00020B8D ctrl=0x7F len=63 data=68
23:52:14 | WARNING  | LONG RUN | type=REPEAT offset=0x00020BC9 ctrl=0x61 len=33 data=69
23:52:14 | WARNING  | LONG RUN | type=REPEAT offset=0x00020BD1 ctrl=0x65 len=37 data=69
23:52:14 | WARNING  | LONG RUN | type=REPEAT offset=0x00020CCC ctrl=0x69 len=41 data=68
23:52:14 | WARNING  | LONG RUN | type=REPEAT offset=0x00020D24 ctrl=0x7F len=63 data=69
23:52:14 | WARNING  | LONG RUN | type=REPEAT offset=0x00020E67 ctrl=0x7F len=63 data=69
23:52:14 | WARNING  | LONG RUN | type=REPEAT offset=0x00020E69 ctrl=0x67 len=39 data=69
23:52:14 | WARNING  | LONG RUN | type=LITERAL offset=0x00020F07 ctrl=0x21 len=33 data=67 68 68 3a 84 82 80 f2 f2 6d 82 3a 3b 3a 3b f2 3a 3b 3a 3a 81 84 80 6e 6e 39 39 69 6a 69 6e 80 65
23:52:14 | WARNING  | LONG RUN | type=REPEAT offset=0x00020F97 ctrl=0x7F len=63 data=69
23:52:14 | WARNING  | LONG RUN | type=REPEAT offset=0x00020F99 ctrl=0x65 len=37 data=69
23:52:14 | WARNING  | LONG RUN | type=REPEAT offset=0x000210D4 ctrl=0x7F len=63 data=69
23:52:14 | WARNING  | LONG RUN | type=REPEAT offset=0x000210E6 ctrl=0x65 len=37 data=69
23:52:14 | WARNING  | LONG RUN | type=REPEAT offset=0x00021221 ctrl=0x7F len=63 data=69
23:52:14 | WARNING  | LONG RUN | type=REPEAT offset=0x00021223 ctrl=0x64 len=36 data=69
23:52:14 | WARNING  | LONG RUN | type=REPEAT offset=0x0002122B ctrl=0x6A len=42 data=69
23:52:14 | WARNING  | LONG RUN | type=LITERAL offset=0x0002131F ctrl=0x22 len=34 data=37 69 65 65 d1 37 7f b5 b1 35 36 68 69 6e 69 3a 80 39 68 68 65 68 69 69 36 d1 44 37 3a 81 84 84 83 83
23:52:14 | WARNING  | LONG RUN | type=REPEAT offset=0x00021352 ctrl=0x7F len=63 data=69
23:52:14 | WARNING  | LONG RUN | type=REPEAT offset=0x00021354 ctrl=0x63 len=35 data=69
23:52:14 | WARNING  | LONG RUN | type=REPEAT offset=0x00021360 ctrl=0x69 len=41 data=69
23:52:14 | WARNING  | LONG RUN | type=REPEAT offset=0x000213C7 ctrl=0x62 len=34 data=69
23:52:14 | WARNING  | LONG RUN | type=REPEAT offset=0x0002147C ctrl=0x7F len=63 data=69
23:52:14 | WARNING  | LONG RUN | type=REPEAT offset=0x0002147E ctrl=0x66 len=38 data=69
23:52:14 | WARNING  | LONG RUN | type=REPEAT offset=0x00021482 ctrl=0x7F len=63 data=69
23:52:14 | WARNING  | LONG RUN | type=REPEAT offset=0x000214B5 ctrl=0x81 len=65 data=0e
23:52:14 | WARNING  | LONG RUN | type=REPEAT offset=0x000214B7 ctrl=0x82 len=66 data=80
23:52:14 | WARNING  | LONG RUN | type=REPEAT offset=0x000214B9 ctrl=0x6A len=42 data=6e
23:52:14 | WARNING  | LONG RUN | type=LITERAL offset=0x000214BB ctrl=0x3B len=59 data=f2 f2 3a 83 82 84 82 f3 f3 43 69 42 68 43 69 0c 65 69 69 68 68 65 69 69 65 69 65 65 48 69 01 65 43 68 44 69 45 68 44 69 43 45 50 69 43 68 03 36 69 69 46 68 43 69 01 65 47 69 07
23:52:14 | WARNING  | LONG RUN | type=REPEAT offset=0x000214F7 ctrl=0x65 len=37 data=69
23:52:14 | WARNING  | LONG RUN | type=REPEAT offset=0x000214F9 ctrl=0x69 len=41 data=65
23:52:14 | WARNING  | LONG RUN | type=REPEAT offset=0x000214FB ctrl=0x65 len=37 data=69
23:52:14 | WARNING  | LONG RUN | type=REPEAT offset=0x000214FD ctrl=0x65 len=37 data=43
23:52:14 | WARNING  | LONG RUN | type=REPEAT offset=0x000214FF ctrl=0x69 len=41 data=01
23:52:14 | WARNING  | LONG RUN | type=REPEAT offset=0x00021501 ctrl=0x65 len=37 data=4c
23:52:14 | WARNING  | LONG RUN | type=REPEAT offset=0x00021503 ctrl=0x69 len=41 data=48
23:52:14 | WARNING  | LONG RUN | type=REPEAT offset=0x00021505 ctrl=0x68 len=40 data=42
23:52:14 | WARNING  | LONG RUN | type=REPEAT offset=0x00021507 ctrl=0x69 len=41 data=51
23:52:14 | WARNING  | LONG RUN | type=REPEAT offset=0x00021509 ctrl=0x68 len=40 data=01
23:52:14 | WARNING  | LONG RUN | type=REPEAT offset=0x0002150B ctrl=0x69 len=41 data=44
23:52:14 | WARNING  | LONG RUN | type=REPEAT offset=0x0002150D ctrl=0x68 len=40 data=07
23:52:14 | WARNING  | LONG RUN | type=REPEAT offset=0x0002150F ctrl=0x65 len=37 data=64
23:52:14 | WARNING  | LONG RUN | type=REPEAT offset=0x00021511 ctrl=0x63 len=35 data=69
23:52:14 | WARNING  | LONG RUN | type=REPEAT offset=0x00021513 ctrl=0x68 len=40 data=68
23:52:14 | WARNING  | LONG RUN | type=REPEAT offset=0x00021515 ctrl=0x67 len=39 data=44
23:52:14 | WARNING  | LONG RUN | type=REPEAT offset=0x00021517 ctrl=0x68 len=40 data=57
23:52:14 | WARNING  | LONG RUN | type=REPEAT offset=0x00021519 ctrl=0x63 len=35 data=0b
23:52:14 | WARNING  | LONG RUN | type=REPEAT offset=0x0002151B ctrl=0x64 len=36 data=68
23:52:14 | WARNING  | LONG RUN | type=REPEAT offset=0x0002151D ctrl=0x6A len=42 data=3b
23:52:14 | WARNING  | LONG RUN | type=REPEAT offset=0x0002151F ctrl=0x81 len=65 data=80
23:52:14 | WARNING  | LONG RUN | type=LITERAL offset=0x00021521 ctrl=0x39 len=57 data=52 83 3b f2 44 3b 01 f2 44 3b 0c f2 3b 3b f2 f2 38 39 6a 81 69 68 69 56 68 04 65 68 69 69 44 68 43 69 45 68 01 69 46 36 01 d1 43 69 42 44 43 7e 03 d1 44 44 44 69 42 6e 45
23:52:14 | WARNING  | LONG RUN | type=REPEAT offset=0x0002155B ctrl=0x69 len=41 data=42
23:52:14 | WARNING  | LONG RUN | type=LITERAL offset=0x0002155D ctrl=0x37 len=55 data=46 69 04 36 36 35 68 45 69 01 37 44 69 01 68 47 69 05 35 68 65 36 36 43 d1 27 37 69 69 36 68 69 38 39 3b 80 80 6e 68 67 35 34 65 36 69 68 44 37 d1 37 69 6e 35 37 82
23:52:14 | WARNING  | LONG RUN | type=REPEAT offset=0x00021595 ctrl=0x84 len=68 data=c2
23:52:14 | WARNING  | LONG RUN | type=REPEAT offset=0x00021597 ctrl=0xC2 len=130 data=be
23:52:14 | WARNING  | LONG RUN | type=REPEAT offset=0x00021599 ctrl=0x81 len=65 data=38
23:52:14 | WARNING  | LONG RUN | type=REPEAT offset=0x0002159B ctrl=0x6B len=43 data=65
23:52:14 | WARNING  | LONG RUN | type=REPEAT offset=0x0002159D ctrl=0x65 len=37 data=6e
23:52:14 | WARNING  | LONG RUN | type=REPEAT offset=0x000215A7 ctrl=0x7F len=63 data=69
23:52:14 | WARNING  | LONG RUN | type=REPEAT offset=0x000215B1 ctrl=0x7F len=63 data=69
23:52:14 | WARNING  | LONG RUN | type=REPEAT offset=0x00021616 ctrl=0x61 len=33 data=69
23:52:14 | WARNING  | LONG RUN | type=REPEAT offset=0x000216B1 ctrl=0x7F len=63 data=69
23:52:14 | WARNING  | LONG RUN | type=REPEAT offset=0x000216B3 ctrl=0x63 len=35 data=69
23:52:14 | WARNING  | LONG RUN | type=REPEAT offset=0x000216B7 ctrl=0x7F len=63 data=69
23:52:14 | WARNING  | LONG RUN | type=REPEAT offset=0x000217B6 ctrl=0x7F len=63 data=69
23:52:14 | WARNING  | LONG RUN | type=REPEAT offset=0x000217B8 ctrl=0x61 len=33 data=69
23:52:14 | WARNING  | LONG RUN | type=REPEAT offset=0x000217C0 ctrl=0x7F len=63 data=69
23:52:14 | WARNING  | LONG RUN | type=REPEAT offset=0x000218D7 ctrl=0x7F len=63 data=69
23:52:14 | WARNING  | LONG RUN | type=REPEAT offset=0x000218E1 ctrl=0x7F len=63 data=69
23:52:14 | WARNING  | LONG RUN | type=REPEAT offset=0x000219EE ctrl=0x7F len=63 data=69
23:52:14 | WARNING  | LONG RUN | type=REPEAT offset=0x00021A05 ctrl=0x7F len=63 data=69
23:52:14 | WARNING  | LONG RUN | type=REPEAT offset=0x00021B0E ctrl=0x78 len=56 data=69
23:52:14 | WARNING  | LONG RUN | type=REPEAT offset=0x00021B29 ctrl=0x6D len=45 data=69
23:52:14 | WARNING  | LONG RUN | type=REPEAT offset=0x00021C33 ctrl=0x7F len=63 data=69
23:52:14 | WARNING  | LONG RUN | type=REPEAT offset=0x00021C49 ctrl=0x6C len=44 data=69
23:52:14 | WARNING  | LONG RUN | type=LITERAL offset=0x00021CE7 ctrl=0x29 len=41 data=69 69 44 37 69 69 6e 36 36 35 36 36 69 36 36 69 69 65 69 6a 69 36 69 69 6e 6a 69 44 69 d1 44 69 69 68 65 68 68 69 45 36 36
23:52:14 | WARNING  | LONG RUN | type=REPEAT offset=0x00021D5F ctrl=0x7F len=63 data=69
23:52:14 | WARNING  | LONG RUN | type=REPEAT offset=0x00021D71 ctrl=0x6D len=45 data=69
23:52:14 | WARNING  | LONG RUN | type=REPEAT offset=0x00021D75 ctrl=0x65 len=37 data=69
23:52:14 | WARNING  | LONG RUN | type=LITERAL offset=0x00021E3B ctrl=0x26 len=38 data=37 39 3a f2 81 82 84 81 44 e2 44 44 38 e2 b5 3a 38 4e 6e 81 3b 3b 52 38 39 3b 3a 39 34 35 d1 b5 84 83 84 3b e3 82
23:52:14 | WARNING  | LONG RUN | type=REPEAT offset=0x00021E74 ctrl=0x7F len=63 data=69
23:52:14 | WARNING  | LONG RUN | type=REPEAT offset=0x00021E86 ctrl=0x6D len=45 data=69
23:52:14 | WARNING  | LONG RUN | type=REPEAT offset=0x00021E8A ctrl=0x62 len=34 data=69
23:52:14 | WARNING  | LONG RUN | type=REPEAT offset=0x00021F8B ctrl=0x7F len=63 data=69
23:52:14 | WARNING  | LONG RUN | type=REPEAT offset=0x00021FA5 ctrl=0x7F len=63 data=69
23:52:14 | WARNING  | LONG RUN | type=REPEAT offset=0x000220AD ctrl=0x7F len=63 data=69
23:52:14 | WARNING  | LONG RUN | type=REPEAT offset=0x000220C6 ctrl=0x6D len=45 data=69
23:52:14 | WARNING  | LONG RUN | type=REPEAT offset=0x000220F4 ctrl=0x61 len=33 data=69
23:52:14 | WARNING  | LONG RUN | type=LITERAL offset=0x0002214F ctrl=0x23 len=35 data=68 69 44 68 68 67 65 67 68 69 65 68 69 67 68 69 65 69 45 36 37 a6 b3 36 36 68 68 44 44 e2 c6 b1 e2 e2 37
23:52:14 | WARNING  | LONG RUN | type=LITERAL offset=0x00022175 ctrl=0x24 len=36 data=44 44 39 e2 38 3a f2 81 82 84 83 83 84 81 80 f2 3b f2 3a 3b 38 d1 44 b5 37 b5 b5 44 69 37 e2 37 37 44 e2 c3
23:52:14 | WARNING  | LONG RUN | type=REPEAT offset=0x000221E1 ctrl=0x7F len=63 data=69
23:52:14 | WARNING  | LONG RUN | type=REPEAT offset=0x000221FE ctrl=0x7F len=63 data=69
23:52:14 | WARNING  | LONG RUN | type=LITERAL offset=0x000222A0 ctrl=0x25 len=37 data=69 48 69 69 44 69 37 69 44 36 36 b1 e2 44 e2 37 44 e2 44 e2 37 6e 3a 39 3b 81 82 83 84 82 82 81 80 3a 3a 39 38
23:52:14 | WARNING  | LONG RUN | type=LITERAL offset=0x000222C8 ctrl=0x24 len=36 data=e2 37 37 e2 b5 e2 38 37 e2 c3 e2 b5 c3 c3 c6 c3 e2 44 44 69 6a 39 3a 3b 82 f3 f3 83 e4 e4 f2 39 37 44 e2 e3
23:52:14 | WARNING  | LONG RUN | type=REPEAT offset=0x0002231F ctrl=0x7B len=59 data=69
23:52:14 | WARNING  | LONG RUN | type=REPEAT offset=0x00022333 ctrl=0x79 len=57 data=69
23:52:14 | WARNING  | LONG RUN | type=REPEAT offset=0x00022337 ctrl=0x7D len=61 data=69
23:52:14 | WARNING  | LONG RUN | type=REPEAT offset=0x0002245A ctrl=0x7F len=63 data=69
23:52:14 | WARNING  | LONG RUN | type=REPEAT offset=0x00022469 ctrl=0x7A len=58 data=69
23:52:14 | WARNING  | LONG RUN | type=REPEAT offset=0x0002246D ctrl=0x68 len=40 data=69
23:52:14 | WARNING  | LONG RUN | type=REPEAT offset=0x00022599 ctrl=0x76 len=54 data=69
23:52:14 | WARNING  | LONG RUN | type=REPEAT offset=0x000225A5 ctrl=0x68 len=40 data=69
23:52:14 | WARNING  | LONG RUN | type=REPEAT offset=0x000225AD ctrl=0x68 len=40 data=69
23:52:14 | WARNING  | LONG RUN | type=REPEAT offset=0x000226D9 ctrl=0x72 len=50 data=69
23:52:14 | WARNING  | LONG RUN | type=REPEAT offset=0x000226E5 ctrl=0x6A len=42 data=69
23:52:14 | WARNING  | LONG RUN | type=REPEAT offset=0x000226ED ctrl=0x7F len=63 data=69
23:52:14 | WARNING  | LONG RUN | type=REPEAT offset=0x00022813 ctrl=0x6E len=46 data=69
23:52:14 | WARNING  | LONG RUN | type=REPEAT offset=0x0002281B ctrl=0x7F len=63 data=69
23:52:14 | WARNING  | LONG RUN | type=REPEAT offset=0x00022821 ctrl=0x7F len=63 data=69
23:52:14 | WARNING  | LONG RUN | type=REPEAT offset=0x0002293F ctrl=0x6F len=47 data=69
23:52:14 | WARNING  | LONG RUN | type=REPEAT offset=0x0002294D ctrl=0x78 len=56 data=69
23:52:14 | WARNING  | LONG RUN | type=REPEAT offset=0x00022955 ctrl=0x7F len=63 data=69
23:52:14 | WARNING  | LONG RUN | type=REPEAT offset=0x00022966 ctrl=0x81 len=65 data=0d
23:52:14 | WARNING  | LONG RUN | type=REPEAT offset=0x00022968 ctrl=0xF3 len=179 data=3b
23:52:14 | WARNING  | LONG RUN | type=REPEAT offset=0x0002296A ctrl=0x6E len=46 data=39
23:52:14 | WARNING  | LONG RUN | type=REPEAT offset=0x0002296C ctrl=0xE3 len=163 data=f2
23:52:14 | WARNING  | LONG RUN | type=REPEAT offset=0x00022970 ctrl=0x81 len=65 data=80
23:52:14 | WARNING  | LONG RUN | type=REPEAT offset=0x00022972 ctrl=0x65 len=37 data=69
23:52:14 | WARNING  | LONG RUN | type=LITERAL offset=0x00022974 ctrl=0x34 len=52 data=44 68 45 69 02 68 65 4f 69 4b 68 46 69 43 68 46 69 44 65 03 69 69 68 45 69 57 65 4f 69 01 65 48 69 4f 68 50 69 46 68 44 36 43 68 01 36 44 68 05 36 36 68 68
23:52:14 | WARNING  | LONG RUN | type=REPEAT offset=0x000229A9 ctrl=0x69 len=41 data=44
23:52:14 | WARNING  | LONG RUN | type=LITERAL offset=0x000229AB ctrl=0x36 len=54 data=04 69 68 69 69 4c 63 01 33 47 63 0c 6b 6d 64 65 65 6a 6a 80 c2 bd f2 f2 49 3b 01 f2 44 3b 0c f2 f2 e4 f2 38 d1 e2 e2 d1 36 d1 44 43 e2 04 38 e3 e2 39 45 f2 44 81
23:52:14 | WARNING  | LONG RUN | type=REPEAT offset=0x00022A56 ctrl=0x65 len=37 data=69
23:52:14 | WARNING  | LONG RUN | type=REPEAT offset=0x00022A64 ctrl=0x7B len=59 data=69
23:52:14 | WARNING  | LONG RUN | type=REPEAT offset=0x00022A6C ctrl=0x7F len=63 data=69
23:52:14 | WARNING  | LONG RUN | type=REPEAT offset=0x00022A83 ctrl=0x81 len=65 data=05
23:52:14 | WARNING  | LONG RUN | type=REPEAT offset=0x00022A85 ctrl=0xF3 len=179 data=52
23:52:14 | WARNING  | LONG RUN | type=LITERAL offset=0x00022A87 ctrl=0x39 len=57 data=39 3b 43 52 03 82 3b 68 43 69 02 65 68 45 69 43 68 46 69 01 65 47 69 48 68 42 69 44 68 44 69 43 68 48 69 05 65 65 69 48 68 45 69 01 68 4c 65 42 69 46 65 45 69 01 45 4c 69
23:52:14 | WARNING  | LONG RUN | type=REPEAT offset=0x00022BA2 ctrl=0x61 len=33 data=69
23:52:14 | WARNING  | LONG RUN | type=REPEAT offset=0x00022BAC ctrl=0x73 len=51 data=69
23:52:14 | WARNING  | LONG RUN | type=REPEAT offset=0x00022BB4 ctrl=0x7F len=63 data=69
23:52:14 | WARNING  | LONG RUN | type=REPEAT offset=0x00022CF6 ctrl=0x7F len=63 data=69
23:52:14 | WARNING  | LONG RUN | type=REPEAT offset=0x00022CFC ctrl=0x7F len=63 data=69
23:52:14 | WARNING  | LONG RUN | type=LITERAL offset=0x00022D90 ctrl=0x2D len=45 data=80 f2 f2 3b 3a 3b 3a 3b 3b 3a 80 81 81 82 3a f2 3b 82 81 81 f2 80 f2 3b f2 80 80 f2 81 81 80 3b 38 39 37 37 44 44 37 e2 e2 39 3b f2 f2
23:52:14 | WARNING  | LONG RUN | type=REPEAT offset=0x00022E3D ctrl=0x68 len=40 data=69
23:52:14 | WARNING  | LONG RUN | type=REPEAT offset=0x00022E41 ctrl=0x7B len=59 data=69
23:52:14 | WARNING  | LONG RUN | type=REPEAT offset=0x00022E45 ctrl=0x7F len=63 data=69
23:52:14 | WARNING  | LONG RUN | type=REPEAT offset=0x00022F78 ctrl=0x63 len=35 data=69
23:52:14 | WARNING  | LONG RUN | type=REPEAT offset=0x00022F7C ctrl=0x7C len=60 data=69
23:52:14 | WARNING  | LONG RUN | type=REPEAT offset=0x00022F80 ctrl=0x7F len=63 data=69
23:52:14 | WARNING  | LONG RUN | type=REPEAT offset=0x000230C0 ctrl=0x7F len=63 data=69
23:52:14 | WARNING  | LONG RUN | type=REPEAT offset=0x000230C2 ctrl=0x61 len=33 data=69
23:52:14 | WARNING  | LONG RUN | type=REPEAT offset=0x000230C6 ctrl=0x7C len=60 data=69
23:52:14 | WARNING  | LONG RUN | type=LITERAL offset=0x0002317B ctrl=0x22 len=34 data=3a 3b 3b f2 bd bd e4 3b 80 3a 69 38 3b 3b 39 c3 44 e2 e3 81 84 83 f3 83 f3 f3 83 83 82 f2 3b 3a 37 37
23:52:14 | WARNING  | LONG RUN | type=LITERAL offset=0x000231E0 ctrl=0x25 len=37 data=39 44 65 48 38 3a 82 38 f2 52 3a 39 39 3b f2 84 3b 83 f3 83 81 84 81 f2 f2 81 f2 82 83 84 82 39 39 38 37 35 35
23:52:14 | WARNING  | LONG RUN | type=REPEAT offset=0x0002321D ctrl=0x70 len=48 data=69
23:52:14 | WARNING  | LONG RUN | type=REPEAT offset=0x00023221 ctrl=0x7F len=63 data=69
23:52:14 | WARNING  | LONG RUN | type=REPEAT offset=0x00023227 ctrl=0x62 len=34 data=69
23:52:14 | WARNING  | LONG RUN | type=LITERAL offset=0x00023315 ctrl=0x22 len=34 data=3b f2 f2 80 80 3a 69 37 69 65 69 39 52 39 3a 52 6e 69 65 4e 38 3a 82 38 3b 52 39 39 69 69 3a 3a 38 82
23:52:14 | WARNING  | LONG RUN | type=REPEAT offset=0x00023367 ctrl=0x61 len=33 data=69
23:52:14 | WARNING  | LONG RUN | type=REPEAT offset=0x0002336F ctrl=0x7F len=63 data=69
23:52:14 | WARNING  | LONG RUN | type=REPEAT offset=0x00023371 ctrl=0x7C len=60 data=69
23:52:14 | WARNING  | LONG RUN | type=LITERAL offset=0x00023474 ctrl=0x2B len=43 data=80 f2 f2 80 80 f2 f2 80 3b f2 80 f2 80 80 39 d1 b3 38 6e 6e 3b 52 39 3a 52 52 69 48 44 39 3b 84 38 f2 52 39 6e 65 63 63 64 69 82
23:52:14 | WARNING  | LONG RUN | type=REPEAT offset=0x000234C4 ctrl=0x6D len=45 data=69
23:52:14 | WARNING  | LONG RUN | type=REPEAT offset=0x000234C8 ctrl=0x7F len=63 data=69
23:52:14 | WARNING  | LONG RUN | type=REPEAT offset=0x000234CA ctrl=0x7E len=62 data=69
23:52:14 | WARNING  | LONG RUN | type=REPEAT offset=0x000235E6 ctrl=0x63 len=35 data=36
23:52:14 | WARNING  | LONG RUN | type=REPEAT offset=0x00023604 ctrl=0x7F len=63 data=69
23:52:14 | WARNING  | LONG RUN | type=REPEAT offset=0x00023606 ctrl=0x7F len=63 data=69
23:52:14 | WARNING  | LONG RUN | type=REPEAT offset=0x00023751 ctrl=0x65 len=37 data=69
23:52:14 | WARNING  | LONG RUN | type=REPEAT offset=0x00023755 ctrl=0x7F len=63 data=69
23:52:14 | WARNING  | LONG RUN | type=REPEAT offset=0x00023757 ctrl=0x76 len=54 data=69
23:52:14 | WARNING  | LONG RUN | type=REPEAT offset=0x000238AF ctrl=0x7F len=63 data=69
23:52:14 | WARNING  | LONG RUN | type=REPEAT offset=0x000238B1 ctrl=0x79 len=57 data=69
23:52:14 | WARNING  | LONG RUN | type=LITERAL offset=0x00023911 ctrl=0x24 len=36 data=68 68 36 69 69 68 35 d1 37 6a 44 37 37 6e 37 37 38 f2 3b 3a 38 38 37 37 3a 38 44 38 3a 39 39 3a 6a 69 6e 3b
23:52:14 | WARNING  | LONG RUN | type=REPEAT offset=0x00023A21 ctrl=0x7F len=63 data=69
23:52:14 | WARNING  | LONG RUN | type=REPEAT offset=0x00023A23 ctrl=0x70 len=48 data=69
23:52:14 | WARNING  | LONG RUN | type=LITERAL offset=0x00023ADD ctrl=0x30 len=48 data=3a f2 39 3a 3a 39 3a 3a 3b 82 81 82 f2 39 e3 b5 c3 f2 82 c2 be f3 f3 be f3 83 bd d3 b1 c6 a6 a6 c6 b3 37 36 c6 36 69 6e 6e 52 f2 f2 3b 3a 81 80
23:52:14 | WARNING  | LONG RUN | type=REPEAT offset=0x00023BAA ctrl=0x75 len=53 data=69
23:52:14 | WARNING  | LONG RUN | type=LITERAL offset=0x00023CB7 ctrl=0x23 len=35 data=3b d1 37 69 65 68 44 3a 52 52 3a 3a 3b 3a 3a 3b 38 81 f2 39 3b 39 52 6e 63 63 64 64 45 39 3b f2 83 83 f3
23:52:14 | WARNING  | LONG RUN | type=LITERAL offset=0x00023D03 ctrl=0x21 len=33 data=65 64 6e f2 f2 82 81 81 e4 e4 82 84 81 84 84 81 f2 3b 38 44 69 36 36 35 35 36 36 69 44 44 36 35 35
23:52:14 | WARNING  | LONG RUN | type=REPEAT offset=0x00023D3C ctrl=0x7F len=63 data=69
23:52:14 | WARNING  | LONG RUN | type=REPEAT offset=0x00023D3E ctrl=0x65 len=37 data=69
23:52:14 | WARNING  | LONG RUN | type=LITERAL offset=0x00023DE2 ctrl=0x2B len=43 data=37 37 44 44 65 64 64 65 f2 bd f2 81 3a 3a 3b 39 3b f2 f2 3b 3a 3a 39 39 52 38 3b f2 82 84 f3 83 84 84 d3 3b e2 69 d1 37 b5 e2 e2
23:52:14 | WARNING  | LONG RUN | type=LITERAL offset=0x00023E49 ctrl=0x29 len=41 data=f2 3a b4 37 3a b5 b5 38 3b 3a 3a 52 3a 3b 39 3b 80 83 83 f2 f2 3a 39 52 6e 63 63 65 63 4d 4d 41 4d 49 48 44 f2 82 84 83 83
23:52:14 | WARNING  | LONG RUN | type=REPEAT offset=0x00023EDE ctrl=0x71 len=49 data=69
23:52:14 | WARNING  | LONG RUN | type=REPEAT offset=0x00023EE7 ctrl=0x6C len=44 data=69
23:52:14 | WARNING  | LONG RUN | type=LITERAL offset=0x00023F60 ctrl=0x2B len=43 data=84 83 82 81 81 f2 f2 80 3a 3a 38 38 39 3b 3b f2 f2 80 84 82 82 84 82 82 84 84 82 82 81 3b 3a 38 37 36 68 69 37 6e 69 38 39 3b e3
23:52:14 | WARNING  | LONG RUN | type=LITERAL offset=0x00023F9A ctrl=0x22 len=34 data=36 63 67 38 c2 81 80 81 f2 3b f2 f2 3b 3a 3b 6e 6e 3a 6e 52 52 6e f2 82 82 f2 c3 c3 e2 b3 b3 e2 c3 b1
23:52:14 | WARNING  | LONG RUN | type=REPEAT offset=0x00024095 ctrl=0x6F len=47 data=69
23:52:14 | WARNING  | LONG RUN | type=REPEAT offset=0x00024241 ctrl=0x7F len=63 data=69
23:52:14 | WARNING  | LONG RUN | type=LITERAL offset=0x000242D1 ctrl=0x27 len=39 data=84 3b 6e 3a 3b 3a 38 37 44 d1 d1 e2 e2 e3 e3 f2 e3 f2 e4 f2 81 82 81 f2 f2 3b 3a 44 37 e2 e3 84 84 82 3a b3 b3 d1 b4
23:52:14 | WARNING  | LONG RUN | type=REPEAT offset=0x000243EF ctrl=0x6E len=46 data=69
23:52:14 | WARNING  | LONG RUN | type=REPEAT offset=0x000243F3 ctrl=0x78 len=56 data=69
23:52:14 | WARNING  | LONG RUN | type=LITERAL offset=0x000244BB ctrl=0x21 len=33 data=52 52 3a 52 52 38 38 f2 52 6e 39 39 3a 39 52 80 81 82 39 37 e2 b5 d1 e2 e3 e3 d1 e2 b3 d1 35 d1 3b
23:52:14 | WARNING  | LONG RUN | type=LITERAL offset=0x000245FE ctrl=0x21 len=33 data=80 3b 3a 39 4a 52 52 38 38 37 37 38 e3 3a 3a 6e 44 68 64 68 68 37 38 e3 f2 f2 e3 e3 d3 d4 d3 d4 f2
23:52:14 | WARNING  | LONG RUN | type=LITERAL offset=0x000247EF ctrl=0x26 len=38 data=82 82 80 6e 3b 3b 3a 44 44 39 81 83 81 80 6d 6e b3 b3 e2 e2 b3 b3 e2 d1 36 44 67 66 f1 d1 c3 e2 b3 c3 bd 82 81 3b
23:52:14 | WARNING  | LONG RUN | type=LITERAL offset=0x0002483D ctrl=0x25 len=37 data=80 3b 3b f2 3b 3b 80 80 f2 3b 3b 3a b3 b1 e2 b5 3a 3b 81 80 f2 f2 81 81 f2 80 f2 80 f2 80 80 f2 80 f2 f2 80 80
23:52:14 | WARNING  | LONG RUN | type=LITERAL offset=0x00024886 ctrl=0x21 len=33 data=6e 3a 84 83 82 f3 f3 83 83 82 f2 3b f2 c2 c2 82 82 81 83 84 f2 f2 e3 e2 e2 f2 f2 3b 39 39 e2 38 e3
23:52:14 | WARNING  | LONG RUN | type=LITERAL offset=0x000249BC ctrl=0x2F len=47 data=44 e2 e2 38 44 68 39 82 f2 bd e4 81 3a 3b 3a f2 37 44 3a 81 83 82 80 6d 6d 6e 7f d1 d1 b3 b3 e2 e2 69 45 33 66 66 35 37 e2 c6 c6 d3 e4 82 80
23:52:14 | WARNING  | LONG RUN | type=LITERAL offset=0x00024DA7 ctrl=0x23 len=35 data=e2 c3 c3 37 f1 66 f1 f1 68 b3 e2 c6 e3 e4 e4 f2 3b 39 39 6e 39 6e 3a f2 6e 6e 3a 3a 52 52 3a f2 f2 bd b5
23:52:14 | WARNING  | LONG RUN | type=LITERAL offset=0x00025383 ctrl=0x25 len=37 data=6a 69 44 37 37 e2 d1 d1 e2 e2 44 66 66 35 e3 81 82 80 3b 3a 52 6e 39 3a 6e f2 3a 6e 39 39 6e 3a 39 3b f2 e4 f2
23:52:14 | WARNING  | LONG RUN | type=LITERAL offset=0x00025590 ctrl=0x24 len=36 data=6e 37 37 b5 b3 b3 d1 e2 37 67 f1 33 38 f2 81 81 80 3a 3a 6e 6e 3a 6e 3a f2 39 6e 3a 6e 3a 39 6e f2 81 e4 38
23:52:14 | WARNING  | LONG RUN | type=LITERAL offset=0x000255F1 ctrl=0x21 len=33 data=3a b1 b1 39 b5 b3 b3 36 45 6a 52 3a 3a 39 3a 6e 65 6a 6e 6e 38 81 3b 3a 3b 3b 3a 69 63 64 64 65 68
23:52:14 | WARNING  | LONG RUN | type=LITERAL offset=0x0002574B ctrl=0x3B len=59 data=e2 44 44 69 38 3a 3b 9c 3b 3b 82 84 83 83 81 3b 39 38 44 6e 37 37 44 37 44 38 37 38 44 38 3a 84 82 e3 e2 e2 45 45 36 d1 e2 d1 d1 38 39 dc c6 dc e3 f2 e4 81 82 83 84 84 82 e4 f2
23:52:14 | WARNING  | LONG RUN | type=LITERAL offset=0x0002579F ctrl=0x2C len=44 data=6e d1 d1 e2 b3 44 44 37 68 66 f1 b5 c3 81 bd f2 3b 52 39 6e 39 39 52 3b 3a 6e 3a 39 6e 3a 6a 3b 81 e4 f2 d1 b3 e2 b3 e2 b3 d1 63 6e
23:52:14 | WARNING  | LONG RUN | type=LITERAL offset=0x00025B54 ctrl=0x2E len=46 data=69 66 6e 80 84 82 82 84 81 3b 38 3a f2 f2 e4 84 84 83 83 84 3b 69 6e 6e 69 6a 6a 69 38 81 84 f2 e3 e3 dc dc c6 c0 c0 dc dd dd c1 dd dd c1
23:52:14 | WARNING  | LONG RUN | type=LITERAL offset=0x00025B91 ctrl=0x2A len=42 data=e4 f2 38 44 44 e2 e2 e3 e3 e2 d1 d1 b5 be c2 38 43 44 f2 f3 f3 83 81 6d 6d 6a 69 36 7e d1 36 44 44 37 e2 e2 dc c3 f2 81 f2 3b
23:52:14 | WARNING  | LONG RUN | type=REPEAT offset=0x00025C26 ctrl=0x81 len=65 data=0d
23:52:14 | WARNING  | LONG RUN | type=REPEAT offset=0x00025C2A ctrl=0xF2 len=178 data=81
23:52:14 | WARNING  | LONG RUN | type=REPEAT offset=0x00025C2C ctrl=0x82 len=66 data=83
23:52:14 | WARNING  | LONG RUN | type=REPEAT offset=0x00025C2E ctrl=0xF3 len=179 data=f3
23:52:14 | WARNING  | LONG RUN | type=REPEAT offset=0x00025C30 ctrl=0x83 len=67 data=83
23:52:14 | WARNING  | LONG RUN | type=REPEAT offset=0x00025C32 ctrl=0x84 len=68 data=80
23:52:14 | WARNING  | LONG RUN | type=REPEAT offset=0x00025C34 ctrl=0x6E len=46 data=45
23:52:14 | WARNING  | LONG RUN | type=LITERAL offset=0x00025C36 ctrl=0x3A len=58 data=0a f2 52 f3 83 6a 65 6a 84 82 83 48 f3 02 3b 68 43 65 0b 6b 65 6b 6b 69 69 6e 69 69 4a 4a 43 44 02 4a 44 43 e3 08 f2 f2 39 6a 65 65 45 b5 43 c3 09 dd c3 c6 b1 c3 c3 b1 e2 e2
23:52:14 | WARNING  | LONG RUN | type=LITERAL offset=0x00025D20 ctrl=0x3F len=63 data=69 69 65 68 63 45 69 69 67 45 68 67 69 44 6e 37 37 38 3b 81 82 82 3b 80 3b 80 81 84 f2 f2 e3 52 44 44 4a 38 38 e3 e3 44 45 37 38 38 44 68 45 44 69 37 44 69 6a 6a 69 3a f2 e4 84 84 82 82 f2
23:52:14 | WARNING  | LONG RUN | type=LITERAL offset=0x00026128 ctrl=0x21 len=33 data=6e 6e 69 69 68 69 69 36 69 68 69 69 68 68 63 63 68 69 69 36 68 45 69 69 44 37 6e 3a 81 84 81 80 80
23:52:14 | WARNING  | LONG RUN | type=LITERAL offset=0x0002621A ctrl=0x2F len=47 data=52 52 3a 3a 3b 82 82 80 3b 3a 6e 3a 3a f2 81 81 34 67 4e 45 44 80 82 f2 3b 80 3b 69 4d 45 4d 4e 80 6e 39 3a 39 39 3a 80 80 3a f3 83 3b 81 80
23:52:14 | WARNING  | LONG RUN | type=LITERAL offset=0x00026342 ctrl=0x22 len=34 data=69 69 65 68 69 45 68 68 36 35 67 35 36 68 68 36 44 44 69 6e 6e 39 3b 82 82 81 81 80 81 81 80 81 f2 f2
23:52:14 | WARNING  | LONG RUN | type=LITERAL offset=0x0002659E ctrl=0x21 len=33 data=45 37 f2 e4 84 82 f2 e4 e4 f2 38 39 39 38 38 6e 6e 3b 6e 6a 6a 6e 84 83 83 84 83 82 84 84 3b 6a 6a
23:52:14 | WARNING  | LONG RUN | type=LITERAL offset=0x0002660F ctrl=0x2A len=42 data=3a 38 3a e2 3b 6e 39 39 3a 52 52 3b f2 82 81 c8 b3 b3 d1 d1 bc b3 b4 51 33 3a 80 80 3b 80 3b 80 80 81 80 3b f2 e3 b1 c6 b3 3a
23:52:14 | WARNING  | LONG RUN | type=LITERAL offset=0x0002679A ctrl=0x23 len=35 data=6e 44 37 36 44 37 44 69 68 69 68 67 68 45 69 44 69 6e 38 80 81 82 82 f2 3b 80 81 52 f2 81 3b 44 44 e2 38
23:52:14 | WARNING  | LONG RUN | type=LITERAL offset=0x00026968 ctrl=0x25 len=37 data=68 69 37 69 37 69 69 37 d1 44 44 65 67 69 6a 64 67 45 68 67 67 68 68 67 68 68 67 67 34 35 45 68 67 68 68 67 65
23:52:14 | WARNING  | LONG RUN | type=REPEAT offset=0x0002699A ctrl=0x81 len=65 data=02
23:52:14 | WARNING  | LONG RUN | type=REPEAT offset=0x0002699C ctrl=0x83 len=67 data=80
23:52:14 | WARNING  | LONG RUN | type=LITERAL offset=0x000269F7 ctrl=0x24 len=36 data=e3 44 45 45 f2 e4 82 f2 38 38 37 38 39 38 3a 38 38 e4 83 84 38 45 44 44 45 38 f2 82 82 84 82 3a 44 68 69 82
23:52:14 | WARNING  | LONG RUN | type=REPEAT offset=0x00026BD9 ctrl=0x81 len=65 data=03
23:52:14 | WARNING  | LONG RUN | type=REPEAT offset=0x00026BDB ctrl=0x83 len=67 data=6e
23:52:14 | WARNING  | LONG RUN | type=LITERAL offset=0x00026BDD ctrl=0x3A len=58 data=43 f2 08 39 3a 3b 3b 36 35 35 34 44 35 0f 36 69 68 69 68 69 45 69 45 69 44 44 69 45 67 43 68 06 69 69 65 67 35 36 43 69 1b 68 45 37 44 44 69 68 69 36 45 69 68 68 69 68 68 69
23:52:14 | WARNING  | LONG RUN | type=REPEAT offset=0x00026C18 ctrl=0x69 len=41 data=68
23:52:14 | WARNING  | LONG RUN | type=REPEAT offset=0x00026C1C ctrl=0x68 len=40 data=68
23:52:14 | WARNING  | LONG RUN | type=REPEAT offset=0x00026C20 ctrl=0x69 len=41 data=44
23:52:14 | WARNING  | LONG RUN | type=LITERAL offset=0x00026CC4 ctrl=0x26 len=38 data=3b 39 6e 52 52 3a 38 3a b5 b5 6e 39 3a 39 3a 39 3a 81 e4 bd b3 b3 ba b3 ba ba ad ba b3 b3 bc e3 3b 3b 80 f2 80 80
23:52:14 | WARNING  | LONG RUN | type=LITERAL offset=0x00026DB6 ctrl=0x26 len=38 data=e3 3a c3 b5 37 38 80 3b 3b 39 6e 6e 38 38 3a f2 80 81 81 f2 80 3a 3a 38 38 69 6a 6e 38 38 37 38 b5 37 38 39 3a 39
23:52:14 | WARNING  | LONG RUN | type=REPEAT offset=0x00026E2E ctrl=0x81 len=65 data=0f
23:52:14 | WARNING  | LONG RUN | type=REPEAT offset=0x00026E30 ctrl=0x84 len=68 data=38
23:52:14 | WARNING  | LONG RUN | type=LITERAL offset=0x00026E32 ctrl=0x38 len=56 data=4a 4a e3 44 38 38 3a 35 45 34 35 35 43 34 0d 69 69 68 69 68 67 69 37 44 68 45 44 69 44 68 07 37 6e 37 45 68 68 69 43 44 43 45 09 69 68 67 69 69 44 69 45 4e 43 69 1c 68
23:52:14 | WARNING  | LONG RUN | type=REPEAT offset=0x00026E6B ctrl=0x69 len=41 data=69
23:52:14 | WARNING  | LONG RUN | type=REPEAT offset=0x00026E6D ctrl=0x68 len=40 data=45
23:52:14 | WARNING  | LONG RUN | type=REPEAT offset=0x00026E6F ctrl=0x67 len=39 data=36
23:52:14 | WARNING  | LONG RUN | type=REPEAT offset=0x00026E71 ctrl=0x69 len=41 data=69
23:52:14 | WARNING  | LONG RUN | type=REPEAT offset=0x00026E73 ctrl=0x68 len=40 data=65
23:52:14 | WARNING  | LONG RUN | type=REPEAT offset=0x00026E75 ctrl=0x65 len=37 data=69
23:52:14 | WARNING  | LONG RUN | type=REPEAT offset=0x00026E77 ctrl=0x6E len=46 data=3a
23:52:14 | WARNING  | LONG RUN | type=REPEAT offset=0x00026E79 ctrl=0x81 len=65 data=82
23:52:14 | WARNING  | LONG RUN | type=REPEAT offset=0x00026E7B ctrl=0x81 len=65 data=f2
23:52:14 | WARNING  | LONG RUN | type=LITERAL offset=0x00026E7D ctrl=0x3B len=59 data=3b f2 81 81 3b 38 39 39 43 3a 20 37 44 45 39 84 84 3b 44 45 44 3a 3b 81 81 69 69 44 44 38 f2 3a e2 38 f2 e4 e3 37 6e 44 37 37 f2 44 e4 08 f2 38 45 44 69 64 66 38 46 84 0e 82 81
23:52:14 | WARNING  | LONG RUN | type=REPEAT offset=0x00026EB9 ctrl=0xF2 len=178 data=f2
23:52:14 | WARNING  | LONG RUN | type=REPEAT offset=0x00026EBB ctrl=0x81 len=65 data=f2
23:52:14 | WARNING  | LONG RUN | type=REPEAT offset=0x00026EBD ctrl=0x80 len=64 data=81
23:52:14 | WARNING  | LONG RUN | type=REPEAT offset=0x00026EBF ctrl=0xE4 len=164 data=e4
23:52:14 | WARNING  | LONG RUN | type=REPEAT offset=0x00026EC1 ctrl=0x82 len=66 data=39
23:52:14 | WARNING  | LONG RUN | type=REPEAT offset=0x00026EC3 ctrl=0x65 len=37 data=6e
23:52:14 | WARNING  | LONG RUN | type=LITERAL offset=0x000270C8 ctrl=0x30 len=48 data=81 82 3b 3a 37 39 3a 3a 52 3a 39 44 44 37 80 82 f3 f3 83 f2 3b f2 e4 f2 3a 3b 37 68 69 38 44 38 e2 39 f2 e4 3b 4d 69 37 38 3b e4 84 e4 e4 f2 e3
23:52:14 | WARNING  | LONG RUN | type=LITERAL offset=0x00027157 ctrl=0x2C len=44 data=f2 44 f2 82 39 33 45 b5 81 81 80 3b 52 39 6e 39 52 39 e3 b5 3a 39 39 3a 6e 3a 38 3b 81 84 f2 e2 c6 b3 b4 36 35 b3 f2 e3 e3 e2 d1 3a
23:52:14 | WARNING  | LONG RUN | type=LITERAL offset=0x000271DD ctrl=0x24 len=36 data=b5 e3 f2 bd bd 3b 3a 39 39 e3 bd bd f2 52 3b 80 52 83 83 84 82 39 64 6e f3 83 f3 f3 82 f2 f2 82 f3 81 6a 65
23:52:14 | WARNING  | LONG RUN | type=LITERAL offset=0x00027215 ctrl=0x32 len=50 data=64 39 3b 81 3b 69 39 44 6e 6e 38 4a 4a 65 68 68 69 44 68 68 65 68 50 3b 84 82 80 f2 4a 44 dd dc dc dd e3 dc dc dd 4a 44 dc dc 4a 4a dc dd dd 4a dd dd
23:52:14 | WARNING  | LONG RUN | type=LITERAL offset=0x00027262 ctrl=0x21 len=33 data=c3 e2 e2 b1 b1 c3 b5 3a 3a 52 6e 37 37 38 38 39 3b 3a 80 3a 6e 69 37 69 44 44 42 4a e3 38 4a 4a 44
23:52:14 | WARNING  | LONG RUN | type=LITERAL offset=0x000272E1 ctrl=0x24 len=36 data=38 44 80 39 45 67 67 69 68 68 67 65 45 69 68 68 67 67 65 37 44 44 6e 44 69 69 65 65 45 69 44 69 69 68 69 37
23:52:14 | WARNING  | LONG RUN | type=LITERAL offset=0x000273C9 ctrl=0x21 len=33 data=38 e3 e2 e3 39 6e 52 39 52 52 3b f2 82 81 e2 b3 b4 d1 b5 9c b5 b5 35 d1 d1 ba b3 e2 b5 9c 3b 38 b3
23:52:14 | WARNING  | LONG RUN | type=LITERAL offset=0x0002741F ctrl=0x38 len=56 data=6a 6a 39 3a 39 3a f2 37 3b 3a 3b 3b 3a 3b 37 80 b5 ae ae b3 bc ba ad b7 b8 b3 b1 b5 e3 d3 bd bd c2 be 3a 80 52 83 f3 83 83 82 52 6e 83 52 84 f3 81 3b 52 81 83 82 52 65
23:52:14 | WARNING  | LONG RUN | type=LITERAL offset=0x00027504 ctrl=0x28 len=40 data=68 68 69 44 69 69 64 6e 6e 36 45 45 68 68 45 68 65 67 67 65 48 44 45 69 44 69 69 45 68 65 64 63 64 63 65 64 64 63 65 65
23:52:14 | WARNING  | LONG RUN | type=REPEAT offset=0x000275A1 ctrl=0x81 len=65 data=02
23:52:14 | WARNING  | LONG RUN | type=LITERAL offset=0x000275A3 ctrl=0x38 len=56 data=3b 43 3a 03 38 69 3b 43 81 43 80 09 3b 82 82 e4 6e 65 69 37 6a 43 69 0c 3a e2 e4 e4 f2 38 d1 d1 b5 c3 dc c3 43 dc 03 c6 c0 dc 43 c6 11 c0 c0 dd dd c6 c6 dc dc c0 c1 dd
23:52:14 | WARNING  | LONG RUN | type=REPEAT offset=0x000275DC ctrl=0xC6 len=134 data=c6
23:52:14 | WARNING  | LONG RUN | type=REPEAT offset=0x000275DE ctrl=0xC0 len=128 data=c0
23:52:14 | WARNING  | LONG RUN | type=REPEAT offset=0x000275E0 ctrl=0xDD len=157 data=c0
23:52:14 | WARNING  | LONG RUN | type=LITERAL offset=0x0002771D ctrl=0x2E len=46 data=3a 80 3b 69 69 68 69 6e 6e 6a 6f 6d 6f 6f 80 82 80 3b f2 3a 39 39 38 3a 39 38 38 37 44 45 68 69 45 69 38 38 37 37 44 d1 d1 36 36 d1 d1 45
23:52:14 | WARNING  | LONG RUN | type=LITERAL offset=0x0002782D ctrl=0x2A len=42 data=69 3b 80 3b 80 81 80 80 6e 63 65 65 82 83 84 82 81 38 e2 37 e3 e4 f3 f3 39 45 f1 45 84 f3 f3 83 80 39 39 3a 39 3a 39 6e 3a b5
23:52:14 | WARNING  | LONG RUN | type=LITERAL offset=0x0002799C ctrl=0x30 len=48 data=65 65 64 64 63 64 63 65 6e 82 84 81 80 80 81 84 81 f3 3b 68 68 65 4d 44 68 67 69 37 37 d1 34 34 68 45 45 69 44 e3 e2 44 44 69 68 44 37 37 38 38
23:52:14 | WARNING  | LONG RUN | type=LITERAL offset=0x00027A79 ctrl=0x35 len=53 data=3b 69 65 65 69 84 83 84 82 f2 37 dc dd e3 e4 f3 84 d1 35 67 44 84 f3 f3 80 3b 39 3a 39 39 3a 39 3a e2 b5 3b 52 3a 52 3a 3a 3b 81 82 83 e3 e2 d1 d1 b4 69 d1 d1
23:52:14 | WARNING  | LONG RUN | type=LITERAL offset=0x00027AB1 ctrl=0x26 len=38 data=38 6d 6a e2 c3 c3 b5 e3 f2 81 f2 38 e2 b3 b8 b8 d1 b5 e3 3b f2 f2 80 3b 3b 80 3b 80 81 80 80 81 81 3b f2 3b 3b f2
23:52:14 | WARNING  | LONG RUN | type=LITERAL offset=0x00027C5B ctrl=0x29 len=41 data=44 45 38 f2 84 82 84 84 e4 f3 83 81 3a 3b 80 82 83 6e 68 65 3b 81 80 80 81 80 80 83 84 82 84 82 82 81 3b f2 82 82 84 82 82
23:52:14 | WARNING  | LONG RUN | type=LITERAL offset=0x00027CB7 ctrl=0x3E len=62 data=3b 65 68 63 3a 83 83 82 84 f2 e2 dd d3 e3 f3 f3 f2 37 67 66 44 83 f3 81 3b 39 3a 39 39 52 39 3a b5 b5 3a 39 3a 52 3a 52 52 81 82 84 e3 e2 d1 d1 34 69 44 d1 d1 c8 c6 e2 7f b3 b1 b1 c3 e3
23:52:14 | WARNING  | LONG RUN | type=LITERAL offset=0x000280C0 ctrl=0x27 len=39 data=f2 f2 3b 82 83 81 69 d1 c3 c3 39 38 37 38 3a 3b f2 80 83 f3 83 f3 f2 3a 39 37 45 45 37 44 45 44 44 39 3a 81 84 84 82
23:52:14 | WARNING  | LONG RUN | type=LITERAL offset=0x000282F3 ctrl=0x2A len=42 data=3b 3b 3a 3a f2 3a 3a f2 f2 e4 e4 84 be c2 c2 82 3b 39 38 37 44 44 37 38 37 3a f2 e4 84 84 3b 67 b5 e3 e3 b5 35 34 37 38 80 80
23:52:14 | WARNING  | LONG RUN | type=LITERAL offset=0x00028692 ctrl=0x28 len=40 data=69 6a 6a 6b 52 4a 4a 44 6a 6b 6a 6a 58 50 38 6e 65 83 3b 3a e4 3a 80 38 68 6e 6a 69 69 65 48 65 64 44 44 3b 82 82 80 f2
23:52:14 | WARNING  | LONG RUN | type=LITERAL offset=0x0002874E ctrl=0x23 len=35 data=dc e2 d1 e2 69 37 37 69 68 68 67 63 69 81 82 81 f2 81 f2 82 f2 82 39 3a 39 80 80 6e 3a 6e 6a 6e 3b 38 38
23:52:14 | WARNING  | LONG RUN | type=LITERAL offset=0x00028937 ctrl=0x35 len=53 data=4a dd 52 f2 4a 39 6a 69 69 4a 4a 38 44 69 69 44 44 38 38 37 6e 6e 6a 6f 6a 44 6a 6e 6a 6a 50 6a 50 50 38 39 3b 3b 69 36 68 6a 6a 6f 69 68 69 69 68 65 65 69 6b
23:52:14 | WARNING  | LONG RUN | type=LITERAL offset=0x00028A19 ctrl=0x21 len=33 data=82 82 52 6a 6a 80 84 84 82 44 45 d1 44 44 e2 e2 f2 bd e4 82 39 82 83 84 84 83 83 81 e3 e3 c3 c4 c4
23:52:14 | WARNING  | LONG RUN | type=LITERAL offset=0x00028AD0 ctrl=0x27 len=39 data=3b 6e 68 65 38 6e 6e f2 bd 82 52 52 f2 3b 3b 39 b5 f2 bc ae d1 39 3b 3b 6e 6a 6a 6e 6e 6a 6a 6e 6e 39 3a 38 3b 82 3c
23:52:14 | WARNING  | LONG RUN | type=LITERAL offset=0x00028B95 ctrl=0x29 len=41 data=38 6e 44 f2 84 f2 38 44 6a 6e 3b 80 81 81 f2 f2 3b 39 6a 65 65 69 6b 6b 6a 6f 6f 6d 6d 6b 6b 6f 6b 6b 69 69 39 3b 3b f2 3b
23:52:14 | WARNING  | LONG RUN | type=LITERAL offset=0x00028BD0 ctrl=0x26 len=38 data=e3 dc c3 c3 b5 e2 38 37 37 69 35 67 67 63 6a 81 82 81 80 80 f2 81 f2 83 39 3b 3a 3a 3b 80 80 3b 3b 81 f2 3b 3b 3a
23:52:14 | WARNING  | LONG RUN | type=LITERAL offset=0x00028F2A ctrl=0x2C len=44 data=f2 81 3a 35 34 d1 d1 37 44 39 f2 6e 64 63 63 65 6a 69 65 64 65 68 65 64 65 6e 6a 6b 65 65 6b 6a 65 69 4a 4a 50 48 45 68 69 69 6a 6e
23:52:14 | WARNING  | LONG RUN | type=LITERAL offset=0x00028F73 ctrl=0x2E len=46 data=e2 e2 b1 b1 c6 b3 b3 d1 e2 b3 d1 b3 69 b3 a4 b4 39 bd 38 39 3a 3a 3b 3a 3b 3b 83 3b b0 b0 b5 37 6a 6e 52 6a 6a 6e 6e 38 39 39 6e 6a 6e 6e
23:52:14 | WARNING  | LONG RUN | type=LITERAL offset=0x0002913F ctrl=0x21 len=33 data=b3 33 37 69 6a 69 3b 80 52 52 80 81 81 3b 44 38 44 63 33 66 66 44 37 44 f2 f3 f3 37 37 f3 83 80 3a
23:52:14 | WARNING  | LONG RUN | type=LITERAL offset=0x00029189 ctrl=0x25 len=37 data=69 6a 6a 6d 6b 50 52 50 50 48 42 45 68 6a 6a 3a 3b 3b 6a 6a 6e 3b 3b 52 6a 6a 6e 6e 38 6e 6e 37 6a 69 69 37 37
23:52:14 | WARNING  | LONG RUN | type=LITERAL offset=0x00029253 ctrl=0x2B len=43 data=3b 3b f2 44 b3 b3 36 d1 36 b3 e2 c6 c6 e2 38 39 44 38 52 3b 52 52 4a 4a 50 52 f2 3b 80 81 81 82 81 80 6a 6e 6e 6a 69 3b 82 82 84
23:52:14 | WARNING  | LONG RUN | type=LITERAL offset=0x00029337 ctrl=0x3A len=58 data=6a 6a 52 82 84 84 83 82 69 44 44 f2 e4 82 d3 e3 ba b3 3a 81 84 80 38 82 81 82 84 83 3b 44 45 34 33 bc c8 b3 b3 bc b0 f1 b0 b8 ba ba b3 c6 b8 c8 c6 c6 dc dc c6 c8 e2 e2 b5 c3
23:52:14 | WARNING  | LONG RUN | type=LITERAL offset=0x000293E7 ctrl=0x25 len=37 data=37 b3 d1 e2 e2 b5 e2 d1 b3 d1 b4 b3 b3 d1 b3 b3 3b f2 f2 37 3b 3a 3b 80 6e 3b 37 82 b5 ba b4 b4 36 69 69 6a 6a
23:52:14 | WARNING  | LONG RUN | type=LITERAL offset=0x00029658 ctrl=0x2B len=43 data=6a 6b 65 65 6b 6a f2 52 6e 6a 6e 52 3b 6a 44 65 65 6a 81 81 80 6e 6a 52 52 6a 44 69 69 68 65 48 65 65 68 42 dc 80 80 3b 81 3b 83
23:52:14 | WARNING  | LONG RUN | type=LITERAL offset=0x0002974D ctrl=0x24 len=36 data=6e 6a 3a 3a 44 44 37 f2 83 83 84 81 52 3a 37 37 67 69 69 68 36 37 69 59 59 6b 59 6b b5 c6 c6 d1 d1 e2 d1 d1
23:52:14 | WARNING  | LONG RUN | type=LITERAL offset=0x000297E5 ctrl=0x27 len=39 data=c3 dd dd c6 c6 e2 36 34 f1 6e 6a 69 6e 81 52 81 83 f3 84 84 81 37 e2 33 33 35 44 e2 37 38 f2 d5 e4 44 83 f3 81 3a 39
23:52:14 | WARNING  | LONG RUN | type=LITERAL offset=0x0002997D ctrl=0x3F len=63 data=b5 b5 38 37 6e 38 38 3a 3a 44 44 38 f2 83 83 84 f2 37 69 37 37 7f 37 d1 37 69 37 37 39 e3 c3 c3 69 65 5e 5e 64 69 d1 e2 c0 c0 dc e2 e2 44 44 e2 e3 38 e2 b5 c3 dc d1 45 34 34 45 44 45 37 3b
23:52:14 | WARNING  | LONG RUN | type=REPEAT offset=0x00029A5A ctrl=0x81 len=65 data=03
23:52:14 | WARNING  | LONG RUN | type=REPEAT offset=0x00029A5E ctrl=0x65 len=37 data=43
23:52:14 | WARNING  | LONG RUN | type=REPEAT offset=0x00029A60 ctrl=0x66 len=38 data=12
23:52:14 | WARNING  | LONG RUN | type=REPEAT offset=0x00029A62 ctrl=0x6B len=43 data=63
23:52:14 | WARNING  | LONG RUN | type=REPEAT offset=0x00029A64 ctrl=0x63 len=35 data=6a
23:52:14 | WARNING  | LONG RUN | type=REPEAT offset=0x00029A66 ctrl=0x6E len=46 data=3a
23:52:14 | WARNING  | LONG RUN | type=LITERAL offset=0x00029A68 ctrl=0x3A len=58 data=6e 82 80 82 82 3b 3a 6e 3b 6e 3a 43 80 08 81 6e 80 80 3b 6e 69 50 43 64 07 65 6b 6b 64 6b 4a 6a 43 69 06 6b 69 65 6b 65 6b 45 69 45 6a 0f 6e 6a 6e 39 39 6e 52 3a 6e 6e 38 39
23:52:14 | WARNING  | LONG RUN | type=LITERAL offset=0x00029AA3 ctrl=0x3B len=59 data=39 d1 44 e2 14 e4 69 3b 3a 3b 3b 52 81 b4 c2 b3 ae ba 37 6e 6a 69 69 44 6a 47 6e 03 6a 68 3c 44 f3 02 84 6a 43 6b 01 6a 4e 6b 15 52 52 4a 69 65 f2 52 6e 45 65 6b 50 81 82 6e 3a
23:52:14 | WARNING  | LONG RUN | type=REPEAT offset=0x00029ADF ctrl=0x83 len=67 data=3a
23:52:14 | WARNING  | LONG RUN | type=REPEAT offset=0x00029AE3 ctrl=0x81 len=65 data=44
23:52:14 | WARNING  | LONG RUN | type=REPEAT offset=0x00029AE5 ctrl=0x69 len=41 data=0c
23:52:14 | WARNING  | LONG RUN | type=REPEAT offset=0x00029AE7 ctrl=0x65 len=37 data=48
23:52:14 | WARNING  | LONG RUN | type=REPEAT offset=0x00029AED ctrl=0xE2 len=162 data=82
23:52:14 | WARNING  | LONG RUN | type=REPEAT offset=0x00029AEF ctrl=0x80 len=64 data=3b
23:52:14 | WARNING  | LONG RUN | type=LITERAL offset=0x00029AF1 ctrl=0x3B len=59 data=80 46 f3 0e 84 82 f3 f3 83 80 39 69 3a 3b 6e 3a 82 83 4d f3 23 3b 3a 81 81 83 81 83 84 80 39 37 39 f2 39 3a f3 f3 83 82 84 83 81 38 3b 83 f3 83 84 f3 f3 d5 f3 83 83 44 44 69 08
23:52:14 | WARNING  | LONG RUN | type=LITERAL offset=0x00029B31 ctrl=0x3B len=59 data=3a 3a 80 43 f2 44 3b 15 52 52 3b 80 80 f2 f2 3b e3 e2 37 c6 b8 c6 37 d1 c6 dc e3 f2 f2 43 3b 0f 3a 39 3a e4 e4 e3 39 69 69 37 69 69 38 37 39 43 f2 03 80 f2 80 44 3b 08 f2 80 f2
23:52:14 | WARNING  | LONG RUN | type=REPEAT offset=0x00029B6D ctrl=0xF2 len=178 data=79
23:52:14 | WARNING  | LONG RUN | type=REPEAT offset=0x00029B6F ctrl=0x70 len=48 data=6e
23:52:14 | WARNING  | LONG RUN | type=REPEAT offset=0x00029B71 ctrl=0xF2 len=178 data=45
23:52:14 | WARNING  | LONG RUN | type=REPEAT offset=0x00029B73 ctrl=0xE4 len=164 data=43
23:52:14 | WARNING  | LONG RUN | type=REPEAT offset=0x00029B75 ctrl=0x84 len=68 data=46
23:52:14 | WARNING  | LONG RUN | type=REPEAT offset=0x00029B77 ctrl=0xE4 len=164 data=01
23:52:14 | WARNING  | LONG RUN | type=REPEAT offset=0x00029B79 ctrl=0x82 len=66 data=48
23:52:14 | WARNING  | LONG RUN | type=REPEAT offset=0x00029B7B ctrl=0xE4 len=164 data=09
23:52:14 | WARNING  | LONG RUN | type=REPEAT offset=0x00029B7D ctrl=0xF2 len=178 data=d4
23:52:14 | WARNING  | LONG RUN | type=REPEAT offset=0x00029B7F ctrl=0xD3 len=147 data=d3
23:52:14 | WARNING  | LONG RUN | type=REPEAT offset=0x00029B81 ctrl=0xC2 len=130 data=be
23:52:14 | WARNING  | LONG RUN | type=REPEAT offset=0x00029B83 ctrl=0xE4 len=164 data=f2
23:52:14 | WARNING  | LONG RUN | type=REPEAT offset=0x00029B85 ctrl=0xF2 len=178 data=43
23:52:14 | WARNING  | LONG RUN | type=REPEAT offset=0x00029B87 ctrl=0xE4 len=164 data=17
23:52:14 | WARNING  | LONG RUN | type=REPEAT offset=0x00029B89 ctrl=0xF2 len=178 data=f2
23:52:14 | WARNING  | LONG RUN | type=LITERAL offset=0x00029B8B ctrl=0x38 len=56 data=69 69 65 3a 80 82 81 80 f2 f2 82 3a 81 f2 f2 81 82 83 84 84 43 83 16 82 81 39 3a 44 84 3b 44 37 37 6a 6e 44 45 45 44 38 c3 b1 b1 c0 c0 47 b1 01 b5 44 38 18 44 3b 39 38
23:52:14 | WARNING  | LONG RUN | type=LITERAL offset=0x00029BC4 ctrl=0x37 len=55 data=3a e4 e4 84 81 6e 68 44 38 38 37 38 37 38 38 37 38 3a e2 44 c3 0e c0 c3 37 65 59 59 6b 65 b5 c1 c1 c3 dc e2 44 44 18 e2 d3 c3 c6 d1 67 34 45 6e 37 37 45 d1 f2 be 83
23:52:14 | WARNING  | LONG RUN | type=REPEAT offset=0x00029BFC ctrl=0x83 len=67 data=82
23:52:14 | WARNING  | LONG RUN | type=REPEAT offset=0x00029BFE ctrl=0x81 len=65 data=80
23:52:14 | WARNING  | LONG RUN | type=LITERAL offset=0x00029C00 ctrl=0x39 len=57 data=39 f2 37 43 f2 06 81 81 80 81 84 84 45 82 08 81 38 6e 6a 6b 65 65 80 46 84 43 83 03 84 81 82 43 84 42 83 43 84 1c 83 84 81 3b b4 b1 b1 ad b3 b1 b3 ba b1 b1 b8 b1 84 be 3b
23:52:14 | WARNING  | LONG RUN | type=LITERAL offset=0x00029C3A ctrl=0x38 len=56 data=82 83 84 84 81 38 e2 b3 48 c8 09 b8 c8 37 83 82 82 3a b6 d1 45 c6 0f c0 c0 dc dc dd c3 c3 c6 c6 bf bc 66 6e 3a 82 43 e4 15 84 83 81 be f3 84 38 33 f1 45 38 38 e2 e3 e3
23:52:14 | WARNING  | LONG RUN | type=REPEAT offset=0x00029C73 ctrl=0xF3 len=179 data=f3
23:52:14 | WARNING  | LONG RUN | type=LITERAL offset=0x00029C75 ctrl=0x38 len=56 data=84 f3 82 45 6e 08 38 44 6e b5 b3 b5 3b 3a 43 52 06 3a 65 64 69 67 63 43 66 06 43 52 69 66 63 63 43 64 03 65 6a 65 44 64 26 65 6e 80 80 81 50 81 52 3a 80 39 3a 6e 52 80
23:52:14 | WARNING  | LONG RUN | type=LITERAL offset=0x00029CAE ctrl=0x39 len=57 data=52 84 81 82 3a 69 6e 64 63 64 64 48 4a 6a 69 69 6a 6a 69 6a 6a 69 43 6b 45 65 43 6b 17 6a 6a 69 6a 6e 52 6e 3a 3b 3a 3b 38 3a 38 37 b5 38 3a b5 81 44 f2 3a 43 3b 0c f2 38
23:52:14 | WARNING  | LONG RUN | type=REPEAT offset=0x00029CE8 ctrl=0x82 len=66 data=bc
23:52:14 | WARNING  | LONG RUN | type=REPEAT offset=0x00029CEA ctrl=0xAE len=110 data=b3
23:52:14 | WARNING  | LONG RUN | type=REPEAT offset=0x00029CEC ctrl=0x6E len=46 data=6a
23:52:14 | WARNING  | LONG RUN | type=REPEAT offset=0x00029CEE ctrl=0x68 len=40 data=69
23:52:14 | WARNING  | LONG RUN | type=REPEAT offset=0x00029CF0 ctrl=0x69 len=41 data=6a
23:52:14 | WARNING  | LONG RUN | type=LITERAL offset=0x00029DF3 ctrl=0x21 len=33 data=b5 b5 38 6e 38 6e f2 39 39 f2 e4 83 83 82 3a 36 69 69 6a 52 6a 39 38 38 7a 7b 3a 3a e3 c6 c1 c0 c3
23:52:14 | WARNING  | LONG RUN | type=REPEAT offset=0x00029EED ctrl=0x81 len=65 data=07
23:52:14 | WARNING  | LONG RUN | type=REPEAT offset=0x00029EEF ctrl=0x63 len=35 data=4a
23:52:14 | WARNING  | LONG RUN | type=REPEAT offset=0x00029EF3 ctrl=0x6A len=42 data=69
23:52:14 | WARNING  | LONG RUN | type=REPEAT offset=0x00029EF5 ctrl=0x69 len=41 data=43
23:52:14 | WARNING  | LONG RUN | type=REPEAT offset=0x00029EF7 ctrl=0x6A len=42 data=01
23:52:14 | WARNING  | LONG RUN | type=REPEAT offset=0x00029EF9 ctrl=0x69 len=41 data=44
23:52:14 | WARNING  | LONG RUN | type=REPEAT offset=0x00029EFB ctrl=0x6A len=42 data=01
23:52:14 | WARNING  | LONG RUN | type=REPEAT offset=0x00029EFD ctrl=0x69 len=41 data=43
23:52:14 | WARNING  | LONG RUN | type=REPEAT offset=0x00029EFF ctrl=0x65 len=37 data=01
23:52:14 | WARNING  | LONG RUN | type=REPEAT offset=0x00029F01 ctrl=0x6B len=43 data=45
23:52:14 | WARNING  | LONG RUN | type=REPEAT offset=0x00029F03 ctrl=0x65 len=37 data=09
23:52:14 | WARNING  | LONG RUN | type=REPEAT offset=0x00029F05 ctrl=0x64 len=36 data=65
23:52:14 | WARNING  | LONG RUN | type=REPEAT offset=0x00029F07 ctrl=0x69 len=41 data=6a
23:52:14 | WARNING  | LONG RUN | type=REPEAT offset=0x00029F09 ctrl=0x6A len=42 data=6e
23:52:14 | WARNING  | LONG RUN | type=REPEAT offset=0x00029F0B ctrl=0x6A len=42 data=3b
23:52:14 | WARNING  | LONG RUN | type=REPEAT offset=0x00029F0D ctrl=0xF2 len=178 data=43
23:52:14 | WARNING  | LONG RUN | type=REPEAT offset=0x00029F0F ctrl=0x80 len=64 data=12
23:52:14 | WARNING  | LONG RUN | type=LITERAL offset=0x00029F11 ctrl=0x3A len=58 data=38 3a 3a 81 f3 83 f2 52 f2 3b 3b 81 82 c2 bc b0 d1 46 69 08 6a 6e 6e 6a 6e 52 6e 6e 43 6a 0d 6e 3a 82 84 82 80 50 44 45 69 6e 6a 6a 47 6b 19 6a 6b 6b f2 dc 52 44 69 65 6a 6a
23:52:14 | WARNING  | LONG RUN | type=REPEAT offset=0x00029F4C ctrl=0x65 len=37 data=63
23:52:14 | WARNING  | LONG RUN | type=REPEAT offset=0x00029F4E ctrl=0x6A len=42 data=6a
23:52:14 | WARNING  | LONG RUN | type=REPEAT offset=0x00029F54 ctrl=0x6A len=42 data=38
23:52:14 | WARNING  | LONG RUN | type=REPEAT offset=0x00029F56 ctrl=0xF2 len=178 data=82
23:52:14 | WARNING  | LONG RUN | type=LITERAL offset=0x00029F58 ctrl=0x37 len=55 data=68 43 69 01 65 43 68 13 4a 4a 52 81 80 3b 39 3a 38 6e 39 3b f2 83 f3 d5 f3 f3 84 45 3b 04 38 82 82 81 47 f3 01 3b 44 f3 16 83 3a 81 82 82 f3 80 3b 52 3b 3a 3a 3b 81
23:52:14 | WARNING  | LONG RUN | type=LITERAL offset=0x00029F90 ctrl=0x38 len=56 data=81 84 3a 39 38 82 83 44 f3 0b d5 f3 83 83 84 f3 f3 83 84 84 81 43 6e 0d 39 3a 39 39 3a 3b 6e 3a 3a 3b 3b 3a 80 43 3b 42 52 44 3b 01 52 45 3b 07 80 81 80 80 39 39 52 43
23:52:14 | WARNING  | LONG RUN | type=LITERAL offset=0x00029FC9 ctrl=0x3B len=59 data=43 f2 07 81 81 3b f2 38 69 64 43 63 09 64 68 69 39 3a 69 68 3a 3b 4a f2 12 3b 3a 6a 6a 50 39 f2 81 f2 82 80 81 81 e4 e4 82 f2 3b 44 e4 17 81 f2 f2 e4 e4 f2 3b f2 e4 f2 f2 e4 e4
23:52:14 | WARNING  | LONG RUN | type=REPEAT offset=0x0002A005 ctrl=0x82 len=66 data=f2
23:52:14 | WARNING  | LONG RUN | type=REPEAT offset=0x0002A007 ctrl=0x81 len=65 data=3b
23:52:14 | WARNING  | LONG RUN | type=REPEAT offset=0x0002A009 ctrl=0x69 len=41 data=69
23:52:14 | WARNING  | LONG RUN | type=REPEAT offset=0x0002A00B ctrl=0x65 len=37 data=65
23:52:14 | WARNING  | LONG RUN | type=REPEAT offset=0x0002A00D ctrl=0x6E len=46 data=82
23:52:14 | WARNING  | LONG RUN | type=LITERAL offset=0x0002A032 ctrl=0x24 len=36 data=b5 37 38 37 44 f2 38 3a 81 e4 e4 83 84 82 44 45 44 37 69 6e 6a 6b 80 82 6e 6e 7a 38 c3 c6 c6 b1 c0 c6 c0 cd
23:52:14 | WARNING  | LONG RUN | type=LITERAL offset=0x0002A059 ctrl=0x34 len=52 data=c1 c1 c0 c0 d1 6b 5b 59 6b 65 37 c0 c0 c3 c3 dd c1 c1 c0 c6 e2 d1 45 45 68 44 44 45 34 44 39 e4 82 82 81 68 67 3a 80 37 38 f2 81 84 84 83 82 3b 6e 6a 6e 6a
23:52:14 | WARNING  | LONG RUN | type=REPEAT offset=0x0002A12E ctrl=0x81 len=65 data=10
23:52:14 | WARNING  | LONG RUN | type=REPEAT offset=0x0002A130 ctrl=0x66 len=38 data=4a
23:52:14 | WARNING  | LONG RUN | type=REPEAT offset=0x0002A132 ctrl=0x6A len=42 data=6e
23:52:14 | WARNING  | LONG RUN | type=REPEAT offset=0x0002A134 ctrl=0x6A len=42 data=6a
23:52:14 | WARNING  | LONG RUN | type=REPEAT offset=0x0002A136 ctrl=0x6E len=46 data=80
23:52:14 | WARNING  | LONG RUN | type=LITERAL offset=0x0002A138 ctrl=0x3B len=59 data=3a 3b 6e 6a 6a 69 48 43 69 04 65 69 65 65 43 6b 43 65 1e 48 6a 6b 6a 6a 6e 6e 3b 80 81 3b 52 82 f3 83 f2 52 3b 52 3b 3a 9c c2 b0 b0 b3 b3 37 6a 69 44 6a 08 52 6e 38 52 6e 6e 6a
23:52:14 | WARNING  | LONG RUN | type=REPEAT offset=0x0002A174 ctrl=0x6A len=42 data=44
23:52:14 | WARNING  | LONG RUN | type=REPEAT offset=0x0002A176 ctrl=0x69 len=41 data=04
23:52:14 | WARNING  | LONG RUN | type=REPEAT offset=0x0002A17A ctrl=0x69 len=41 data=4a
23:52:14 | WARNING  | LONG RUN | type=LITERAL offset=0x0002A457 ctrl=0x3F len=63 data=65 65 63 65 68 39 3b 3b 38 6e 39 f2 f2 80 f2 3b 3a f2 f2 3b 80 80 f2 3b 3b f2 3b 39 38 39 3a f2 f2 e4 e4 f2 f2 3a f2 e4 f2 3a 39 37 80 84 81 82 81 f2 3a 6a 69 65 63 3a 81 84 82 82 81 3b 82
23:52:14 | WARNING  | LONG RUN | type=LITERAL offset=0x0002A675 ctrl=0x3F len=63 data=52 6e 65 44 44 4e 80 81 f3 f3 84 81 f2 3b 3b f2 3b 44 37 38 3b f2 3a 37 6e 3b 3a 3b 80 80 f2 3a 6e 44 65 63 4e 68 68 69 38 80 3b 3b 6e 37 38 3a 3a 3b f2 81 81 f2 f2 3b 3b 38 37 6e 38 3b f2
23:52:14 | WARNING  | LONG RUN | type=LITERAL offset=0x0002A6E0 ctrl=0x31 len=49 data=84 83 f2 44 81 f3 39 45 6a 6e 6a 37 b1 b8 b8 b1 e2 b1 b5 d1 b3 b3 d1 37 38 37 6a 3b e3 e3 f2 e4 84 82 f2 e2 dc c3 bd e4 e4 81 f2 3a 6e 6a 6d 6d 6e
23:52:14 | WARNING  | LONG RUN | type=REPEAT offset=0x0002A744 ctrl=0x81 len=65 data=04
23:52:14 | WARNING  | LONG RUN | type=LITERAL offset=0x0002A746 ctrl=0x39 len=57 data=80 6a 6a 45 6b 42 6d 43 6b 08 64 64 80 84 84 83 84 84 43 83 4c 84 29 83 83 81 c6 ba b1 b1 ba b1 e3 bd c2 f2 d1 b3 b5 bc b5 81 80 81 84 81 81 82 82 f2 81 67 63 33 ba ba c4
23:52:14 | WARNING  | LONG RUN | type=REPEAT offset=0x0002A780 ctrl=0xC8 len=136 data=c8
23:52:14 | WARNING  | LONG RUN | type=REPEAT offset=0x0002A782 ctrl=0xB3 len=115 data=e2
23:52:14 | WARNING  | LONG RUN | type=REPEAT offset=0x0002A784 ctrl=0x6E len=46 data=b3
23:52:14 | WARNING  | LONG RUN | type=REPEAT offset=0x0002A786 ctrl=0xE2 len=162 data=47
23:52:14 | WARNING  | LONG RUN | type=REPEAT offset=0x0002A788 ctrl=0xC6 len=134 data=04
23:52:14 | WARNING  | LONG RUN | type=REPEAT offset=0x0002A78A ctrl=0xC8 len=136 data=c8
23:52:14 | WARNING  | LONG RUN | type=REPEAT offset=0x0002A78C ctrl=0xBF len=127 data=c8
23:52:14 | WARNING  | LONG RUN | type=LITERAL offset=0x0002A99F ctrl=0x28 len=40 data=83 84 3a c6 ba c6 c3 bd e4 e4 c3 b3 b5 ae b3 c6 34 69 3b 82 82 81 3b e4 f2 6e 69 67 65 63 33 bc bc b3 37 c6 c6 b5 d1 c8
23:52:14 | WARNING  | LONG RUN | type=LITERAL offset=0x0002AA4B ctrl=0x2D len=45 data=65 65 64 42 6e 84 83 81 6a 38 38 6e 3b 81 84 b5 bc bc e2 37 68 64 64 37 38 52 3b 52 6a 6a 6e 39 52 52 6e 65 65 4e 68 68 65 4e 4e 50 44
23:52:14 | WARNING  | LONG RUN | type=LITERAL offset=0x0002AB3A ctrl=0x3F len=63 data=f2 3b 80 3b 3b 38 37 38 3a 81 81 3b f2 38 37 68 68 65 65 3a 80 80 3b f2 f2 81 82 80 39 f2 3b f2 e4 e4 39 d1 84 f3 84 44 f3 f3 83 83 84 3a 38 82 82 6e 65 69 6e 38 37 38 38 c3 37 36 36 d1 69
23:52:14 | WARNING  | LONG RUN | type=LITERAL offset=0x0002AC3F ctrl=0x2A len=42 data=6e 64 63 63 64 65 63 66 66 4d 3b 6a 69 65 64 6a 81 82 83 83 81 f2 6e 6e 6a 6a 69 65 6b 6e 69 65 69 65 6e 6a 69 69 68 68 6a 6b
23:52:14 | WARNING  | LONG RUN | type=LITERAL offset=0x0002AC9A ctrl=0x33 len=51 data=39 84 84 81 3a 3a 3b 52 3b 80 81 37 34 b3 b5 b5 6e 6a 37 38 6e 52 6e 52 69 69 6e 3a 3a 52 6e 48 4e 4e 65 45 68 68 65 44 4a 48 49 44 44 52 52 4a 4a 52 44
23:52:14 | WARNING  | LONG RUN | type=LITERAL offset=0x0002ACD0 ctrl=0x24 len=36 data=52 65 6a 69 4e 65 64 4d 4d 48 48 65 4e 4e 63 4e 48 68 65 69 68 65 65 69 65 48 4a 52 82 80 52 80 3b 3a f2 82
23:52:14 | WARNING  | LONG RUN | type=LITERAL offset=0x0002AD1D ctrl=0x3F len=63 data=83 80 82 80 f3 f3 81 f3 f3 83 6e 39 39 44 42 dc 4a f2 44 f2 50 6a 44 4e 45 49 4e 67 44 37 3b 81 82 f2 6e 6e 3a 3a 52 52 3b 3b f2 f2 3b 39 52 52 65 69 44 44 45 3b f3 f3 d5 f3 d5 d5 f3 f3 83
23:52:14 | WARNING  | LONG RUN | type=LITERAL offset=0x0002AD9D ctrl=0x25 len=37 data=6a 80 82 81 f2 f2 e3 3b 52 39 80 39 f2 e4 e4 f2 68 3a 83 f3 f2 37 80 83 f3 84 81 4a 44 69 6a 6e 6f 6d 6d 6e 38
23:52:14 | WARNING  | LONG RUN | type=LITERAL offset=0x0002AE00 ctrl=0x21 len=33 data=e2 d1 65 59 59 6b 64 65 d1 e2 c6 e2 e2 b3 d1 44 39 e4 e4 c2 f2 68 67 69 69 6a 6e 3b 6a 65 6a 3a 3b
23:52:14 | WARNING  | LONG RUN | type=LITERAL offset=0x0002AE34 ctrl=0x23 len=35 data=83 84 83 83 80 bd 82 d3 c3 b3 ba b1 b3 ba b1 b3 b8 b1 35 34 6e 6e 80 82 f2 3b 3b 3a 6e 45 ba b3 d1 36 c8
23:52:14 | WARNING  | LONG RUN | type=LITERAL offset=0x0002AFDA ctrl=0x27 len=39 data=69 6e 82 82 81 f2 f2 80 81 3a 3b f2 f2 e4 f3 84 3a 64 69 38 3b 3a 39 3a 83 83 f3 83 82 81 69 6d 76 6d 6d 6b 6b 6a 6a
23:52:14 | WARNING  | LONG RUN | type=LITERAL offset=0x0002B078 ctrl=0x21 len=33 data=84 f2 9c b8 ba b1 b3 b3 b1 ba ba b1 ba ba b5 68 67 80 81 f2 84 82 82 81 3b 38 d1 d0 36 b8 b8 c6 b8
23:52:14 | WARNING  | LONG RUN | type=LITERAL offset=0x0002B09E ctrl=0x37 len=55 data=c3 c0 c6 c6 dc dc c6 dc c6 c6 dc dc c6 dc dc c6 dc dc c0 c0 c1 dd c1 c6 c0 c3 dd d3 be 83 bd b5 e2 45 e2 c3 b1 e3 f3 f3 d3 c3 3b 6a 6e 6a 6a 6e 6a 6e 37 3a c3 b1 3b
23:52:14 | WARNING  | LONG RUN | type=LITERAL offset=0x0002B0DE ctrl=0x27 len=39 data=63 66 66 4e 4a 63 63 64 64 6e 82 80 80 3b 3b 52 6a 80 39 3a 84 82 82 81 6e 80 3a 6e 82 6a 69 6a 6a 68 65 64 6a 69 64
23:52:14 | WARNING  | LONG RUN | type=LITERAL offset=0x0002B1F6 ctrl=0x21 len=33 data=6a 6e 6e 38 39 3a 39 3b 80 80 82 82 3b 39 38 37 69 65 44 39 38 63 67 68 69 68 35 69 37 37 69 69 6e
23:52:14 | WARNING  | LONG RUN | type=LITERAL offset=0x0002B236 ctrl=0x23 len=35 data=3b 83 f3 83 83 84 80 68 6d 7b 6d 6b 6b 6a 44 44 68 65 68 68 67 68 39 44 44 e2 f2 83 e4 84 84 e4 82 81 e2
23:52:14 | WARNING  | LONG RUN | type=LITERAL offset=0x0002B281 ctrl=0x2A len=42 data=6a 6a 69 d1 68 5b 5b 59 6b 35 b8 b4 45 69 38 e4 c2 82 f2 4d 63 65 65 6b 69 6a 3b 81 81 80 6e 6d 6a 65 66 66 65 63 63 65 3b 83
23:52:14 | WARNING  | LONG RUN | type=LITERAL offset=0x0002B461 ctrl=0x23 len=35 data=38 35 44 e2 e3 e3 38 37 f2 83 83 84 84 83 6e 6b 7b 80 75 75 80 3b f2 3b 39 38 69 69 6e 37 f2 e3 e3 e4 c2
23:52:14 | WARNING  | LONG RUN | type=REPEAT offset=0x0002B4E4 ctrl=0x81 len=65 data=42
23:52:14 | WARNING  | LONG RUN | type=REPEAT offset=0x0002B4E6 ctrl=0x66 len=38 data=45
23:52:14 | WARNING  | LONG RUN | type=REPEAT offset=0x0002B4E8 ctrl=0x63 len=35 data=01
23:52:14 | WARNING  | LONG RUN | type=REPEAT offset=0x0002B4EA ctrl=0x81 len=65 data=53
23:52:14 | WARNING  | LONG RUN | type=REPEAT offset=0x0002B4EC ctrl=0x84 len=68 data=22
23:52:14 | WARNING  | LONG RUN | type=REPEAT offset=0x0002B4EE ctrl=0x83 len=67 data=83
23:52:14 | WARNING  | LONG RUN | type=REPEAT offset=0x0002B4F0 ctrl=0x84 len=68 data=80
23:52:14 | WARNING  | LONG RUN | type=REPEAT offset=0x0002B4F2 ctrl=0xC8 len=136 data=b1
23:52:14 | WARNING  | LONG RUN | type=REPEAT offset=0x0002B4F4 ctrl=0xBA len=122 data=b3
23:52:14 | WARNING  | LONG RUN | type=REPEAT offset=0x0002B4F6 ctrl=0xB1 len=113 data=c6
23:52:14 | WARNING  | LONG RUN | type=REPEAT offset=0x0002B4F8 ctrl=0xB1 len=113 data=c6
23:52:14 | WARNING  | LONG RUN | type=REPEAT offset=0x0002B4FA ctrl=0xBA len=122 data=b1
23:52:14 | WARNING  | LONG RUN | type=REPEAT offset=0x0002B4FC ctrl=0xB3 len=115 data=b8
23:52:14 | WARNING  | LONG RUN | type=REPEAT offset=0x0002B4FE ctrl=0xC6 len=134 data=b7
23:52:14 | WARNING  | LONG RUN | type=REPEAT offset=0x0002B500 ctrl=0xC6 len=134 data=bd
23:52:14 | WARNING  | LONG RUN | type=REPEAT offset=0x0002B502 ctrl=0xC2 len=130 data=3a
23:52:14 | WARNING  | LONG RUN | type=REPEAT offset=0x0002B504 ctrl=0x84 len=68 data=84
23:52:14 | WARNING  | LONG RUN | type=REPEAT offset=0x0002B506 ctrl=0x82 len=66 data=82
23:52:14 | WARNING  | LONG RUN | type=LITERAL offset=0x0002B508 ctrl=0x3B len=59 data=38 d1 d1 b3 b3 c8 c8 47 c6 09 dd c3 c3 c6 dd dc c6 c6 dc 43 dd 3f c3 dc c3 dc c6 dc c6 c0 c1 dd c1 c0 c3 c3 c6 bd 83 f3 39 33 33 d1 d1 c3 84 d5 be d3 e3 3a 6e 6e 6a 6e 6e 6a 6e
23:52:14 | WARNING  | LONG RUN | type=REPEAT offset=0x0002B544 ctrl=0x6E len=46 data=3a
23:52:14 | WARNING  | LONG RUN | type=REPEAT offset=0x0002B546 ctrl=0xB5 len=117 data=c3
23:52:14 | WARNING  | LONG RUN | type=LITERAL offset=0x0002B548 ctrl=0x3B len=59 data=39 3a 6a 64 64 63 63 64 64 63 66 63 48 4a 50 48 65 63 65 63 63 0b 64 58 63 65 38 81 83 f3 f3 3a 39 43 6e 15 3a 39 3a 3a 81 3b f2 84 82 3b 6a 65 65 69 65 6a 65 66 63 64 4a 43 e4
23:52:14 | WARNING  | LONG RUN | type=LITERAL offset=0x0002B63C ctrl=0x3A len=58 data=3a f2 82 82 3a 6e 6e 39 52 39 39 3a 6e 6a 6a 64 64 65 64 69 68 6e 6e 52 81 84 83 84 82 39 3b 84 82 83 f3 f3 d5 d5 f3 83 3b 6e 80 f2 69 65 6a 3b 52 3b 81 82 39 6e 6e 6a 6a 6e
23:52:14 | WARNING  | LONG RUN | type=LITERAL offset=0x0002B67E ctrl=0x3F len=63 data=44 38 3b 39 37 68 67 65 68 37 39 f2 3b 39 37 44 44 68 63 63 67 65 64 63 69 44 68 68 69 65 68 65 6a 80 82 81 80 81 81 82 81 80 39 3b 80 82 f3 82 d1 e2 dc dd dd dc e2 e3 83 f3 84 81 81 80 64
23:52:14 | WARNING  | LONG RUN | type=LITERAL offset=0x0002B8C0 ctrl=0x36 len=54 data=38 44 69 33 67 68 39 80 3b 39 37 37 38 38 37 4e 67 67 65 68 34 35 45 68 64 58 64 69 6e 81 82 80 80 81 80 82 3b 3b 39 3a 3b f2 83 f2 e2 dc e3 dd dd e2 e3 84 f3 83
23:52:14 | WARNING  | LONG RUN | type=LITERAL offset=0x0002B9D2 ctrl=0x34 len=52 data=42 42 e2 69 65 63 65 6b 6a 63 63 6a 6a 3b 80 81 84 82 81 6a 3b 39 3a 3b 80 3b 3b 80 81 f2 84 67 64 6b 4a c2 81 81 82 81 69 6a f3 f2 49 4d 4d 6e 6a 69 6e 39
23:52:14 | WARNING  | LONG RUN | type=REPEAT offset=0x0002BC2D ctrl=0x81 len=65 data=15
23:52:14 | WARNING  | LONG RUN | type=REPEAT offset=0x0002BC2F ctrl=0x65 len=37 data=6b
23:52:14 | WARNING  | LONG RUN | type=REPEAT offset=0x0002BC31 ctrl=0xF2 len=178 data=e4
23:52:14 | WARNING  | LONG RUN | type=REPEAT offset=0x0002BC33 ctrl=0x81 len=65 data=82
23:52:14 | WARNING  | LONG RUN | type=REPEAT offset=0x0002BC35 ctrl=0x82 len=66 data=81
23:52:14 | WARNING  | LONG RUN | type=REPEAT offset=0x0002BC37 ctrl=0x64 len=36 data=6a
23:52:14 | WARNING  | LONG RUN | type=REPEAT offset=0x0002BC39 ctrl=0x82 len=66 data=3a
23:52:14 | WARNING  | LONG RUN | type=REPEAT offset=0x0002BC3D ctrl=0x63 len=35 data=39
23:52:14 | WARNING  | LONG RUN | type=LITERAL offset=0x0002BC3F ctrl=0x3A len=58 data=6e 39 3a 52 45 80 03 3b f2 f2 45 52 03 6e 6a 69 43 63 0d 4d 44 3b e3 f2 39 39 3a 3b 3b 80 84 83 43 f2 42 52 42 6e 43 6a 06 69 6a 6e 38 6e 6e 44 52 0e 3a 39 6a 69 6a 69 6e 6e
23:52:14 | WARNING  | LONG RUN | type=REPEAT offset=0x0002BC7C ctrl=0x69 len=41 data=69
23:52:14 | WARNING  | LONG RUN | type=LITERAL offset=0x0002C022 ctrl=0x26 len=38 data=c8 c6 c3 dc c6 c6 dc dd c0 c0 dd c6 c6 c3 d3 dd dc dd dd c6 c6 3a 84 83 f2 bc f1 67 69 f2 f3 f3 d3 e3 f2 6e 39 6a
23:52:14 | WARNING  | LONG RUN | type=REPEAT offset=0x0002C076 ctrl=0x82 len=66 data=0b
23:52:14 | WARNING  | LONG RUN | type=REPEAT offset=0x0002C078 ctrl=0x65 len=37 data=6a
23:52:14 | WARNING  | LONG RUN | type=LITERAL offset=0x0002C07A ctrl=0x3B len=59 data=80 3b 66 66 50 bd e4 e4 44 81 02 80 6e 43 63 0f 65 6e 38 6e 6a 6e 3a f2 f2 80 80 81 80 3b 6e 43 6a 01 69 43 6e 01 6a 44 63 07 6a f2 82 f2 3a 3a 3b 43 f2 1b 84 f3 82 80 80 f2 69
23:52:14 | WARNING  | LONG RUN | type=LITERAL offset=0x0002C0B6 ctrl=0x38 len=56 data=39 39 6e 6a 65 63 69 39 6e 69 3b f2 52 3b 39 3a 6e 6a 69 44 6a 05 50 39 52 6e 6a 45 69 0e 68 4e 4e 48 48 6e 6a 6a 50 44 44 48 64 65 43 64 0b 6b 6b 6d 6d 6b 64 4e 69 69
23:52:14 | WARNING  | LONG RUN | type=LITERAL offset=0x0002C14E ctrl=0x2A len=42 data=3a 3a 3b f2 3a 6e 39 81 82 83 f3 83 3b 52 f3 83 83 82 3a 6e 69 69 65 6a 6a 38 3a 44 69 65 44 4a 4a dc 4a 3b f2 3b 52 3b 3b 39
23:52:14 | WARNING  | LONG RUN | type=LITERAL offset=0x0002C240 ctrl=0x23 len=35 data=83 81 82 c2 bd bd b5 b5 c3 b3 b1 b3 bc b3 bc b5 d1 67 f2 84 3a 82 82 84 83 f2 c3 e2 d1 c8 bf bf c8 c8 d1
23:52:14 | WARNING  | LONG RUN | type=LITERAL offset=0x0002C366 ctrl=0x29 len=41 data=81 42 e2 42 e2 4a 4e 4e 44 e3 38 44 6e 69 65 65 68 69 65 65 44 3b f2 39 6e 69 6a 52 6e 52 39 3b 3b 52 52 6e 69 65 63 38 3b
23:52:14 | WARNING  | LONG RUN | type=LITERAL offset=0x0002C392 ctrl=0x28 len=40 data=39 38 39 39 38 6e 81 f2 82 f3 f3 3b 84 83 82 3b 3b 3a 38 6e 69 64 6e 52 6e 6a 6e 6e 44 44 4a 42 4a 4a 38 3a 3b 39 f2 80
23:52:14 | WARNING  | LONG RUN | type=LITERAL offset=0x0002C79C ctrl=0x2F len=47 data=6a 6a 50 6e 50 44 44 48 65 65 48 48 69 48 44 69 65 65 45 4e 65 4e 4e 4d 4d 4e 65 48 65 64 63 64 65 4e 4e 63 69 48 44 44 4d 4d 59 4d 44 3a 81
23:52:14 | WARNING  | LONG RUN | type=LITERAL offset=0x0002C7FD ctrl=0x26 len=38 data=3b f2 f2 3b 83 6e 38 3a 39 52 52 3b 3b 52 52 6a 65 65 63 3a f2 39 6e 6e 39 3b 3a 39 3a 3a 39 3b 3a 3a 52 52 81 80
23:52:14 | WARNING  | LONG RUN | type=LITERAL offset=0x0002C885 ctrl=0x2F len=47 data=81 f2 3b 37 69 45 34 45 67 37 e4 81 f2 e4 3b 44 65 44 38 38 39 3b 82 f3 f3 bd c3 c6 c6 b8 bc bc b3 c8 c6 b1 b8 b1 c6 c6 b8 b8 c6 e2 c6 c3 c6
23:52:14 | WARNING  | LONG RUN | type=LITERAL offset=0x0002C909 ctrl=0x23 len=35 data=81 39 b3 b5 e2 b3 b1 b8 c6 c6 b8 b1 d1 b3 b1 ba c3 b3 b3 81 f2 39 84 84 f3 83 81 f2 b3 ba ba ca bc c8 c8
23:52:14 | WARNING  | LONG RUN | type=LITERAL offset=0x0002CAB8 ctrl=0x36 len=54 data=3a 3a 39 38 e3 e3 e2 e2 44 80 3a 81 3b 84 83 83 84 e4 82 f2 3b 3b f2 f2 3b 39 f2 f2 e4 82 82 84 84 e4 e4 84 83 81 81 84 83 81 3b 38 44 3a e4 83 83 82 e4 80 39 69
23:52:14 | WARNING  | LONG RUN | type=LITERAL offset=0x0002CC7C ctrl=0x24 len=36 data=f3 f3 83 80 83 84 82 83 f3 3b 83 f3 f3 3b 38 80 80 82 81 83 3c f3 e4 e4 f3 f3 81 45 45 44 44 4a 45 44 38 f2
23:52:14 | WARNING  | LONG RUN | type=LITERAL offset=0x0002CCB5 ctrl=0x2B len=43 data=3b 80 52 3b 52 65 65 63 63 68 3b 38 39 65 63 65 69 65 6a 6a 44 37 37 39 3a 3a f2 3a 3a 3b 3a 38 3a 3a 39 39 e3 f2 3a f2 e3 44 44
23:52:14 | WARNING  | LONG RUN | type=LITERAL offset=0x0002CCEB ctrl=0x3F len=63 data=3a 3b 3b f2 e4 e4 f2 3a 3b 38 3b 52 52 6e 69 39 3b f2 3b 37 6e 6a 3b 3a 6e 6e 6a 6d 3a 3a 6e 6d 6e 6a 67 67 65 64 65 84 84 f2 3b 3a 44 37 44 3b 69 68 44 3b 83 f3 83 84 84 81 80 3b f2 f2 3b
23:52:14 | WARNING  | LONG RUN | type=LITERAL offset=0x0002CDBC ctrl=0x22 len=34 data=82 82 81 3a 3b b3 b8 b1 ba b1 c6 b8 b1 b3 e2 b1 c6 b1 b8 c6 c6 b3 f2 81 d1 84 84 83 84 f2 37 d1 b7 b7
23:52:14 | WARNING  | LONG RUN | type=LITERAL offset=0x0002CF09 ctrl=0x25 len=37 data=52 6a 65 63 58 38 44 38 44 37 69 65 63 3a 39 6a 63 4e 68 68 37 39 39 38 6e 39 f2 f2 39 52 f2 f2 39 f2 f2 3a f2
23:52:14 | WARNING  | LONG RUN | type=LITERAL offset=0x0002CF31 ctrl=0x26 len=38 data=39 3a 4a 44 39 39 81 38 6a 39 3b 3b f2 3b 3b f2 f2 3a 3a 3b 80 3b 3b 39 69 6e 3a 44 34 45 45 68 6e 3a 3b 3a 38 6e
23:52:14 | WARNING  | LONG RUN | type=LITERAL offset=0x0002D006 ctrl=0x21 len=33 data=81 f2 f2 3a e2 c3 ae b3 b3 ba c3 b3 e2 e2 c8 c3 b8 b1 b1 b8 d3 82 d1 81 84 83 84 f2 38 bc b8 b7 b8
23:52:14 | WARNING  | LONG RUN | type=LITERAL offset=0x0002D138 ctrl=0x3F len=63 data=69 39 3b 6a 6e 6e f2 3b 3b 39 44 3a 6a 52 52 3a 3b 52 52 3b 6a 45 65 63 6e f2 80 3b 6e 44 44 65 39 f3 3c f3 f3 80 6e 67 65 68 69 6a 52 6e 44 38 44 44 39 f2 f2 e4 e4 f2 3b 37 37 38 3a 3a f2
23:52:14 | WARNING  | LONG RUN | type=LITERAL offset=0x0002D246 ctrl=0x27 len=39 data=81 84 e4 e4 c2 bd f2 d3 e3 c3 c3 d1 e2 c3 b8 c3 e2 b1 b1 b8 d3 be e2 f2 84 84 83 f2 38 37 b8 b8 c8 bf b8 b7 ba ba c4
23:52:14 | WARNING  | LONG RUN | type=LITERAL offset=0x0002D373 ctrl=0x35 len=53 data=83 f2 e4 83 83 81 37 37 45 44 4a 44 44 37 82 39 6a 6e 6a 6e 69 45 65 65 6e 6e 37 f2 f2 6a 38 52 6e 6e 52 52 3b 3a 52 3b 52 6e 6e 65 63 3a 39 f3 3c f3 f3 82 82
23:52:14 | WARNING  | LONG RUN | type=LITERAL offset=0x0002D4FE ctrl=0x21 len=33 data=c6 c6 e2 e2 ba b3 ba bc b3 d1 69 69 e2 b3 e2 37 37 6e 39 3b 80 3b 6e 6e 6a 65 4e 68 69 65 4e 4d 41
23:52:14 | WARNING  | LONG RUN | type=LITERAL offset=0x0002D5C5 ctrl=0x23 len=35 data=81 e4 84 83 6e e4 42 43 43 42 44 44 37 3a 3b 69 48 48 39 44 45 68 65 69 69 37 f2 81 3b 6a 6e 52 6e 52 52
23:52:14 | WARNING  | LONG RUN | type=LITERAL offset=0x0002D6AB ctrl=0x22 len=34 data=e3 d3 c3 e2 d1 44 45 45 e2 e4 e4 82 84 84 82 80 3b 3a 69 6b 6b 64 65 64 6a 63 66 66 63 64 6a 64 64 80
23:52:14 | WARNING  | LONG RUN | type=LITERAL offset=0x0002D758 ctrl=0x2F len=47 data=44 48 48 41 43 49 49 4e 4e 48 42 42 49 41 4e dc 44 4d 67 4d 49 45 68 45 49 4e 4d 4d 45 44 69 43 6e 38 3b 81 82 83 82 6d 6a 6a 82 f3 81 3b 3b
23:52:14 | WARNING  | LONG RUN | type=LITERAL offset=0x0002D7B0 ctrl=0x31 len=49 data=44 48 45 6e 3a 80 3a 3a 6e 50 80 82 81 3b 52 69 65 4e 81 f3 84 f3 83 82 52 3a 81 84 82 82 81 81 52 4a 4a 6e 44 68 68 69 68 65 69 69 44 69 45 69 69
23:52:14 | WARNING  | LONG RUN | type=REPEAT offset=0x0002D803 ctrl=0x81 len=65 data=33
23:52:14 | WARNING  | LONG RUN | type=REPEAT offset=0x0002D807 ctrl=0x84 len=68 data=83
23:52:14 | WARNING  | LONG RUN | type=REPEAT offset=0x0002D809 ctrl=0x84 len=68 data=e4
23:52:14 | WARNING  | LONG RUN | type=REPEAT offset=0x0002D80B ctrl=0xE4 len=164 data=81
23:52:14 | WARNING  | LONG RUN | type=REPEAT offset=0x0002D80D ctrl=0x82 len=66 data=f2
23:52:14 | WARNING  | LONG RUN | type=REPEAT offset=0x0002D80F ctrl=0xE4 len=164 data=42
23:52:14 | WARNING  | LONG RUN | type=LITERAL offset=0x0002D815 ctrl=0x37 len=55 data=37 3a 44 6a 6e 6e 3b 42 45 64 65 68 69 3b 84 84 37 6a 52 6e 52 52 3a 3b 3b 3a 3b 6e 52 6a 65 65 6a 6e 49 f3 1b 83 81 82 83 f3 84 83 81 3b 3a 44 69 65 65 44 69 65 69
23:52:14 | WARNING  | LONG RUN | type=REPEAT offset=0x0002D84D ctrl=0x68 len=40 data=67
23:52:14 | WARNING  | LONG RUN | type=REPEAT offset=0x0002D84F ctrl=0x69 len=41 data=69
23:52:14 | WARNING  | LONG RUN | type=REPEAT offset=0x0002D851 ctrl=0x6E len=46 data=3a
23:52:14 | WARNING  | LONG RUN | type=LITERAL offset=0x0002D853 ctrl=0x3A len=58 data=39 3a 43 f2 12 39 38 3b 4a 4a 44 38 3a 81 f2 f2 3b 38 6e 69 69 6e 3a 47 3b 08 3a 3a 6e 3a 6d 6d 6a 6e 4f 6a 0b 6d 6a 6d 6d 6b 6b 6d 6a 6a 3a 3b 4d 6e 01 6a 43 6e 16 39 3b 3b
23:52:14 | WARNING  | LONG RUN | type=REPEAT offset=0x0002D88E ctrl=0x80 len=64 data=81
23:52:14 | WARNING  | LONG RUN | type=LITERAL offset=0x0002D890 ctrl=0x3B len=59 data=38 37 45 65 65 36 36 67 38 45 4d 4d 44 e2 e3 e3 45 f2 45 e4 42 82 42 83 43 f2 02 38 37 43 44 0b 69 69 44 45 37 45 44 44 38 69 3a 45 83 43 f3 09 84 83 f3 84 3b 3b 6e 39 39 43 6a
23:52:14 | WARNING  | LONG RUN | type=LITERAL offset=0x0002D8CC ctrl=0x28 len=40 data=6e 6a 6a 65 6a 6e 6e 38 3a 38 3a 39 f2 39 45 3b 6e 38 3a 39 3a 3a 38 44 38 6e 6e 39 39 e3 e3 dd e2 e2 d1 44 45 45 37 e4
23:52:14 | WARNING  | LONG RUN | type=LITERAL offset=0x0002D912 ctrl=0x26 len=38 data=82 84 83 83 81 f2 39 38 82 84 e3 44 67 81 84 82 81 3b 3b 3a 38 38 39 39 3b f2 81 81 80 82 83 84 84 3a c3 c8 d0 d0
23:52:14 | WARNING  | LONG RUN | type=LITERAL offset=0x0002D991 ctrl=0x2C len=44 data=44 69 d1 d1 44 69 6e 6e 52 38 37 3b 3b 52 3a 52 6a 50 48 49 4e 45 48 49 48 49 49 4e e3 38 6a 69 67 45 44 69 44 45 4e 4d 4e 4e 44 44
23:52:14 | WARNING  | LONG RUN | type=LITERAL offset=0x0002DA43 ctrl=0x28 len=40 data=48 44 e4 83 84 82 e4 f2 38 44 43 3f 38 f2 f2 39 44 69 6e 6a 65 42 4a 64 65 69 69 82 81 f2 44 38 6e 6e 52 39 3b 3b 80 3a
23:52:14 | WARNING  | LONG RUN | type=LITERAL offset=0x0002DB19 ctrl=0x39 len=57 data=38 38 39 3a 3a 3b 39 37 6e 69 39 6a 39 3b f2 39 39 f2 38 39 3a 44 44 37 3a 3a e2 44 d1 34 44 38 82 82 e4 81 82 81 69 68 6e 6e 69 65 65 64 64 63 3a 81 82 80 3b 6a 6a 63 6a
23:52:14 | WARNING  | LONG RUN | type=LITERAL offset=0x0002DB8C ctrl=0x28 len=40 data=c3 dc c3 dd c3 dc c0 c0 c1 dd c3 c3 f2 82 82 3b 69 34 45 44 37 82 f3 83 38 38 37 38 6e e2 6a 6e 6e 6a 38 37 38 b5 b5 3a
23:52:14 | WARNING  | LONG RUN | type=LITERAL offset=0x0002DC83 ctrl=0x22 len=34 data=49 65 4e 45 48 f2 f3 3b e4 38 39 f2 3a f2 f2 3b 3a 38 44 52 69 6a 6a 44 4a 4a 45 69 37 3b 82 f2 44 6a
23:52:14 | WARNING  | LONG RUN | type=LITERAL offset=0x0002DD89 ctrl=0x2B len=43 data=80 3a 6a 67 82 82 81 81 82 84 84 be e4 f2 e3 3a f2 81 81 82 e4 f2 69 3a 39 81 38 39 81 81 38 33 f1 67 69 38 3b 3b f2 81 e4 e4 3b
23:52:14 | WARNING  | LONG RUN | type=LITERAL offset=0x0002DF14 ctrl=0x29 len=41 data=83 3b 69 39 4a f2 3b 81 f2 3a f2 f2 52 3b 80 f2 e2 f2 44 6e 3a 6e 69 6e 6a 69 3a 6e 6a 69 6e 65 6a 65 64 6a 3b 3a 6a 6a 6d
23:52:14 | WARNING  | LONG RUN | type=LITERAL offset=0x0002DFD8 ctrl=0x21 len=33 data=f2 6a 82 82 80 82 f3 bd f2 f3 c2 81 81 e4 c2 e4 82 84 82 e4 f2 3a 44 39 80 80 44 f2 82 3b 68 66 66
23:52:14 | WARNING  | LONG RUN | type=LITERAL offset=0x0002E1F0 ctrl=0x3A len=58 data=37 69 65 6e 38 6e e3 44 e3 f2 39 38 3a 39 69 44 39 3a 6e 3b 3a 37 6e 3a 3b 39 38 3b 3a 39 3b 3a f2 69 39 e3 3a 44 3a f2 44 69 37 69 6e 80 82 3b 44 6a 65 64 6a 6e 58 69 39 80
23:52:14 | WARNING  | LONG RUN | type=LITERAL offset=0x0002E441 ctrl=0x3F len=63 data=44 44 69 6e 3a 38 38 f2 3b 3a 6e 39 f2 37 e3 f2 38 38 f2 f2 37 39 39 44 39 81 82 81 39 45 67 63 69 6e 6e 69 6a 6e 38 39 3a 3a 3b f2 81 84 f3 f3 bd f2 f2 e4 82 e4 f2 3a 38 69 37 3b 3b 81 82
23:52:14 | WARNING  | LONG RUN | type=LITERAL offset=0x0002E4B2 ctrl=0x22 len=34 data=c3 3b 81 e4 e4 82 39 37 d1 d1 44 37 37 81 f3 f3 f2 e3 f2 6e 6a 6e 6a 6a 6e 44 6e 38 37 39 d1 b5 3b 39
23:52:14 | WARNING  | LONG RUN | type=LITERAL offset=0x0002E5A4 ctrl=0x25 len=37 data=63 66 63 65 63 63 64 f2 84 3b 3b 38 3a 38 52 44 65 65 4e 64 65 3b 42 4a 48 4a 42 f2 81 81 84 83 3a 6a 6a 6e 6e
23:52:14 | WARNING  | LONG RUN | type=LITERAL offset=0x0002E6CE ctrl=0x22 len=34 data=82 3b 68 65 69 3b 3b 80 81 bd 3a 44 69 44 41 e4 f3 f3 f2 3b 81 f2 e4 82 84 82 82 f2 38 b4 d0 b8 b8 bc
23:52:14 | WARNING  | LONG RUN | type=LITERAL offset=0x0002E745 ctrl=0x23 len=35 data=e2 d1 51 51 34 35 b4 b3 d1 d1 bc b4 69 36 44 d1 e2 e2 b3 34 65 69 35 35 34 45 45 36 36 b4 b4 35 d1 b4 d1
23:52:14 | WARNING  | LONG RUN | type=LITERAL offset=0x0002E82A ctrl=0x28 len=40 data=82 f3 83 80 6e 69 3b 3b 83 f3 f2 6e 80 f3 f3 84 f2 3b 39 44 f2 80 52 f2 81 39 4a 6e 3b 82 84 3a 39 3a 3a 39 39 3b 6e 52
23:52:14 | WARNING  | LONG RUN | type=LITERAL offset=0x0002E8C6 ctrl=0x32 len=50 data=38 6e 6e 6a 6e 6e 38 6e 37 44 37 44 e3 3a 3a 6e 3b 3b 69 65 6e 67 68 65 69 44 6e 39 3a 3a 37 3a f2 f2 39 6e 38 39 69 e3 f2 e3 38 f2 f2 39 39 f2 6a 38
23:52:14 | WARNING  | LONG RUN | type=LITERAL offset=0x0002E8FB ctrl=0x2F len=47 data=68 3b 81 3a 45 67 65 68 6a 69 63 3b 3b 45 44 37 38 39 39 3b 82 81 81 3b 37 69 63 69 37 39 3a 3b 38 37 e2 e3 81 81 82 82 84 84 81 3b 67 69 39
23:52:14 | WARNING  | LONG RUN | type=LITERAL offset=0x0002EA70 ctrl=0x2F len=47 data=83 84 3b 81 80 82 83 83 f3 f3 82 52 83 f3 f3 83 84 6e f2 38 f2 3b f2 3b 6e 3a 6e 3b f2 f2 3b 6e 81 81 38 6e 39 69 65 6a 6a 6e f2 f2 80 80 3b
23:52:14 | WARNING  | LONG RUN | type=LITERAL offset=0x0002EB14 ctrl=0x37 len=55 data=39 38 44 f2 3a 37 38 39 38 6e 3b 3b 65 69 44 69 65 65 6e 38 37 45 45 44 69 38 e3 f2 f2 6e 38 39 37 37 38 38 39 f2 e3 38 e3 e3 6e f2 3a 3b 82 3b 69 3b 82 f2 37 64 67
23:52:14 | WARNING  | LONG RUN | type=LITERAL offset=0x0002EB9B ctrl=0x33 len=51 data=84 81 3b 81 82 3a 37 e2 dc e2 e2 f2 f2 83 f3 82 37 3b 3a 38 6e 6a 69 6a 6a 44 38 6e 39 e2 d1 3b 3a 39 52 6e 6e 52 6e 3b 80 e4 f2 e3 dd c3 c3 c6 c6 c3 c3
23:52:14 | WARNING  | LONG RUN | type=LITERAL offset=0x0002ED45 ctrl=0x3F len=63 data=38 39 3a 3b 39 38 38 6e 6e 69 38 e2 e2 44 81 81 37 e3 e3 f2 e4 e4 f2 52 3a 3b 6e 6a 6a 38 6a 6a 6e 68 69 44 38 f2 f2 39 3a 38 38 3a e4 e4 3a 39 69 48 65 44 38 f2 39 4e 4d 4e 69 6a 69 37 44
23:52:14 | WARNING  | LONG RUN | type=LITERAL offset=0x0002ED8A ctrl=0x30 len=48 data=38 38 39 f2 3a 37 f2 39 6e f2 3b 80 82 82 80 69 6e 81 81 3a 68 68 44 65 68 39 f2 f1 34 67 34 34 67 45 69 f2 38 38 3a 38 38 37 37 38 f2 f2 3b f2
23:52:14 | WARNING  | LONG RUN | type=LITERAL offset=0x0002EF1A ctrl=0x2F len=47 data=83 3b 6e 3a f2 e3 69 48 4e 68 3b 3b 80 80 3b 81 80 6a 69 3b f2 f2 3a 6e 6a 6a 3b 52 65 4a 6a 80 6a 6b 6a 6a 6d 6d 6a 6a 6e 3b 83 80 3b 3b 81
23:52:14 | WARNING  | LONG RUN | type=LITERAL offset=0x0002EFC8 ctrl=0x21 len=33 data=67 67 69 6a 6e 38 39 3a f2 39 39 f2 38 39 3b 3a 81 81 82 82 f2 45 44 82 81 81 38 44 37 44 58 80 39
23:52:14 | WARNING  | LONG RUN | type=LITERAL offset=0x0002EFF8 ctrl=0x27 len=39 data=82 81 82 82 84 81 84 84 83 82 f2 39 80 84 82 84 83 3a 6a 6d 6a 6b 65 69 3a 80 80 81 81 80 3b 3a 6e 3b 3b 82 82 c2 c2
23:52:14 | WARNING  | LONG RUN | type=LITERAL offset=0x0002F022 ctrl=0x22 len=34 data=84 c2 82 84 84 82 e3 45 35 37 f2 83 f3 f3 37 37 36 38 c3 c3 d3 81 f3 f3 f2 e3 f2 38 6e 6e 6a 6a 6e 6a
23:52:14 | WARNING  | LONG RUN | type=LITERAL offset=0x0002F0F7 ctrl=0x22 len=34 data=38 4a 44 e2 42 3b 39 38 6e 4a 3a 3b f2 52 52 6e 6a 6a 69 69 68 68 4e 4e 68 65 69 6a 44 6a 6e 6a 6e 6a
23:52:14 | WARNING  | LONG RUN | type=LITERAL offset=0x0002F1E9 ctrl=0x2C len=44 data=39 f2 f2 3a 39 f2 f2 e3 e4 f2 f2 3a 37 63 65 3b 38 3a 39 44 65 58 f2 e4 38 6e 6a 6e 69 68 69 69 6e 6e 69 69 37 69 38 38 6e 3a 3a 3b
23:52:14 | WARNING  | LONG RUN | type=LITERAL offset=0x0002F218 ctrl=0x23 len=35 data=82 82 f2 44 45 3a 82 e4 f2 39 37 37 44 82 3a 38 45 34 33 41 e3 f2 36 d1 3a f2 82 82 e4 f2 f2 81 81 80 f2
23:52:14 | WARNING  | LONG RUN | type=LITERAL offset=0x0002F434 ctrl=0x25 len=37 data=f2 3b 3a f2 e4 f2 44 f2 6a 69 39 6e 63 69 3b 37 f2 f2 69 63 68 f2 6e 6e 69 44 6e 6a 69 6a 37 38 38 37 6e 69 7f
23:52:14 | WARNING  | LONG RUN | type=LITERAL offset=0x0002F55B ctrl=0x24 len=36 data=65 f2 e4 44 f2 44 e3 dc 83 f3 f3 83 4a 42 42 44 44 3b 52 3a 44 4a 52 80 f2 f2 3b 3b 6a 80 80 3b 3b 80 3b 3b
23:52:14 | WARNING  | LONG RUN | type=REPEAT offset=0x0002F5B0 ctrl=0x83 len=67 data=01
23:52:14 | WARNING  | LONG RUN | type=LITERAL offset=0x0002F5B2 ctrl=0x3A len=58 data=43 83 43 f3 08 83 82 82 f3 f3 83 f3 84 46 f3 13 3c f3 d5 d5 f3 80 39 6e f2 4a 69 69 65 65 69 6e 69 39 6a 43 65 06 64 6e f2 39 3a 3a 44 f2 04 39 6a 6e 3a 43 3b 0d 39 6a 6d 6a
23:52:14 | WARNING  | LONG RUN | type=REPEAT offset=0x0002F5ED ctrl=0x6D len=45 data=6a
23:52:14 | WARNING  | LONG RUN | type=REPEAT offset=0x0002F5EF ctrl=0x6A len=42 data=3b
23:52:14 | WARNING  | LONG RUN | type=REPEAT offset=0x0002F5F1 ctrl=0x82 len=66 data=80
23:52:14 | WARNING  | LONG RUN | type=REPEAT offset=0x0002F5F3 ctrl=0x6D len=45 data=6b
23:52:14 | WARNING  | LONG RUN | type=REPEAT offset=0x0002F5F5 ctrl=0xF3 len=179 data=44
23:52:14 | WARNING  | LONG RUN | type=LITERAL offset=0x0002F5F7 ctrl=0x3C len=60 data=05 f3 f3 83 83 f3 44 3c 07 f3 6d 6b 80 7b 6d 6a 45 6d 07 80 f3 6a 6b 3b 3a 3a 49 3b 42 80 43 3b 15 80 3b 52 52 3b 3b 6e 6e 3a 6a 69 68 6a 65 63 64 69 69 45 44 6e 43 3b 0d f2 f2 39
23:52:14 | WARNING  | LONG RUN | type=REPEAT offset=0x0002F634 ctrl=0x6E len=46 data=80
23:52:14 | WARNING  | LONG RUN | type=REPEAT offset=0x0002F636 ctrl=0x80 len=64 data=3b
23:52:14 | WARNING  | LONG RUN | type=LITERAL offset=0x0002F638 ctrl=0x3A len=58 data=6e 39 38 6e 38 44 6e 0e 38 6e 39 52 3b 3b 39 6e 80 80 3a 3a 39 38 43 6e 3a 3b 3b 6e 39 38 69 38 3a 3a 38 39 6e 6e 69 6e 6e 38 f2 f2 e4 3a 39 38 3a f2 3a 39 69 65 69 37 38 37
23:52:14 | WARNING  | LONG RUN | type=REPEAT offset=0x0002F673 ctrl=0x68 len=40 data=66
23:52:14 | WARNING  | LONG RUN | type=REPEAT offset=0x0002F675 ctrl=0x6E len=46 data=39
23:52:14 | WARNING  | LONG RUN | type=LITERAL offset=0x0002F677 ctrl=0x39 len=57 data=37 37 38 38 6e 6a 38 6e 38 6e 38 3a 69 39 38 37 6e 3b 3b e4 44 81 0b 80 81 81 3b 69 35 37 f2 81 3a 37 43 44 04 68 68 44 3a 43 f2 05 81 bd 82 f2 82 47 81 04 f2 f2 81 82 43
23:52:14 | WARNING  | LONG RUN | type=REPEAT offset=0x0002F6B1 ctrl=0x81 len=65 data=07
23:52:14 | WARNING  | LONG RUN | type=REPEAT offset=0x0002F6B3 ctrl=0x82 len=66 data=81
23:52:14 | WARNING  | LONG RUN | type=REPEAT offset=0x0002F6B5 ctrl=0x81 len=65 data=82
23:52:14 | WARNING  | LONG RUN | type=REPEAT offset=0x0002F6B7 ctrl=0x84 len=68 data=82
23:52:14 | WARNING  | LONG RUN | type=LITERAL offset=0x0002F6B9 ctrl=0x3B len=59 data=43 81 0e 82 82 80 39 6a 6e 6a 6a 6b 69 80 81 80 80 43 81 16 f2 81 6a 6a 69 65 63 6a 6e 3b f3 f3 83 83 84 82 84 f3 e4 84 83 83 43 f3 26 80 44 35 b3 e2 e2 3b c3 f3 f3 82 39 e3 38
23:52:14 | WARNING  | LONG RUN | type=REPEAT offset=0x0002F6F5 ctrl=0x6A len=42 data=38
23:52:14 | WARNING  | LONG RUN | type=REPEAT offset=0x0002F6F7 ctrl=0x6E len=46 data=69
23:52:14 | WARNING  | LONG RUN | type=REPEAT offset=0x0002F6F9 ctrl=0x6A len=42 data=6a
23:52:14 | WARNING  | LONG RUN | type=REPEAT offset=0x0002F6FB ctrl=0x69 len=41 data=6e
23:52:14 | WARNING  | LONG RUN | type=LITERAL offset=0x0002F6FF ctrl=0x39 len=57 data=d1 3a 39 52 52 6a 52 52 6e 3b 80 c2 3b 43 b5 43 c3 04 b1 c3 c6 e2 47 b3 5b e2 03 37 37 38 4a e2 03 b1 c6 c6 47 e2 01 b3 45 e2 01 b3 44 e2 42 d1 42 b3 44 e2 03 bd f3 81 43
23:52:14 | WARNING  | LONG RUN | type=LITERAL offset=0x0002F739 ctrl=0x3B len=59 data=01 80 43 3b 09 f2 83 81 6e 3b b1 c6 c3 c3 46 e2 42 d1 42 b3 43 c6 1a e2 68 65 3a 50 48 f2 38 f2 65 65 f2 65 65 68 44 44 50 52 52 dc 4a 4a e3 44 42 46 4a 43 52 0f 4a 6a 6a 68 69
23:52:14 | WARNING  | LONG RUN | type=REPEAT offset=0x0002F775 ctrl=0x69 len=41 data=6e
23:52:14 | WARNING  | LONG RUN | type=REPEAT offset=0x0002F777 ctrl=0x6A len=42 data=69
23:52:14 | WARNING  | LONG RUN | type=REPEAT offset=0x0002F779 ctrl=0x6A len=42 data=6a
23:52:14 | WARNING  | LONG RUN | type=REPEAT offset=0x0002F77B ctrl=0x65 len=37 data=65
23:52:14 | WARNING  | LONG RUN | type=REPEAT offset=0x0002F77D ctrl=0x6A len=42 data=e4
23:52:14 | WARNING  | LONG RUN | type=LITERAL offset=0x0002F781 ctrl=0x2A len=42 data=4a 4a dc f2 f3 f3 3b 69 68 48 44 39 6a 39 6e 44 dc 80 f2 3b 3b 6a 52 6a 81 3b 52 3b 3b 44 84 83 83 82 82 83 3b 6a 69 65 6a 6a
23:52:14 | WARNING  | LONG RUN | type=LITERAL offset=0x0002F846 ctrl=0x22 len=34 data=3a 3a 3b 3b 6a 6a 65 65 69 69 45 68 44 38 f2 3b 6e 6e 69 68 67 67 3a 80 84 82 80 39 3a 6e 44 6e 6e 38
23:52:14 | WARNING  | LONG RUN | type=LITERAL offset=0x0002FB36 ctrl=0x2E len=46 data=84 69 b4 b8 b3 44 44 3a f2 f3 83 3a 37 3b 6e 38 6e 6a 69 6a 69 6a 6e 6a 6e 39 d1 39 3a 3a 52 6e 3a 52 39 80 81 e4 e3 c3 e2 c3 b5 c3 c3 b1
23:52:14 | WARNING  | LONG RUN | type=LITERAL offset=0x0002FBDD ctrl=0x25 len=37 data=84 6e 65 68 69 38 3b 3a 3a 6e 4a 52 80 3a 6e 6a 6b 6e 3a f2 52 f2 3b 52 6a 84 83 80 3b 3b 81 3a 65 65 6b 65 65
23:52:14 | WARNING  | LONG RUN | type=LITERAL offset=0x0002FDD0 ctrl=0x2D len=45 data=d1 d1 37 3a 3a f2 f2 52 65 6e 39 f2 65 6e f2 6b 6b 6a 52 6a 64 80 84 6e 84 81 39 81 3b 52 38 44 44 4a 4a 42 38 6e 6a 6a 68 6e 69 69 6a
23:52:14 | WARNING  | LONG RUN | type=LITERAL offset=0x0002FED8 ctrl=0x3F len=63 data=52 6a 65 69 69 65 65 6e 69 45 45 6e 44 6e 52 3b 81 84 83 83 82 f2 81 3b 52 6a 6a 39 6e 6e 69 6e 39 39 52 6e 3b 3a 6e 6e 3a 38 3b f2 80 6e 39 38 38 80 f2 3b 39 69 6a 44 38 3a 38 6e 6e 6a 6e
23:52:14 | WARNING  | LONG RUN | type=LITERAL offset=0x0002FF80 ctrl=0x31 len=49 data=82 81 81 82 84 84 80 68 68 36 d1 35 37 e2 83 f3 f3 c3 c3 37 38 6e 6e 69 44 6a 69 6e 69 6a 38 f2 3b 3a 6e 52 6e 52 52 6e 3a 81 82 81 39 e2 e2 b3 e2
23:52:14 | WARNING  | LONG RUN | type=LITERAL offset=0x0002FFF6 ctrl=0x38 len=56 data=b3 ba b3 bc 37 38 3b 84 83 84 52 6e f2 65 6a 39 3b 6e f2 f2 6a 69 6a 50 48 3b 84 6a 81 84 6e 82 82 6e 82 f2 52 3b 52 52 69 45 69 6e 68 69 f2 f2 3b 6e 69 65 63 e4 e3 e4
23:52:14 | WARNING  | LONG RUN | type=LITERAL offset=0x0003019D ctrl=0x3F len=63 data=f2 81 80 6e 6e 6a 6a 69 63 6e 69 6a 80 81 84 83 84 84 e4 84 84 f2 d1 36 3b 84 84 82 44 36 35 35 b4 e2 38 f3 f3 83 e2 e3 3a 37 6e 6e 69 4a 50 69 6e 69 6a 39 80 f2 3b 39 52 6a 52 3a 6e 3b 81
23:52:14 | WARNING  | LONG RUN | type=LITERAL offset=0x00030250 ctrl=0x3F len=63 data=80 3a 3b 83 3b f2 83 6e 52 84 6e 6a 50 4f 4a 69 69 84 e3 6e 52 4a e3 44 44 f2 44 e4 44 f2 6e 3a 44 4a 42 42 4a 65 68 6e 3a 6a 52 6e 4a 4a 52 3b 3b 52 80 3b 6e 3b 52 3a 52 3b 3b 80 6a 82 82
23:52:14 | WARNING  | LONG RUN | type=LITERAL offset=0x000302DB ctrl=0x2C len=44 data=6e f2 83 f3 f3 6e 3a 52 f2 f2 69 65 69 69 80 6e 6a 6a 69 6b 6b 6a 65 3a f2 39 69 65 64 6e 3b 3b 80 52 6a 6e 6a 64 65 64 6a 80 80 6a
23:52:14 | WARNING  | LONG RUN | type=LITERAL offset=0x0003031D ctrl=0x26 len=38 data=6a 6d 6d 83 6d 64 6b 65 6b 65 6e 38 6a 4e 4e 4d 69 6a 4e 6a 52 6e 6e 52 3a 6a 69 6e 6a 68 6e 6a 69 6a 6a 6e 3a 3b
23:52:14 | WARNING  | LONG RUN | type=LITERAL offset=0x0003034D ctrl=0x2B len=43 data=52 3b 80 3b 6e 6e 6a 6a 81 52 6e 3a 6a 6e 3a 52 82 80 80 83 3b 6e 39 39 6e 39 6e 52 52 6a 65 63 6b 6a 6e 3b 3a 6e 6e 3b 6e 3a 80
23:52:14 | WARNING  | LONG RUN | type=LITERAL offset=0x00030462 ctrl=0x3F len=63 data=e2 e2 be be f2 3a 3a 3b f2 80 65 63 65 69 65 67 34 68 68 36 36 e2 b3 b3 d1 d1 b5 f2 82 84 be bd c3 b0 33 82 f2 39 f2 3a 52 64 3b 39 f2 69 64 3a 45 48 44 50 48 44 4a 69 52 6e 52 39 82 81 4a
23:52:14 | WARNING  | LONG RUN | type=LITERAL offset=0x000304A2 ctrl=0x26 len=38 data=84 3a 6a 4e 4a 4f 4a 65 f2 e3 dd 38 6e 4a 42 42 4a f2 f2 44 f2 52 6a 3a 44 4a 44 4a 4a 44 69 3a 39 6e 52 4a 4a 39
23:52:14 | WARNING  | LONG RUN | type=LITERAL offset=0x0003050E ctrl=0x30 len=48 data=39 39 69 64 69 3a 80 3b 80 52 52 6a 6a 65 69 69 65 6a 6a 69 69 65 6a 65 69 69 6a 3a 3a 3b f2 38 65 69 6b 6b 6a 69 6e 6a 69 52 6a 65 3a 3b 3b 6e
23:52:14 | WARNING  | LONG RUN | type=LITERAL offset=0x0003055C ctrl=0x3B len=59 data=6a 6d 6d 6a 6a 6d 6b 6a 6a 6d 80 83 6b 6b 6a 6b 65 69 80 3b 4a 48 49 4d 44 6e 65 6e 6a 4e 69 80 f2 6e 50 38 65 68 6e 6e 48 44 44 6e 69 6a 6a 6e 6a 52 6a 69 3a 3b 3b 80 80 3b 3b
23:52:14 | WARNING  | LONG RUN | type=LITERAL offset=0x0003059C ctrl=0x37 len=55 data=80 3b 52 6a 6a f3 83 84 80 6a 3a 6e 3b 3a 6e 6e 3b 83 3b 6e 3a 6e 6e 39 52 6a 6e 6b 64 65 69 6a 6a 3a 80 3b 80 3b 39 6e 6a 39 3b 80 3b 3a 6e 39 38 6e 6e 69 6e 39 39
23:52:14 | WARNING  | LONG RUN | type=LITERAL offset=0x000305FF ctrl=0x22 len=34 data=83 f3 84 81 f2 e4 e4 82 81 82 81 82 82 f2 81 3b 6e 69 69 6e 37 69 66 3a 82 84 f2 65 80 82 82 81 81 f2
23:52:14 | WARNING  | LONG RUN | type=LITERAL offset=0x00030635 ctrl=0x33 len=51 data=38 39 39 38 39 38 38 3a 3b 3a 38 68 63 44 82 82 81 81 82 81 44 44 f2 e4 82 38 68 66 69 3a d1 3b f3 f3 f2 b5 f2 6e 6e 39 6e 69 6e 69 44 52 6a 6e 6e 80 81
23:52:14 | WARNING  | LONG RUN | type=LITERAL offset=0x000306C5 ctrl=0x3F len=63 data=34 b5 e2 e3 bd 83 83 84 f2 b5 b5 b3 b4 b4 37 3b 3b 69 f2 39 f2 65 6e 3b 3a 6a 6b 38 69 48 48 4e 48 44 50 4a f2 f2 81 3b 6a 4a f2 3b 6e 6a 42 52 52 4a 52 f2 e2 e3 45 38 4a 4a 42 42 e3 4a 44
23:52:14 | WARNING  | LONG RUN | type=LITERAL offset=0x000307AA ctrl=0x2B len=43 data=6d 6a 6d 6d 6a 6a 6d 83 80 6b 6b 6a 6b 65 3a 6a 3b f2 f2 3a 4a f2 38 6a 6e 6a 69 38 3b 80 44 41 49 52 6a 6a 6e 6a 6e 48 48 6a 69
23:52:14 | WARNING  | LONG RUN | type=LITERAL offset=0x00030809 ctrl=0x36 len=54 data=6e 3b 3b 3a 65 6b 6a 39 6e 6a 6a 39 80 39 6e 38 39 38 6e 37 6e 39 6e 6e 38 39 6e 6a 69 69 68 69 6e 6e 6a 6a 69 69 6e 6a 6e 3b 3b 6e 3b 6e e2 38 38 44 44 39 80 84
23:52:14 | WARNING  | LONG RUN | type=LITERAL offset=0x0003088E ctrl=0x2E len=46 data=f2 37 37 3b 81 82 3b 6e 3b 81 80 44 f2 83 83 e2 e2 f2 37 6e 52 69 6a 6e 69 6a 6e 6a 6e 52 80 3b 6e 52 6e 6e 52 52 38 3b 81 82 3b b5 b3 b3
23:52:14 | WARNING  | LONG RUN | type=LITERAL offset=0x00030927 ctrl=0x22 len=34 data=42 4a 52 f2 81 3b f2 3a 39 48 45 4e 42 4a 39 e4 f2 f2 4a 42 44 48 49 50 4a 44 4a dd 4a 4a 3b 6e 6e 42
23:52:14 | WARNING  | LONG RUN | type=LITERAL offset=0x00030A87 ctrl=0x2C len=44 data=80 3b 3a 38 44 45 37 3a f2 82 82 80 64 66 69 69 44 37 68 64 45 45 36 68 44 39 3b 3b 80 81 81 82 80 f2 e4 f2 f2 6e 68 3a 69 65 6a 3a
23:52:14 | WARNING  | LONG RUN | type=LITERAL offset=0x00030B37 ctrl=0x25 len=37 data=3b 3a b5 37 b3 e2 39 3b 3b 3a 38 6a 37 f2 f2 65 f2 39 f2 6e 38 39 3b 69 65 f2 63 63 4e 4e 49 44 4a 52 38 44 6a
23:52:14 | WARNING  | LONG RUN | type=LITERAL offset=0x00030B70 ctrl=0x3B len=59 data=48 4a e3 4a 52 6e 3a 52 38 4a 4a 42 4a 4d 4e 44 44 dc 4a 3b 3b 6a 52 81 6e 3b 3a 52 52 3a 52 39 6a 52 f3 f3 83 84 52 6b 6b 65 69 69 6a 65 6a 6a 52 44 65 6a 65 64 65 65 6b 6b 65
23:52:14 | WARNING  | LONG RUN | type=LITERAL offset=0x00030C42 ctrl=0x26 len=38 data=6e 52 3a 3a 39 69 65 38 6e 37 44 6e 48 4e 49 49 48 65 6b 69 6e 39 3a 3b 3a 6e 83 83 3b f2 39 6e 80 81 83 81 82 81
23:52:14 | WARNING  | LONG RUN | type=LITERAL offset=0x00030CED ctrl=0x33 len=51 data=82 f2 38 44 d1 81 84 82 80 69 44 44 45 83 f3 84 37 38 38 37 6e 6e 69 69 37 69 6e 69 69 6e 6e 81 f2 52 6e 6e 6a 3a 39 52 f2 82 81 38 d1 ba b3 ba b3 c6 e2
23:52:14 | WARNING  | LONG RUN | type=LITERAL offset=0x00030E04 ctrl=0x21 len=33 data=6e 38 3b 80 68 4e 48 6a 69 82 83 83 82 81 3b 6a 44 69 65 65 64 65 63 65 65 6a 48 65 65 4e 48 68 68
23:52:14 | WARNING  | LONG RUN | type=LITERAL offset=0x00030F8A ctrl=0x22 len=34 data=82 e2 b3 b3 69 38 3a 3a 39 6e 6a 69 6a 6e 3a 3b 80 6e 3a f2 65 4a 52 3b 69 65 f2 39 3b 3a 3a 39 4d 4e
23:52:14 | WARNING  | LONG RUN | type=LITERAL offset=0x00030FB7 ctrl=0x3F len=63 data=48 49 4a dd f2 4a 52 4a 52 4a 44 48 48 50 49 4a 4a e2 e3 44 52 6a 3b 42 52 4a f2 45 69 48 48 44 44 6e 65 6a 6a 6e 80 52 39 3a 3b f2 3b 52 81 f3 84 6a 82 6e 6a 6b 65 65 69 6a 6a 52 6a 3a 6a
23:52:14 | WARNING  | LONG RUN | type=LITERAL offset=0x0003102F ctrl=0x28 len=40 data=37 6e 3a 81 83 f3 f3 81 6e 6e 38 6a 6e 63 58 58 6a 65 69 69 4e 48 45 48 45 45 68 65 68 69 39 81 f2 6e 65 50 48 52 3b 6e
23:52:14 | WARNING  | LONG RUN | type=LITERAL offset=0x000311D8 ctrl=0x30 len=48 data=69 68 e4 69 52 f2 f2 6e 69 39 52 f2 f2 65 4a 65 4e 48 4e 45 42 49 49 50 6a 52 50 50 48 42 50 42 50 4a e3 dc 42 4a 48 4a 4a 4e 50 48 50 50 48 e3
23:52:14 | WARNING  | LONG RUN | type=LITERAL offset=0x000312ED ctrl=0x28 len=40 data=69 6a 65 65 63 65 65 69 6a 6e 6e 3b 80 52 6d 52 83 82 80 52 81 84 81 82 80 52 3b 81 84 3a 3b 3b 3a 6e 69 68 65 6a 6a 65
23:52:14 | WARNING  | LONG RUN | type=LITERAL offset=0x0003138D ctrl=0x22 len=34 data=82 38 81 f3 81 82 f3 3a 6e 38 3a 6e 69 44 69 6a 52 68 6a 6a 3b f2 6e 52 39 6e 3a 52 52 f2 f2 84 81 37
23:52:14 | WARNING  | LONG RUN | type=LITERAL offset=0x000313FB ctrl=0x3B len=59 data=3b 81 81 3b 3a 3a 39 38 69 6e 3b 38 38 3a 3b 3b 80 f2 f2 3b 3b 3a 65 65 f2 3b f2 f2 39 f2 65 65 f2 3a 39 65 6a 69 4d 4e 44 49 48 65 4e 65 48 6a 6a 4a 50 4a 50 48 48 50 42 4a e3
23:52:14 | WARNING  | LONG RUN | type=LITERAL offset=0x00031511 ctrl=0x22 len=34 data=69 3b 80 80 3a 39 38 6e 6a 68 65 65 64 63 65 65 6a 64 65 64 6a 67 35 6a 6e 80 80 3b 6e 6a 52 80 f3 84
23:52:14 | WARNING  | LONG RUN | type=LITERAL offset=0x00031597 ctrl=0x24 len=36 data=3b 38 37 69 45 38 81 39 45 45 44 d1 45 69 69 68 6e 69 44 69 45 35 69 68 37 6e 3b 81 81 3b 45 3b 38 67 64 3b
23:52:14 | WARNING  | LONG RUN | type=LITERAL offset=0x000315CA ctrl=0x21 len=33 data=f3 f3 84 82 82 52 6a 6e 38 69 69 6a 69 6e 38 52 6a 6e 3b f2 39 52 52 6e 3a 6e 52 80 81 84 3b b5 d1
23:52:14 | WARNING  | LONG RUN | type=LITERAL offset=0x00031645 ctrl=0x26 len=38 data=80 3b 3a 38 39 38 39 69 6e f2 e4 69 65 f2 f2 38 65 f2 6e f2 65 69 3a 64 4e 45 45 48 44 48 48 50 6a 6a 4e 49 42 4a
23:52:14 | WARNING  | LONG RUN | type=LITERAL offset=0x0003166E ctrl=0x31 len=49 data=43 dc 4a 45 dc 4a 52 50 48 48 42 42 48 42 4a 44 4a 4a 3b 44 39 f2 4a e3 dc 4a 69 65 45 44 65 64 69 65 65 68 68 65 64 65 48 6a f2 80 81 84 3b 69 69
23:52:14 | WARNING  | LONG RUN | type=LITERAL offset=0x00031741 ctrl=0x2C len=44 data=48 f2 84 3a 6e 6a 69 65 6a 6a 69 69 81 3b 80 3b 80 80 3b 3a 6e 6e 6a 65 63 6a 6a 69 65 64 6b 6a 33 69 6a 6a 3b 81 80 6a 6a 6d 52 83
23:52:14 | WARNING  | LONG RUN | type=LITERAL offset=0x000317F5 ctrl=0x24 len=36 data=82 81 69 d1 e2 e4 e4 83 f3 83 f3 83 f3 f3 83 b3 3a 39 6a 6e 6e 69 6a 6a 69 6e 6a 3b 6e 6a f2 f2 6e 52 6e 6e
23:52:14 | WARNING  | LONG RUN | type=LITERAL offset=0x000318F7 ctrl=0x27 len=39 data=52 52 6e 52 3b 3a f2 39 6e 3a 3b 3a 39 39 6e 68 6a 50 50 69 65 6e 38 3b 80 81 81 80 3b 3a 3b 6e 6e 38 6a 69 48 4e 6a
23:52:14 | WARNING  | LONG RUN | type=LITERAL offset=0x00031ABE ctrl=0x29 len=41 data=39 6e 39 38 3a 3b 39 37 37 f2 6a 69 f2 f2 65 6a 38 f2 f2 65 f2 38 3a 63 6a 39 4d 4e 45 45 48 48 49 48 48 6e 69 48 48 4a 50
23:52:14 | WARNING  | LONG RUN | type=LITERAL offset=0x00031C67 ctrl=0x22 len=34 data=69 39 f2 45 63 65 69 69 68 45 36 37 3a 3b f2 36 33 38 84 e4 e4 3b bc d1 f2 84 84 b5 b3 c3 3a 39 38 6e
23:52:14 | WARNING  | LONG RUN | type=LITERAL offset=0x00031D05 ctrl=0x2C len=44 data=f2 69 69 6e f2 69 65 f2 f2 65 64 52 f2 f2 65 f2 f2 65 4e 44 44 48 50 49 48 44 6a 6e 6a 48 50 50 48 50 50 48 4a dc dc 44 44 4a 42 42
23:52:14 | WARNING  | LONG RUN | type=LITERAL offset=0x00031D80 ctrl=0x29 len=41 data=52 6e 65 69 65 69 6e 6e 48 6a 6e 52 3a 3a 4a 50 6a 6e 38 6e 6e 3a 52 80 80 3b 6e 6e 3a 52 6a 6e 3b 39 6a 69 69 6a 69 6e 6e
23:52:14 | WARNING  | LONG RUN | type=LITERAL offset=0x00031EA5 ctrl=0x25 len=37 data=3b bc b4 f2 83 e4 b5 e2 b5 38 6e 6e 6a 69 6a 69 69 52 68 6a 52 39 80 3a 38 52 6e 6e 52 6e 3b f2 84 f2 36 d1 b3
23:52:14 | WARNING  | LONG RUN | type=LITERAL offset=0x00031F26 ctrl=0x2F len=47 data=3a 3a f2 38 69 69 e4 44 65 f2 38 3a 63 65 f2 3b 3b 39 3a 6b 64 4e 48 4e 50 50 48 69 69 6e 65 48 50 50 48 48 42 48 4a dc 44 4a 4a dc 4a 48 50
23:52:14 | WARNING  | LONG RUN | type=LITERAL offset=0x00031FC6 ctrl=0x2A len=42 data=6a 6e 6e 80 6e 6a 3a 3b 3a 6e 6e 6a 65 67 6a 3a f2 81 81 80 80 3b 3a 6e 69 6a 6a 64 63 63 65 38 6a 69 67 67 65 6b 64 6b 6b 6a
23:52:14 | WARNING  | LONG RUN | type=LITERAL offset=0x000320CE ctrl=0x23 len=35 data=45 44 69 69 44 45 44 82 84 82 84 f2 37 35 3b 83 82 b5 d1 37 6e 6e 6a 65 69 6a 69 69 3a 39 39 3a 3b 80 39
23:52:14 | WARNING  | LONG RUN | type=LITERAL offset=0x0003215F ctrl=0x3F len=63 data=80 3b 3b 52 3a 39 38 3a 3b 69 6a 3a 3b 69 3b f2 f2 69 65 52 3a f2 68 6e 6a 64 4e 48 48 49 49 48 50 50 6e 6e 4a 50 50 48 48 44 50 42 dc 44 4a dc 42 4a 48 50 42 48 42 48 4a 44 52 52 4a 4a dc
23:52:14 | WARNING  | LONG RUN | type=LITERAL offset=0x00032303 ctrl=0x24 len=36 data=f2 f2 e4 e4 c2 82 e4 81 81 f2 f2 36 34 b0 f1 45 68 f1 34 44 80 84 84 82 82 f2 69 36 82 83 82 b3 e2 38 37 38
23:52:14 | WARNING  | LONG RUN | type=LITERAL offset=0x000323CC ctrl=0x23 len=35 data=dc 45 52 4a 48 50 4a 4a 43 42 4a f2 4a 52 45 4a 48 4a 44 4e 4d 49 4d 44 44 42 50 38 f2 52 44 44 69 6a 6a
23:52:14 | WARNING  | LONG RUN | type=LITERAL offset=0x0003242B ctrl=0x25 len=37 data=52 6e 6e 65 6a 4e 68 69 68 4e 44 44 69 6a 69 65 3b 6e 67 6a 6a 68 65 6a 3a 81 82 6e 6e 3a 3b 3b 3a 39 6e 39 6e
23:52:14 | WARNING  | LONG RUN | type=LITERAL offset=0x00032540 ctrl=0x29 len=41 data=84 f2 81 82 81 f2 3a 38 39 3b 84 83 84 e4 82 84 3b 34 e2 c2 be bd b3 c3 39 37 38 6a 6a 6e 6a 68 6e 69 69 52 39 3b 3b 52 52
23:52:14 | WARNING  | LONG RUN | type=LITERAL offset=0x000325B8 ctrl=0x3F len=63 data=6a 38 38 39 6e 52 81 81 3b 3b 3a 6e 39 52 3b 3b 52 39 6e 6e 52 52 39 38 39 f2 39 38 39 3a f2 80 3b 39 6e 38 3b f2 f2 3b 6e 65 65 63 69 f2 39 69 3b e4 f2 64 38 f2 3b 65 39 f2 f2 6e 64 3a 44
23:52:14 | WARNING  | LONG RUN | type=LITERAL offset=0x00032A5C ctrl=0x29 len=41 data=39 6a 69 e4 69 65 3b f2 f2 68 37 3a f2 6a 65 3b 4d 4d 45 44 48 50 44 50 6a 6a 6e 44 48 50 48 49 50 42 48 4a 42 4a e3 4a 4a
23:52:14 | WARNING  | LONG RUN | type=LITERAL offset=0x00032B71 ctrl=0x3C len=60 data=6a 6a 6b 6b 64 69 6a 6a 69 6a 69 6d 6a 6b 6b 84 f3 80 3b 80 52 6a 6a 84 82 84 6e 84 81 3a 6e 3a 83 f3 6e 63 65 64 6b 64 69 69 6b 6a 69 6a 6a 69 6b 6a 6a 6e 6e 6a 6d 52 52 6d 6a 6d
23:52:14 | WARNING  | LONG RUN | type=LITERAL offset=0x00032C7F ctrl=0x3F len=63 data=80 39 6e 3b f2 6e 6a 6a 6e 52 52 3b 80 80 82 84 83 83 82 80 81 84 39 6e 6a 37 44 37 6e 6e 38 3a 3a 39 6e 3a 3b f2 69 63 3a 69 52 3a 6b 69 f2 6e 65 6a f2 3a 4d 65 3b 3b 39 3b 52 68 4d 48 45
23:52:14 | WARNING  | LONG RUN | type=LITERAL offset=0x00032DF9 ctrl=0x27 len=39 data=64 6b 6b 6a 6d 6d 6b 6b 6a 3a 3b 3a dd e2 6e 6a 84 81 f2 3b 39 52 39 3b 6a 69 6e 38 3a 3a 3b 81 81 80 80 52 52 6a 81
23:52:14 | WARNING  | LONG RUN | type=LITERAL offset=0x0003311B ctrl=0x25 len=37 data=39 39 6a 39 65 f2 6e 69 69 82 69 f2 52 3b 38 65 6a 3a 3b 69 65 f2 4e 4e 49 48 4e 44 45 49 49 48 48 44 48 50 44
23:52:14 | WARNING  | LONG RUN | type=LITERAL offset=0x000332C0 ctrl=0x21 len=33 data=38 69 34 33 9b 81 f2 e3 f2 f2 81 3b 82 84 81 3b f2 39 38 3a 6e 6a 6e 3a 6e 3a 6e 68 38 6e 69 38 44
23:52:14 | WARNING  | LONG RUN | type=LITERAL offset=0x00033353 ctrl=0x21 len=33 data=3a 6a 3a 69 6e f2 69 65 f2 81 39 6a 6e f2 65 65 3b 6a 3a 64 38 6e 4e 48 65 4e 48 48 49 48 44 44 50
23:52:14 | WARNING  | LONG RUN | type=LITERAL offset=0x000333C6 ctrl=0x28 len=40 data=6a 6a 6e 39 6a 6e 52 6e 64 63 65 6a 52 6a 6a 69 6a 6b 6b 6a 3b 3b 81 83 83 80 3a 82 82 6a 3b 82 82 6e 80 45 4a 6e 6e 39
23:52:14 | WARNING  | LONG RUN | type=LITERAL offset=0x00033690 ctrl=0x25 len=37 data=f3 52 6e 52 6a 80 82 f3 f3 3b 3b 52 6e 6a 6e 3a 3b 83 81 80 80 3b 6b 6b 65 64 65 6b 65 6b 6a 69 6b 6a 6b 6a 6b
23:52:14 | WARNING  | LONG RUN | type=LITERAL offset=0x00033732 ctrl=0x23 len=35 data=38 6e 6a 6e 38 f2 6e e3 c2 e4 e3 44 f1 e2 e2 bc b3 b3 bc b3 d0 b3 ba b4 d1 e2 c8 e2 36 d1 d1 37 f2 bd c2
23:52:14 | WARNING  | LONG RUN | type=LITERAL offset=0x000337BE ctrl=0x38 len=56 data=44 44 48 68 68 69 6e 44 42 48 44 48 50 50 48 4a 52 f2 f2 6a 48 44 48 48 45 4e 45 4d f1 63 45 42 f2 f2 e3 52 44 38 44 e3 4a 4a 65 69 65 6b 6b 69 38 4a e3 4a 39 3a 3a f2
23:52:14 | WARNING  | LONG RUN | type=LITERAL offset=0x00033A44 ctrl=0x31 len=49 data=84 6e 6a 69 6b 6b 6a 6d 64 44 6e 6e 6a 44 6a 6e 6e 6a 6a 69 65 63 63 65 81 83 83 84 84 81 81 3a 6a 6a 69 48 45 4e 63 64 65 52 80 52 6a 3a 3b 48 65
23:52:14 | WARNING  | LONG RUN | type=LITERAL offset=0x00033A7E ctrl=0x2C len=44 data=3a 3a 6a 6a 6b 6b 6a 6a 6b 6b 65 6a 6b 6a 69 64 65 69 45 39 81 3b 3a 39 6a 68 65 69 65 68 67 65 69 6a 6e 6e 3a 3a 3b 3b 3a 6e 6b 6b
23:52:14 | WARNING  | LONG RUN | type=LITERAL offset=0x00033B80 ctrl=0x26 len=38 data=6e 6e 39 52 52 3b 3a 52 39 52 52 3b 6a 6a 6e 69 6a 6a 6e 3b 81 82 83 83 82 81 f2 39 38 37 37 36 36 68 65 69 63 63
23:52:14 | WARNING  | LONG RUN | type=LITERAL offset=0x00033C44 ctrl=0x21 len=33 data=6e 6e 6a 6a 6e 6e 6a 6a 6e 3a 69 65 65 6b 69 82 83 f3 81 6e 6a 6a 65 6b 6a 52 6a 65 65 6a 6e 6e 6a
23:52:14 | WARNING  | LONG RUN | type=LITERAL offset=0x00033FDD ctrl=0x28 len=40 data=6e 37 6a 6e 38 6a 6b 6b 39 6a 65 f2 65 65 38 f2 f2 6a 3b 39 67 4d 3a f2 3b 64 6a 6e 6a 39 52 6e 44 48 44 6e 6e 39 52 44
23:52:14 | WARNING  | LONG RUN | type=LITERAL offset=0x0003409A ctrl=0x21 len=33 data=6a 6e 80 3b 3a 6e 6a 82 84 84 3b 6b 6a 6a 6b 6b 6a 65 6b 6d 69 6b 6a 38 6e 44 4e 68 4e 4e 4d 4d 67
23:52:14 | WARNING  | LONG RUN | type=REPEAT offset=0x000341D1 ctrl=0x81 len=65 data=22
23:52:14 | WARNING  | LONG RUN | type=LITERAL offset=0x000341D3 ctrl=0x39 len=57 data=82 f3 f3 82 38 37 6e 6a 6e 6a 6a 6b 6a 3a 65 3a 6e 65 69 f2 f2 59 3b 3a 44 4d 39 38 f2 69 68 f2 69 44 39 45 6e 0b 44 45 44 4a 4a 38 38 44 39 f2 3a 43 f2 01 e3 43 4a 02 49
23:52:14 | WARNING  | LONG RUN | type=REPEAT offset=0x0003420F ctrl=0xDC len=156 data=0b
23:52:14 | WARNING  | LONG RUN | type=REPEAT offset=0x00034211 ctrl=0xF2 len=178 data=e3
23:52:14 | WARNING  | LONG RUN | type=LITERAL offset=0x00034215 ctrl=0x38 len=56 data=44 68 44 69 69 6e 43 44 43 4a 02 3a 39 44 3a 05 6e 6a 69 39 84 4a f3 01 3a 44 4a 0b dd 42 49 52 f2 39 38 45 39 6e 39 44 6e 1b 3a 39 3a 39 6a 6a 6e 3a f3 84 80 81 82 f2
23:52:14 | WARNING  | LONG RUN | type=REPEAT offset=0x0003424E ctrl=0x69 len=41 data=3b
23:52:14 | WARNING  | LONG RUN | type=REPEAT offset=0x00034250 ctrl=0x6E len=46 data=81
23:52:14 | WARNING  | LONG RUN | type=REPEAT offset=0x00034252 ctrl=0x83 len=67 data=84
23:52:14 | WARNING  | LONG RUN | type=REPEAT offset=0x00034254 ctrl=0x82 len=66 data=83
23:52:14 | WARNING  | LONG RUN | type=REPEAT offset=0x00034256 ctrl=0xF3 len=179 data=84
23:52:14 | WARNING  | LONG RUN | type=LITERAL offset=0x00034258 ctrl=0x3B len=59 data=f2 52 43 6a 02 52 6e 43 6a 0f 65 69 83 f3 84 f2 f2 3b 80 82 84 82 3b 6e 6a 43 52 05 81 52 64 4e 4e 45 65 02 63 64 43 65 06 63 6b 6b 6a 6d 52 43 81 44 82 05 84 82 81 83 81 43 52
23:52:14 | WARNING  | LONG RUN | type=LITERAL offset=0x000343E3 ctrl=0x2F len=47 data=3a 3b 3a 38 38 37 37 44 d1 44 37 6e 65 37 38 38 39 69 6a 6b 6b 39 69 6e f2 3b f2 f2 50 64 38 52 52 44 f2 3b f2 f2 65 3a 44 52 38 38 6e 38 39
23:52:14 | WARNING  | LONG RUN | type=LITERAL offset=0x0003445D ctrl=0x28 len=40 data=38 6e 39 3a 6e 3b 6e 69 6a 6a 52 83 84 81 80 81 3b 65 39 3b 80 82 81 84 80 81 83 f3 d5 d5 84 f2 3b 3a 6e 6e 6a 65 5a 82
23:52:14 | WARNING  | LONG RUN | type=LITERAL offset=0x0003460C ctrl=0x27 len=39 data=3b 3a 39 37 44 37 38 39 3a 3a 65 6a 6b 6b 6e 52 3b f2 3a 68 37 f2 59 65 3b f2 f2 69 6e 38 f2 65 38 4a 6a 3a 3a 39 38
23:52:14 | WARNING  | LONG RUN | type=LITERAL offset=0x00034810 ctrl=0x29 len=41 data=3a f2 f2 3b 3a 69 63 66 37 3b 65 69 6a 6b 69 52 69 3a 39 65 68 f2 6a 64 3b f2 38 64 69 3b f2 69 38 48 50 52 3a 3b 3a 52 3a
23:52:14 | WARNING  | LONG RUN | type=LITERAL offset=0x0003484B ctrl=0x26 len=38 data=e4 e4 f2 f2 dd dc dd f2 3a 3a 39 f2 3a f2 3a 4a 48 65 69 68 69 37 6e 6e 52 3a 3b 52 69 65 65 4e 49 49 42 39 52 82
23:52:14 | WARNING  | LONG RUN | type=LITERAL offset=0x000348B1 ctrl=0x21 len=33 data=3b 39 6e 6e 80 81 39 69 6a 6e 52 65 65 4d 65 4e 65 65 69 65 69 6e 4d 64 63 63 64 63 65 6d 52 52 6d
23:52:14 | WARNING  | LONG RUN | type=LITERAL offset=0x00034936 ctrl=0x24 len=36 data=6a 6d 6d 81 6a 6b 6a 6b 6a 6b 6b 6a 6e 6e 6a 6e 6a 6a 69 69 6a 52 52 3b 80 3b 3b 52 3a 3b 3a 39 3a 39 6e 69
23:52:14 | WARNING  | LONG RUN | type=LITERAL offset=0x00034A16 ctrl=0x25 len=37 data=80 f2 80 80 3a 69 69 3a 81 69 6b 6a 6b 65 f2 65 65 f2 69 65 f2 f2 65 52 39 f2 65 65 3b 39 39 48 48 42 39 3a 52
23:52:14 | WARNING  | LONG RUN | type=LITERAL offset=0x00034A93 ctrl=0x3F len=63 data=63 44 84 f2 3b 52 50 49 4d 4e 4e 44 37 3b 81 81 80 83 f3 f3 82 84 83 83 82 f3 f2 38 81 84 84 80 f2 3b 81 82 82 80 3a 6a 3b 80 3b 6e 3b 52 6a 69 65 65 64 65 6b 63 66 64 65 63 64 64 63 64 6a
23:52:14 | WARNING  | LONG RUN | type=LITERAL offset=0x00034BE6 ctrl=0x29 len=41 data=50 6a 6a 39 3b 80 84 82 82 80 80 37 33 b0 d1 37 69 6a 6a 69 6a 69 69 6e 6a 52 6e 52 39 80 84 f3 f3 84 83 83 80 80 3b 3b f2
23:52:14 | WARNING  | LONG RUN | type=LITERAL offset=0x00034CA7 ctrl=0x39 len=57 data=81 81 3b 6e 69 44 49 4e 44 38 3b 3b 81 81 83 83 82 84 82 f2 3b 82 3a 80 80 3a 3b 81 82 81 82 84 81 81 80 6e 6e 3b 80 6b 48 64 65 63 65 65 64 65 63 64 64 65 64 63 6b 64 65
23:52:14 | WARNING  | LONG RUN | type=LITERAL offset=0x00034D28 ctrl=0x29 len=41 data=49 42 42 44 42 44 45 6b 6a 6a 6b 6a 6d 6b 6a 6b 6b 64 69 6b 6a 3a 65 80 6e 6e 6a 6b 6a 6b 6a 6b 6a 6e 38 38 39 6e 6a 6a 52
23:52:14 | WARNING  | LONG RUN | type=LITERAL offset=0x00035453 ctrl=0x2F len=47 data=f2 3b f2 3b 52 3b 3b 81 3a 37 f2 f2 52 39 52 f2 f2 52 6a 64 38 39 45 f2 82 3b f2 f2 81 81 82 81 81 80 80 3b 80 38 36 d1 37 69 37 38 3b 3b 80
23:52:14 | WARNING  | LONG RUN | type=LITERAL offset=0x00035485 ctrl=0x25 len=37 data=3a 38 6e 44 39 3b 6b 6a 6b 6a 6a 6b 6b f2 f2 3b 3b 65 65 f2 6e 65 39 80 38 48 48 42 4a 48 48 45 48 65 f2 81 e4
23:52:14 | WARNING  | LONG RUN | type=LITERAL offset=0x0003559C ctrl=0x2C len=44 data=6a 6b 6a 6a 6e 52 52 6e 6e 6a 3a 3b 3a 6a 65 65 6a 6e 6a 69 69 6a 6a 6e 3a 80 81 3b 80 81 81 80 81 39 39 3b 6a 6e 3b 6e 6e 6a 6a 6d
23:52:14 | WARNING  | LONG RUN | type=LITERAL offset=0x0003560A ctrl=0x25 len=37 data=3c 3c 83 f2 80 81 3b 80 3b 82 3c f3 f3 f2 3b 38 39 3b 3b f2 3b f2 f2 e2 d1 44 44 e2 e2 37 80 84 81 f2 6e 6a 52
23:52:14 | WARNING  | LONG RUN | type=LITERAL offset=0x000356A0 ctrl=0x26 len=38 data=37 39 3a f2 3b f2 3b 39 39 3a 6b 6a 6a 6b 6a 6b 6b 39 6e 69 f2 69 65 6e f2 64 6a 39 42 48 42 48 4a 4a 48 64 49 68
23:52:14 | WARNING  | LONG RUN | type=LITERAL offset=0x000359B0 ctrl=0x2B len=43 data=37 68 67 67 66 63 33 77 6c 63 6c 6c 6b 6a 6a 6d 6d 6b 6b 64 64 69 6a 6b 6b 64 69 6e 3a 39 39 3a 3b f2 80 3a 52 39 6b 6a 6b 6a 52
23:52:14 | WARNING  | LONG RUN | type=LITERAL offset=0x00035AE2 ctrl=0x3F len=63 data=81 82 81 f2 3a 45 63 65 34 69 f2 80 3a 80 81 81 82 81 81 80 81 f2 68 63 68 b1 b1 c0 c6 d1 b3 c6 c6 b1 e2 b1 b1 c6 c6 e2 e2 45 45 69 6b 6a 6b 6b 6a 6b 6b 3a 69 6e f2 65 65 3a 69 44 48 42 42
23:52:14 | WARNING  | LONG RUN | type=LITERAL offset=0x00035B54 ctrl=0x2C len=44 data=45 69 6e 80 3b 3a 44 69 65 65 6b 6a 50 6a 69 44 44 69 6e 6e 38 39 6a 6e 6e 6a 38 6e 38 38 6e 69 65 6a 3b f2 3a 68 65 80 3b f2 f2 3b
23:52:14 | WARNING  | LONG RUN | type=LITERAL offset=0x00035B8C ctrl=0x27 len=39 data=80 3b 3b 39 38 f2 f2 44 44 81 82 82 f2 f2 38 3a f2 81 f2 39 81 84 80 6a 45 80 3b 52 52 6b 64 63 64 63 6d 52 6d 52 6d
23:52:14 | WARNING  | LONG RUN | type=LITERAL offset=0x00035C2C ctrl=0x30 len=48 data=6a 69 6b 6a 6a 6e 65 69 6a 6b 65 65 6b 6b 6d 6b 6d 6b 6d 3b 81 84 84 82 81 81 80 6a 6a 6e 6a 3a 3b 6a 6e 6e 6a 52 6d 3b 52 3b 3b 3a 6d 6a 6a 52
23:52:14 | WARNING  | LONG RUN | type=LITERAL offset=0x00035C7E ctrl=0x26 len=38 data=4e 4d 63 64 65 69 6a 69 48 49 4e 4d 49 4e 4d 4e 4e 4d 63 4d 46 4d 37 39 81 83 f3 f3 82 52 6d 84 84 52 f2 80 6e 3b
23:52:14 | WARNING  | LONG RUN | type=LITERAL offset=0x00035D1D ctrl=0x21 len=33 data=f2 81 f3 f3 81 81 84 e4 82 81 81 82 3b 67 65 69 68 69 f2 81 3a 80 81 81 82 81 81 80 f2 f2 69 63 68
23:52:14 | WARNING  | LONG RUN | type=LITERAL offset=0x00035E2F ctrl=0x26 len=38 data=6b 6a 6b 6b 6a 69 38 36 b4 9b b3 b3 b4 38 36 35 34 7c 7c 35 36 9b 9b 94 77 51 66 63 77 77 6c 63 66 66 6c 6b 69 6a
23:52:14 | WARNING  | LONG RUN | type=LITERAL offset=0x00035FC8 ctrl=0x25 len=37 data=65 69 6b 6b 6a 6a 6b 6b 6a 69 69 6a 69 69 65 65 69 f3 e3 6e 81 39 6e 6a 6a 69 6a 6a 6e 6e 3a 39 52 52 3b 3b 52
23:52:14 | WARNING  | LONG RUN | type=LITERAL offset=0x00036259 ctrl=0x25 len=37 data=63 68 83 f3 f2 38 f2 84 f3 82 81 f2 f2 81 82 3a 39 3a 84 83 80 38 52 6e 69 52 68 6a 65 64 64 6b 80 81 81 52 6d
23:52:14 | WARNING  | LONG RUN | type=LITERAL offset=0x0003632E ctrl=0x36 len=54 data=38 38 6e 38 3b 80 6e 6e 3b 3a 38 37 44 44 65 65 64 6b 6b 59 39 63 4d 4d 68 65 4d 4d 4e 4e 4d 4d 66 4d 63 69 39 44 38 38 6a 81 39 4d 63 63 64 4d 4e 44 44 4e 4d 4d
23:52:14 | WARNING  | LONG RUN | type=LITERAL offset=0x0003638C ctrl=0x2A len=42 data=3b 3b 39 d1 bc ae b4 80 f2 42 38 45 38 f2 3b 52 6e 6a 65 65 36 35 d1 69 69 3a 3a 39 3a 6a 6e 3a 6e 44 f2 81 f2 81 81 3a e2 37
23:52:14 | WARNING  | LONG RUN | type=LITERAL offset=0x000363EA ctrl=0x28 len=40 data=3a 3a 3b f2 f2 3b 6e 65 64 44 6e 3a 3b 80 81 81 82 82 81 81 f2 80 45 68 68 69 35 37 37 39 39 65 68 6a 44 68 38 81 3b 3b
23:52:14 | WARNING  | LONG RUN | type=LITERAL offset=0x00036448 ctrl=0x36 len=54 data=4a 44 e2 44 37 37 69 69 37 39 38 38 4a 37 44 69 68 65 64 65 45 44 69 6a 6a 6e 80 6a 3b 69 52 6a 50 52 45 6b 69 69 6a 6a 6b 52 52 65 65 69 65 6a e4 f2 e4 6a 38 39
23:52:14 | WARNING  | LONG RUN | type=LITERAL offset=0x00036527 ctrl=0x32 len=50 data=6e 39 6e 39 3a 6e 6e 3a 39 6b 6a 6b 6a 6d 6d 6a 6d 6a 6b 6a 6b 6b 6e 6a 80 6d 6a 6b 6a 6b 6b 6a 6a 69 64 69 6e f2 f2 81 82 82 81 3b 3a 6e 6a 69 38 69
23:52:14 | WARNING  | LONG RUN | type=LITERAL offset=0x000365D0 ctrl=0x38 len=56 data=3b 3b f2 38 ae ae bc 37 84 3b 38 44 68 6a 3b f2 6e 6a 6b 65 67 68 67 bc 69 68 39 44 37 3a 6e 38 3b 39 3a 80 f2 f2 e4 f3 82 3a f2 3a 38 39 80 80 f2 f2 39 3b 3a 3b 3b 39
23:52:14 | WARNING  | LONG RUN | type=LITERAL offset=0x00036740 ctrl=0x3A len=58 data=6b 6b 69 45 68 67 35 35 37 69 36 68 67 6c 63 7f 37 9b 9b 95 a8 a8 95 95 94 a8 9b 8e 8e 77 6c 6c 6b 6d 6a 63 65 6b 6b 64 6e 3b 3a 3a 6e 6a 6e 39 3a 6b 6b 6a 6a 6d 6d 6b 6d 6d
23:52:14 | WARNING  | LONG RUN | type=LITERAL offset=0x0003680F ctrl=0x21 len=33 data=7f b0 ae bc 37 f2 39 69 69 63 6e 3a 52 6a 6e 6a 65 65 67 67 34 44 37 37 69 37 6e 44 6e 3a 39 80 81
23:52:14 | WARNING  | LONG RUN | type=REPEAT offset=0x0003695B ctrl=0x81 len=65 data=43
23:52:14 | WARNING  | LONG RUN | type=REPEAT offset=0x0003695F ctrl=0x63 len=35 data=09
23:52:14 | WARNING  | LONG RUN | type=REPEAT offset=0x00036961 ctrl=0x65 len=37 data=63
23:52:14 | WARNING  | LONG RUN | type=REPEAT offset=0x00036963 ctrl=0x63 len=35 data=64
23:52:14 | WARNING  | LONG RUN | type=REPEAT offset=0x00036965 ctrl=0x63 len=35 data=66
23:52:14 | WARNING  | LONG RUN | type=REPEAT offset=0x00036967 ctrl=0x64 len=36 data=6a
23:52:14 | WARNING  | LONG RUN | type=REPEAT offset=0x00036969 ctrl=0x6B len=43 data=44
23:52:14 | WARNING  | LONG RUN | type=REPEAT offset=0x0003696B ctrl=0x65 len=37 data=02
23:52:14 | WARNING  | LONG RUN | type=REPEAT offset=0x0003696D ctrl=0x6A len=42 data=6b
23:52:14 | DEBUG    | Decode complete (223682 bytes consumed)
23:52:14 | INFO     | Wrote C:\Users\Steven\My Drive\Emulators\Dosprogs\icr2\TRACKS\nash\htshotc.png
23:54:21 | DEBUG    | Decoding htshotc.stp (640x480)
23:54:21 | WARNING  | LONG COLOR RUN | color=0x15 len=65 pixels=1290..1354 src_offsets=0x0000049A
23:54:21 | WARNING  | LONG COLOR RUN | color=0x3B len=65 pixels=1413..1477 src_offsets=0x0000049C, 0x000004D8
23:54:21 | WARNING  | LONG COLOR RUN | color=0xF2 len=64 pixels=1478..1541 src_offsets=0x000004DA
23:54:21 | WARNING  | LONG COLOR RUN | color=0xD1 len=115 pixels=1600..1714 src_offsets=0x00000517
23:54:21 | WARNING  | LONG COLOR RUN | color=0xB5 len=115 pixels=1715..1829 src_offsets=0x00000519
23:54:21 | WARNING  | LONG COLOR RUN | color=0x42 len=65 pixels=11611..11675 src_offsets=0x00002753
23:54:21 | WARNING  | LONG COLOR RUN | color=0x44 len=164 pixels=11676..11839 src_offsets=0x00002755
23:54:21 | WARNING  | LONG COLOR RUN | color=0x01 len=178 pixels=11840..12017 src_offsets=0x00002757
23:54:21 | WARNING  | LONG COLOR RUN | color=0x49 len=64 pixels=12018..12081 src_offsets=0x00002759
23:54:21 | WARNING  | LONG COLOR RUN | color=0x12 len=178 pixels=12082..12259 src_offsets=0x0000275B
23:54:21 | WARNING  | LONG COLOR RUN | color=0xBB len=147 pixels=12260..12406 src_offsets=0x0000275D
23:54:21 | WARNING  | LONG COLOR RUN | color=0xB8 len=102 pixels=12407..12508 src_offsets=0x0000275F
23:54:21 | WARNING  | LONG COLOR RUN | color=0xA5 len=120 pixels=12509..12628 src_offsets=0x00002761
23:54:21 | WARNING  | LONG COLOR RUN | color=0xB8 len=235 pixels=12629..12863 src_offsets=0x00002763, 0x00002765
23:54:21 | WARNING  | LONG COLOR RUN | color=0xBC len=122 pixels=12864..12985 src_offsets=0x00002767
23:54:21 | WARNING  | LONG COLOR RUN | color=0x3B len=64 pixels=13156..13219 src_offsets=0x00002816
23:54:21 | WARNING  | LONG COLOR RUN | color=0x81 len=67 pixels=13277..13343 src_offsets=0x00002852
23:54:21 | WARNING  | LONG COLOR RUN | color=0x3A len=46 pixels=13403..13448 src_offsets=0x00002890
23:54:21 | WARNING  | LONG COLOR RUN | color=0x01 len=66 pixels=30637..30702 src_offsets=0x00006099
23:54:21 | WARNING  | LONG COLOR RUN | color=0x43 len=62 pixels=30703..30764 src_offsets=0x0000609B, 0x0000609D
23:54:21 | WARNING  | LONG COLOR RUN | color=0x01 len=35 pixels=30765..30799 src_offsets=0x0000609F
23:54:21 | WARNING  | LONG COLOR RUN | color=0x49 len=39 pixels=30800..30838 src_offsets=0x000060A1
23:54:21 | WARNING  | LONG COLOR RUN | color=0x05 len=35 pixels=30839..30873 src_offsets=0x000060A3
23:54:21 | WARNING  | LONG COLOR RUN | color=0x68 len=37 pixels=30874..30910 src_offsets=0x000060A5
23:54:21 | WARNING  | LONG COLOR RUN | color=0x45 len=39 pixels=30911..30949 src_offsets=0x000060A7
23:54:21 | WARNING  | LONG COLOR RUN | color=0x06 len=162 pixels=30955..31116 src_offsets=0x000060AB
23:54:21 | WARNING  | LONG COLOR RUN | color=0x6E len=41 pixels=31122..31162 src_offsets=0x000060AF
23:54:21 | WARNING  | LONG COLOR RUN | color=0x38 len=46 pixels=31163..31208 src_offsets=0x000060B1
23:54:21 | WARNING  | LONG COLOR RUN | color=0x05 len=66 pixels=48381..48446 src_offsets=0x00009A5D
23:54:21 | WARNING  | LONG COLOR RUN | color=0x69 len=37 pixels=48447..48483 src_offsets=0x00009A5F
23:54:21 | WARNING  | LONG COLOR RUN | color=0x06 len=66 pixels=49044..49109 src_offsets=0x00009C25
23:54:21 | WARNING  | LONG COLOR RUN | color=0x05 len=65 pixels=57387..57451 src_offsets=0x0000B7BE
23:54:21 | WARNING  | LONG COLOR RUN | color=0xE3 len=145 pixels=57517..57661 src_offsets=0x0000B7FE
23:54:21 | WARNING  | LONG COLOR RUN | color=0x43 len=147 pixels=57662..57808 src_offsets=0x0000B800
23:54:21 | WARNING  | LONG COLOR RUN | color=0x02 len=148 pixels=57809..57956 src_offsets=0x0000B802
23:54:21 | WARNING  | LONG COLOR RUN | color=0xD4 len=164 pixels=57957..58120 src_offsets=0x0000B804
23:54:21 | WARNING  | LONG COLOR RUN | color=0x09 len=65 pixels=83200..83264 src_offsets=0x00010D24
23:54:21 | WARNING  | LONG COLOR RUN | color=0x33 len=38 pixels=83265..83302 src_offsets=0x00010D26
23:54:21 | WARNING  | LONG COLOR RUN | color=0xDD len=310 pixels=83316..83625 src_offsets=0x00010D2A, 0x00010D2C
23:54:21 | WARNING  | LONG COLOR RUN | color=0x46 len=157 pixels=83626..83782 src_offsets=0x00010D2E
23:54:21 | WARNING  | LONG COLOR RUN | color=0x03 len=163 pixels=83783..83945 src_offsets=0x00010D30
23:54:21 | WARNING  | LONG COLOR RUN | color=0x39 len=117 pixels=83946..84062 src_offsets=0x00010D32
23:54:21 | WARNING  | LONG COLOR RUN | color=0xA4 len=38 pixels=95715..95752 src_offsets=0x00013337
23:54:21 | WARNING  | LONG COLOR RUN | color=0x03 len=65 pixels=95941..96005 src_offsets=0x000133E5
23:54:21 | WARNING  | LONG COLOR RUN | color=0x81 len=42 pixels=96006..96047 src_offsets=0x000133E7
23:54:21 | WARNING  | LONG COLOR RUN | color=0x44 len=178 pixels=96048..96225 src_offsets=0x000133E9
23:54:21 | WARNING  | LONG COLOR RUN | color=0xE3 len=167 pixels=96457..96623 src_offsets=0x000134D6, 0x000134D8
23:54:21 | WARNING  | LONG COLOR RUN | color=0xDD len=311 pixels=96624..96934 src_offsets=0x000134DA, 0x000134DC
23:54:21 | WARNING  | LONG COLOR RUN | color=0xE2 len=162 pixels=96935..97096 src_offsets=0x000134DE
23:54:21 | WARNING  | LONG COLOR RUN | color=0x43 len=156 pixels=97097..97252 src_offsets=0x000134E0
23:54:21 | WARNING  | LONG COLOR RUN | color=0x01 len=163 pixels=97253..97415 src_offsets=0x000134E2
23:54:21 | WARNING  | LONG COLOR RUN | color=0x43 len=342 pixels=97416..97757 src_offsets=0x000134E4, 0x000134E6
23:54:21 | WARNING  | LONG COLOR RUN | color=0x03 len=178 pixels=97758..97935 src_offsets=0x000134E8
23:54:21 | WARNING  | LONG COLOR RUN | color=0x69 len=42 pixels=97936..97977 src_offsets=0x000134EA
23:54:21 | WARNING  | LONG COLOR RUN | color=0x44 len=43 pixels=97978..98020 src_offsets=0x000134EC
23:54:21 | WARNING  | LONG COLOR RUN | color=0x0D len=41 pixels=98021..98061 src_offsets=0x000134EE
23:54:21 | WARNING  | LONG COLOR RUN | color=0xE2 len=162 pixels=98062..98223 src_offsets=0x000134F0
23:54:21 | WARNING  | LONG COLOR RUN | color=0xE3 len=156 pixels=98224..98379 src_offsets=0x000134F2
23:54:21 | WARNING  | LONG COLOR RUN | color=0xF2 len=163 pixels=98380..98542 src_offsets=0x000134F4
23:54:21 | WARNING  | LONG COLOR RUN | color=0xE3 len=178 pixels=98543..98720 src_offsets=0x000134F6
23:54:21 | WARNING  | LONG COLOR RUN | color=0x3A len=162 pixels=98721..98882 src_offsets=0x000134F8
23:54:21 | WARNING  | LONG COLOR RUN | color=0x0A len=65 pixels=103690..103754 src_offsets=0x0001452A
23:54:21 | WARNING  | LONG COLOR RUN | color=0x82 len=66 pixels=103755..103820 src_offsets=0x0001452C
23:54:21 | WARNING  | LONG COLOR RUN | color=0xF3 len=67 pixels=103821..103887 src_offsets=0x0001452E
23:54:21 | WARNING  | LONG COLOR RUN | color=0x83 len=179 pixels=103888..104066 src_offsets=0x00014530
23:54:21 | WARNING  | LONG COLOR RUN | color=0x84 len=68 pixels=104067..104134 src_offsets=0x00014532
23:54:21 | WARNING  | LONG COLOR RUN | color=0x83 len=67 pixels=104135..104201 src_offsets=0x00014534
23:54:21 | WARNING  | LONG COLOR RUN | color=0x03 len=65 pixels=104804..104868 src_offsets=0x00014751
23:54:21 | WARNING  | LONG COLOR RUN | color=0x82 len=42 pixels=104869..104910 src_offsets=0x00014753
23:54:21 | WARNING  | LONG COLOR RUN | color=0x45 len=164 pixels=104911..105074 src_offsets=0x00014755
23:54:21 | WARNING  | LONG COLOR RUN | color=0x02 len=178 pixels=105075..105252 src_offsets=0x00014757
23:54:21 | WARNING  | LONG COLOR RUN | color=0x02 len=179 pixels=105312..105490 src_offsets=0x00014795
23:54:21 | WARNING  | LONG COLOR RUN | color=0x84 len=67 pixels=105491..105557 src_offsets=0x00014797
23:54:21 | WARNING  | LONG COLOR RUN | color=0x0F len=65 pixels=113735..113799 src_offsets=0x00016374
23:54:21 | WARNING  | LONG COLOR RUN | color=0x83 len=66 pixels=113800..113865 src_offsets=0x00016376
23:54:21 | WARNING  | LONG COLOR RUN | color=0x81 len=66 pixels=113866..113931 src_offsets=0x00016378
23:54:21 | WARNING  | LONG COLOR RUN | color=0x84 len=67 pixels=113932..113998 src_offsets=0x0001637A
23:54:21 | WARNING  | LONG COLOR RUN | color=0xD1 len=117 pixels=113999..114115 src_offsets=0x0001637C
23:54:21 | WARNING  | LONG COLOR RUN | color=0x3B len=163 pixels=114116..114278 src_offsets=0x0001637E
23:54:21 | WARNING  | LONG COLOR RUN | color=0x37 len=63 pixels=114279..114341 src_offsets=0x00016380
23:54:21 | WARNING  | LONG COLOR RUN | color=0x6A len=42 pixels=114342..114383 src_offsets=0x00016382
23:54:21 | WARNING  | LONG COLOR RUN | color=0x44 len=41 pixels=114384..114424 src_offsets=0x00016384
23:54:21 | WARNING  | LONG COLOR RUN | color=0x0F len=42 pixels=114425..114466 src_offsets=0x00016386
23:54:21 | WARNING  | LONG COLOR RUN | color=0x69 len=41 pixels=114467..114507 src_offsets=0x00016388
23:54:21 | WARNING  | LONG COLOR RUN | color=0x39 len=42 pixels=114508..114549 src_offsets=0x0001638A
23:54:21 | WARNING  | LONG COLOR RUN | color=0x3B len=179 pixels=114666..114844 src_offsets=0x00016402
23:54:21 | WARNING  | LONG COLOR RUN | color=0x6A len=41 pixels=114900..114940 src_offsets=0x0001643C
23:54:21 | WARNING  | LONG COLOR RUN | color=0xF2 len=178 pixels=114941..115118 src_offsets=0x0001643E
23:54:21 | WARNING  | LONG COLOR RUN | color=0x0C len=65 pixels=120012..120076 src_offsets=0x000174A7
23:54:21 | WARNING  | LONG COLOR RUN | color=0x83 len=65 pixels=120077..120141 src_offsets=0x000174A9
23:54:21 | WARNING  | LONG COLOR RUN | color=0x82 len=65 pixels=120142..120206 src_offsets=0x000174AB
23:54:21 | WARNING  | LONG COLOR RUN | color=0x81 len=66 pixels=120207..120272 src_offsets=0x000174AD
23:54:21 | WARNING  | LONG COLOR RUN | color=0xB3 len=65 pixels=120273..120337 src_offsets=0x000174AF
23:54:21 | WARNING  | LONG COLOR RUN | color=0xF2 len=163 pixels=120338..120500 src_offsets=0x000174B1
23:54:21 | WARNING  | LONG COLOR RUN | color=0x80 len=43 pixels=120556..120598 src_offsets=0x000174EB
23:54:21 | WARNING  | LONG COLOR RUN | color=0xBD len=179 pixels=120599..120777 src_offsets=0x000174ED
23:54:21 | WARNING  | LONG COLOR RUN | color=0xF2 len=178 pixels=120778..120955 src_offsets=0x000174EF
23:54:21 | WARNING  | LONG COLOR RUN | color=0x6A len=46 pixels=121015..121060 src_offsets=0x0001752D
23:54:21 | WARNING  | LONG COLOR RUN | color=0x6E len=41 pixels=121061..121101 src_offsets=0x0001752F
23:54:21 | WARNING  | LONG COLOR RUN | color=0x39 len=46 pixels=121102..121147 src_offsets=0x00017531
23:54:21 | WARNING  | LONG COLOR RUN | color=0x0F len=65 pixels=121614..121678 src_offsets=0x000176D7
23:54:21 | WARNING  | LONG COLOR RUN | color=0x81 len=66 pixels=121679..121744 src_offsets=0x000176D9
23:54:21 | WARNING  | LONG COLOR RUN | color=0xF2 len=178 pixels=121804..121981 src_offsets=0x00017717
23:54:21 | WARNING  | LONG COLOR RUN | color=0x0B len=65 pixels=123172..123236 src_offsets=0x00017AFE
23:54:21 | WARNING  | LONG COLOR RUN | color=0x83 len=41 pixels=123237..123277 src_offsets=0x00017B00
23:54:21 | WARNING  | LONG COLOR RUN | color=0x81 len=66 pixels=123278..123343 src_offsets=0x00017B02
23:54:21 | WARNING  | LONG COLOR RUN | color=0x84 len=178 pixels=123344..123521 src_offsets=0x00017B04
23:54:21 | WARNING  | LONG COLOR RUN | color=0xE3 len=66 pixels=123522..123587 src_offsets=0x00017B06
23:54:21 | WARNING  | LONG COLOR RUN | color=0x81 len=162 pixels=123588..123749 src_offsets=0x00017B08
23:54:21 | WARNING  | LONG COLOR RUN | color=0x43 len=66 pixels=123750..123815 src_offsets=0x00017B0A
23:54:21 | WARNING  | LONG COLOR RUN | color=0x03 len=46 pixels=123816..123861 src_offsets=0x00017B0C
23:54:21 | WARNING  | LONG COLOR RUN | color=0xF2 len=37 pixels=124102..124138 src_offsets=0x00017BF3
23:54:21 | WARNING  | LONG COLOR RUN | color=0x03 len=65 pixels=127875..127939 src_offsets=0x0001883C
23:54:21 | WARNING  | LONG COLOR RUN | color=0x69 len=40 pixels=127940..127979 src_offsets=0x0001883E
23:54:21 | WARNING  | LONG COLOR RUN | color=0x43 len=41 pixels=127980..128020 src_offsets=0x00018840
23:54:21 | WARNING  | LONG COLOR RUN | color=0x0D len=68 pixels=128021..128088 src_offsets=0x00018842
23:54:21 | WARNING  | LONG COLOR RUN | color=0x84 len=66 pixels=128089..128154 src_offsets=0x00018844
23:54:21 | WARNING  | LONG COLOR RUN | color=0x81 len=68 pixels=128155..128222 src_offsets=0x00018846, 0x00018848
23:54:21 | WARNING  | LONG COLOR RUN | color=0x44 len=145 pixels=128285..128429 src_offsets=0x00018886
23:54:21 | WARNING  | LONG COLOR RUN | color=0x17 len=162 pixels=128430..128591 src_offsets=0x00018888
23:54:21 | WARNING  | LONG COLOR RUN | color=0x39 len=145 pixels=128596..128740 src_offsets=0x0001888C
23:54:21 | WARNING  | LONG COLOR RUN | color=0x43 len=41 pixels=128799..128839 src_offsets=0x000188C9
23:54:21 | WARNING  | LONG COLOR RUN | color=0x03 len=40 pixels=128840..128879 src_offsets=0x000188CB
23:54:21 | WARNING  | LONG COLOR RUN | color=0x68 len=33 pixels=142894..142926 src_offsets=0x0001B6E6
23:54:21 | WARNING  | LONG COLOR RUN | color=0x68 len=35 pixels=143535..143569 src_offsets=0x0001B8EE
23:54:21 | WARNING  | LONG COLOR RUN | color=0x68 len=42 pixels=144169..144210 src_offsets=0x0001BAF0
23:54:21 | WARNING  | LONG COLOR RUN | color=0x68 len=33 pixels=144820..144852 src_offsets=0x0001BCE6
23:54:21 | WARNING  | LONG COLOR RUN | color=0x36 len=34 pixels=146675..146708 src_offsets=0x0001C2FB
23:54:21 | WARNING  | LONG COLOR RUN | color=0x68 len=67 pixels=147986..148052 src_offsets=0x0001C701, 0x0001C703
23:54:21 | WARNING  | LONG COLOR RUN | color=0x68 len=55 pixels=148617..148671 src_offsets=0x0001C8ED
23:54:21 | WARNING  | LONG COLOR RUN | color=0x02 len=65 pixels=149094..149158 src_offsets=0x0001CA47
23:54:21 | WARNING  | LONG COLOR RUN | color=0x81 len=42 pixels=149159..149200 src_offsets=0x0001CA49
23:54:21 | WARNING  | LONG COLOR RUN | color=0x68 len=58 pixels=149359..149416 src_offsets=0x0001CAC7
23:54:21 | WARNING  | LONG COLOR RUN | color=0x68 len=79 pixels=149998..150076 src_offsets=0x0001CCBF, 0x0001CCC1
23:54:21 | WARNING  | LONG COLOR RUN | color=0x68 len=87 pixels=150630..150716 src_offsets=0x0001CEAE, 0x0001CEB0
23:54:21 | WARNING  | LONG COLOR RUN | color=0x12 len=65 pixels=150985..151049 src_offsets=0x0001CFA3
23:54:21 | WARNING  | LONG COLOR RUN | color=0x3A len=65 pixels=151050..151114 src_offsets=0x0001CFA5
23:54:21 | WARNING  | LONG COLOR RUN | color=0x81 len=64 pixels=151143..151206 src_offsets=0x0001CFAB
23:54:21 | WARNING  | LONG COLOR RUN | color=0x69 len=37 pixels=151207..151243 src_offsets=0x0001CFAD
23:54:21 | WARNING  | LONG COLOR RUN | color=0x45 len=41 pixels=151244..151284 src_offsets=0x0001CFAF
23:54:21 | WARNING  | LONG COLOR RUN | color=0x44 len=166 pixels=151285..151450 src_offsets=0x0001CFB1, 0x0001CFB3
23:54:21 | WARNING  | LONG COLOR RUN | color=0xDC len=162 pixels=151451..151612 src_offsets=0x0001CFB5
23:54:21 | WARNING  | LONG COLOR RUN | color=0x68 len=60 pixels=151906..151965 src_offsets=0x0001D09B
23:54:21 | WARNING  | LONG COLOR RUN | color=0x68 len=44 pixels=152502..152545 src_offsets=0x0001D270
23:54:21 | WARNING  | LONG COLOR RUN | color=0x68 len=59 pixels=152547..152605 src_offsets=0x0001D274
23:54:21 | WARNING  | LONG COLOR RUN | color=0x68 len=51 pixels=153139..153189 src_offsets=0x0001D444
23:54:21 | WARNING  | LONG COLOR RUN | color=0x68 len=54 pixels=153192..153245 src_offsets=0x0001D448
23:54:21 | WARNING  | LONG COLOR RUN | color=0x68 len=100 pixels=153777..153876 src_offsets=0x0001D61B, 0x0001D61D
23:54:21 | WARNING  | LONG COLOR RUN | color=0x68 len=67 pixels=154418..154484 src_offsets=0x0001D7F5, 0x0001D7F7
23:54:21 | WARNING  | LONG COLOR RUN | color=0x68 len=35 pixels=154489..154523 src_offsets=0x0001D7FD
23:54:21 | WARNING  | LONG COLOR RUN | color=0x68 len=89 pixels=155036..155124 src_offsets=0x0001D9C1, 0x0001D9C3
23:54:21 | WARNING  | LONG COLOR RUN | color=0x68 len=61 pixels=155673..155733 src_offsets=0x0001DB8B
23:54:21 | WARNING  | LONG COLOR RUN | color=0x68 len=38 pixels=156300..156337 src_offsets=0x0001DD65
23:54:21 | WARNING  | LONG COLOR RUN | color=0x68 len=69 pixels=156339..156407 src_offsets=0x0001DD69, 0x0001DD6B
23:54:21 | WARNING  | LONG COLOR RUN | color=0x68 len=87 pixels=156963..157049 src_offsets=0x0001DF3D, 0x0001DF3F
23:54:21 | WARNING  | LONG COLOR RUN | color=0x68 len=50 pixels=157607..157656 src_offsets=0x0001E0EF
23:54:21 | WARNING  | LONG COLOR RUN | color=0x68 len=33 pixels=157659..157691 src_offsets=0x0001E0F3
23:54:21 | WARNING  | LONG COLOR RUN | color=0x68 len=88 pixels=158210..158297 src_offsets=0x0001E28F, 0x0001E291
23:54:21 | WARNING  | LONG COLOR RUN | color=0x68 len=35 pixels=158299..158333 src_offsets=0x0001E295
23:54:21 | WARNING  | LONG COLOR RUN | color=0x68 len=131 pixels=158845..158975 src_offsets=0x0001E42C, 0x0001E42E, 0x0001E430
23:54:21 | WARNING  | LONG COLOR RUN | color=0x68 len=138 pixels=159482..159619 src_offsets=0x0001E5BA, 0x0001E5BC, 0x0001E5BE
23:54:21 | WARNING  | LONG COLOR RUN | color=0x68 len=51 pixels=160120..160170 src_offsets=0x0001E74E
23:54:21 | WARNING  | LONG COLOR RUN | color=0x68 len=107 pixels=160172..160278 src_offsets=0x0001E752, 0x0001E754
23:54:21 | WARNING  | LONG COLOR RUN | color=0x68 len=51 pixels=160761..160811 src_offsets=0x0001E8E3
23:54:21 | WARNING  | LONG COLOR RUN | color=0x68 len=90 pixels=160813..160902 src_offsets=0x0001E8E7, 0x0001E8E9
23:54:21 | WARNING  | LONG COLOR RUN | color=0x68 len=50 pixels=161402..161451 src_offsets=0x0001EA8A
23:54:21 | WARNING  | LONG COLOR RUN | color=0x68 len=89 pixels=161454..161542 src_offsets=0x0001EA8E, 0x0001EA90
23:54:21 | WARNING  | LONG COLOR RUN | color=0x68 len=114 pixels=162035..162148 src_offsets=0x0001EC27, 0x0001EC29
23:54:21 | WARNING  | LONG COLOR RUN | color=0x68 len=34 pixels=162152..162185 src_offsets=0x0001EC2F
23:54:21 | WARNING  | LONG COLOR RUN | color=0x68 len=43 pixels=162685..162727 src_offsets=0x0001EDBF
23:54:21 | WARNING  | LONG COLOR RUN | color=0x68 len=60 pixels=162729..162788 src_offsets=0x0001EDC3
23:54:21 | WARNING  | LONG COLOR RUN | color=0x68 len=35 pixels=162792..162826 src_offsets=0x0001EDC9
23:54:21 | WARNING  | LONG COLOR RUN | color=0x36 len=33 pixels=162861..162893 src_offsets=0x0001EDDA
23:54:21 | WARNING  | LONG COLOR RUN | color=0x68 len=39 pixels=163326..163364 src_offsets=0x0001EF4D
23:54:21 | WARNING  | LONG COLOR RUN | color=0x68 len=62 pixels=163366..163427 src_offsets=0x0001EF51
23:54:21 | WARNING  | LONG COLOR RUN | color=0x68 len=40 pixels=163430..163469 src_offsets=0x0001EF56
23:54:21 | WARNING  | LONG COLOR RUN | color=0x68 len=145 pixels=163967..164111 src_offsets=0x0001F0F1, 0x0001F0F3, 0x0001F0F5
23:54:21 | WARNING  | LONG COLOR RUN | color=0x68 len=144 pixels=164610..164753 src_offsets=0x0001F26E, 0x0001F270, 0x0001F272
23:54:21 | WARNING  | LONG COLOR RUN | color=0x02 len=65 pixels=165167..165231 src_offsets=0x0001F3BB
23:54:21 | WARNING  | LONG COLOR RUN | color=0x64 len=38 pixels=165232..165269 src_offsets=0x0001F3BD
23:54:21 | WARNING  | LONG COLOR RUN | color=0x68 len=54 pixels=165351..165404 src_offsets=0x0001F3F0
23:54:21 | WARNING  | LONG COLOR RUN | color=0x68 len=89 pixels=165406..165494 src_offsets=0x0001F3F4, 0x0001F3F6
23:54:21 | WARNING  | LONG COLOR RUN | color=0x68 len=50 pixels=165998..166047 src_offsets=0x0001F584
23:54:21 | WARNING  | LONG COLOR RUN | color=0x68 len=85 pixels=166050..166134 src_offsets=0x0001F589, 0x0001F58B
23:54:21 | WARNING  | LONG COLOR RUN | color=0x68 len=35 pixels=166638..166672 src_offsets=0x0001F70F
23:54:21 | WARNING  | LONG COLOR RUN | color=0x68 len=84 pixels=166690..166773 src_offsets=0x0001F717, 0x0001F719
23:54:21 | WARNING  | LONG COLOR RUN | color=0x69 len=44 pixels=166785..166828 src_offsets=0x0001F71D
23:54:21 | WARNING  | LONG COLOR RUN | color=0x68 len=44 pixels=167255..167298 src_offsets=0x0001F874
23:54:21 | WARNING  | LONG COLOR RUN | color=0x68 len=46 pixels=167315..167360 src_offsets=0x0001F87C
23:54:21 | WARNING  | LONG COLOR RUN | color=0x68 len=40 pixels=167898..167937 src_offsets=0x0001F9EF
23:54:21 | WARNING  | LONG COLOR RUN | color=0x68 len=42 pixels=167958..167999 src_offsets=0x0001F9F9
23:54:21 | WARNING  | LONG COLOR RUN | color=0x69 len=42 pixels=168080..168121 src_offsets=0x0001FA12
23:54:21 | WARNING  | LONG COLOR RUN | color=0x18 len=65 pixels=168273..168337 src_offsets=0x0001FA7A
23:54:21 | WARNING  | LONG COLOR RUN | color=0x6E len=64 pixels=168338..168401 src_offsets=0x0001FA7C
23:54:21 | WARNING  | LONG COLOR RUN | color=0x42 len=41 pixels=168402..168442 src_offsets=0x0001FA7E
23:54:21 | WARNING  | LONG COLOR RUN | color=0x48 len=172 pixels=168443..168614 src_offsets=0x0001FA80
23:54:21 | WARNING  | LONG COLOR RUN | color=0xF1 len=40 pixels=168623..168662 src_offsets=0x0001FA84
23:54:21 | WARNING  | LONG COLOR RUN | color=0x44 len=166 pixels=168667..168832 src_offsets=0x0001FA88, 0x0001FA8A
23:54:21 | WARNING  | LONG COLOR RUN | color=0x45 len=35 pixels=168902..168936 src_offsets=0x0001FACA
23:54:21 | WARNING  | LONG COLOR RUN | color=0x42 len=162 pixels=168941..169102 src_offsets=0x0001FACE
23:54:21 | WARNING  | LONG COLOR RUN | color=0x68 len=84 pixels=169312..169395 src_offsets=0x0001FB58, 0x0001FB5A
23:54:21 | WARNING  | LONG COLOR RUN | color=0x69 len=39 pixels=169446..169484 src_offsets=0x0001FB7B
23:54:21 | WARNING  | LONG COLOR RUN | color=0x68 len=90 pixels=169947..170036 src_offsets=0x0001FCB5, 0x0001FCB7
23:54:21 | WARNING  | LONG COLOR RUN | color=0x69 len=42 pixels=170087..170128 src_offsets=0x0001FCD9
23:54:21 | WARNING  | LONG COLOR RUN | color=0x68 len=67 pixels=170580..170646 src_offsets=0x0001FE2F, 0x0001FE31
23:54:21 | WARNING  | LONG COLOR RUN | color=0x69 len=41 pixels=170727..170767 src_offsets=0x0001FE59
23:54:21 | WARNING  | LONG COLOR RUN | color=0x68 len=66 pixels=171221..171286 src_offsets=0x0001FFA1, 0x0001FFA3
23:54:21 | WARNING  | LONG COLOR RUN | color=0x69 len=40 pixels=171367..171406 src_offsets=0x0001FFCA
23:54:21 | WARNING  | LONG COLOR RUN | color=0x68 len=65 pixels=171861..171925 src_offsets=0x00020110, 0x00020112
23:54:21 | WARNING  | LONG COLOR RUN | color=0x69 len=89 pixels=171998..172086 src_offsets=0x00020137, 0x00020139
23:54:21 | WARNING  | LONG COLOR RUN | color=0x68 len=88 pixels=172502..172589 src_offsets=0x00020259, 0x0002025B
23:54:21 | WARNING  | LONG COLOR RUN | color=0x69 len=78 pixels=172635..172712 src_offsets=0x0002027F, 0x00020281
23:54:21 | WARNING  | LONG COLOR RUN | color=0x68 len=47 pixels=173155..173201 src_offsets=0x000203A5
23:54:21 | WARNING  | LONG COLOR RUN | color=0x69 len=88 pixels=173285..173372 src_offsets=0x000203D1, 0x000203D3
23:54:21 | WARNING  | LONG COLOR RUN | color=0x68 len=57 pixels=173796..173852 src_offsets=0x000204F6
23:54:21 | WARNING  | LONG COLOR RUN | color=0x69 len=88 pixels=173927..174014 src_offsets=0x00020529, 0x0002052B
23:54:21 | WARNING  | LONG COLOR RUN | color=0x68 len=75 pixels=174419..174493 src_offsets=0x0002063B, 0x0002063D
23:54:21 | WARNING  | LONG COLOR RUN | color=0x69 len=90 pixels=174567..174656 src_offsets=0x00020674, 0x00020676
23:54:21 | WARNING  | LONG COLOR RUN | color=0x68 len=52 pixels=175032..175083 src_offsets=0x00020798
23:54:21 | WARNING  | LONG COLOR RUN | color=0x68 len=35 pixels=175085..175119 src_offsets=0x0002079C
23:54:21 | WARNING  | LONG COLOR RUN | color=0x69 len=105 pixels=175196..175300 src_offsets=0x000207DC, 0x000207DE
23:54:21 | WARNING  | LONG COLOR RUN | color=0x68 len=52 pixels=175672..175723 src_offsets=0x000208E3
23:54:21 | WARNING  | LONG COLOR RUN | color=0x68 len=46 pixels=175725..175770 src_offsets=0x000208E7
23:54:21 | WARNING  | LONG COLOR RUN | color=0x69 len=33 pixels=175870..175902 src_offsets=0x00020920
23:54:21 | WARNING  | LONG COLOR RUN | color=0x69 len=39 pixels=175905..175943 src_offsets=0x00020924
23:54:21 | WARNING  | LONG COLOR RUN | color=0x68 len=65 pixels=176334..176398 src_offsets=0x00020A25, 0x00020A27
23:54:21 | WARNING  | LONG COLOR RUN | color=0x69 len=57 pixels=176486..176542 src_offsets=0x00020A6B
23:54:21 | WARNING  | LONG COLOR RUN | color=0x69 len=38 pixels=176545..176582 src_offsets=0x00020A6F
23:54:21 | WARNING  | LONG COLOR RUN | color=0x68 len=63 pixels=176973..177035 src_offsets=0x00020B8D
23:54:21 | WARNING  | LONG COLOR RUN | color=0x69 len=33 pixels=177116..177148 src_offsets=0x00020BC9
23:54:21 | WARNING  | LONG COLOR RUN | color=0x69 len=37 pixels=177184..177220 src_offsets=0x00020BD1
23:54:21 | WARNING  | LONG COLOR RUN | color=0x68 len=41 pixels=177614..177654 src_offsets=0x00020CCC
23:54:21 | WARNING  | LONG COLOR RUN | color=0x69 len=90 pixels=177769..177858 src_offsets=0x00020D24, 0x00020D26
23:54:21 | WARNING  | LONG COLOR RUN | color=0x69 len=102 pixels=178396..178497 src_offsets=0x00020E67, 0x00020E69
23:54:21 | WARNING  | LONG COLOR RUN | color=0x69 len=100 pixels=179036..179135 src_offsets=0x00020F97, 0x00020F99
23:54:21 | WARNING  | LONG COLOR RUN | color=0x69 len=85 pixels=179676..179760 src_offsets=0x000210D4, 0x000210D6
23:54:21 | WARNING  | LONG COLOR RUN | color=0x69 len=37 pixels=179794..179830 src_offsets=0x000210E6
23:54:21 | WARNING  | LONG COLOR RUN | color=0x69 len=99 pixels=180316..180414 src_offsets=0x00021221, 0x00021223
23:54:21 | WARNING  | LONG COLOR RUN | color=0x69 len=42 pixels=180433..180474 src_offsets=0x0002122B
23:54:21 | WARNING  | LONG COLOR RUN | color=0x69 len=98 pixels=180956..181053 src_offsets=0x00021352, 0x00021354
23:54:21 | WARNING  | LONG COLOR RUN | color=0x69 len=41 pixels=181071..181111 src_offsets=0x00021360
23:54:21 | WARNING  | LONG COLOR RUN | color=0x69 len=34 pixels=181307..181340 src_offsets=0x000213C7
23:54:21 | WARNING  | LONG COLOR RUN | color=0x69 len=101 pixels=181596..181696 src_offsets=0x0002147C, 0x0002147E
23:54:21 | WARNING  | LONG COLOR RUN | color=0x69 len=78 pixels=181710..181787 src_offsets=0x00021482, 0x00021484
23:54:21 | WARNING  | LONG COLOR RUN | color=0x0E len=65 pixels=181856..181920 src_offsets=0x000214B5
23:54:21 | WARNING  | LONG COLOR RUN | color=0x80 len=66 pixels=181921..181986 src_offsets=0x000214B7
23:54:21 | WARNING  | LONG COLOR RUN | color=0x6E len=42 pixels=181987..182028 src_offsets=0x000214B9
23:54:21 | WARNING  | LONG COLOR RUN | color=0x69 len=37 pixels=182088..182124 src_offsets=0x000214F7
23:54:21 | WARNING  | LONG COLOR RUN | color=0x65 len=41 pixels=182125..182165 src_offsets=0x000214F9
23:54:21 | WARNING  | LONG COLOR RUN | color=0x69 len=37 pixels=182166..182202 src_offsets=0x000214FB
23:54:21 | WARNING  | LONG COLOR RUN | color=0x43 len=37 pixels=182203..182239 src_offsets=0x000214FD
23:54:21 | WARNING  | LONG COLOR RUN | color=0x01 len=41 pixels=182240..182280 src_offsets=0x000214FF
23:54:21 | WARNING  | LONG COLOR RUN | color=0x4C len=37 pixels=182281..182317 src_offsets=0x00021501
23:54:21 | WARNING  | LONG COLOR RUN | color=0x48 len=41 pixels=182318..182358 src_offsets=0x00021503
23:54:21 | WARNING  | LONG COLOR RUN | color=0x42 len=40 pixels=182359..182398 src_offsets=0x00021505
23:54:21 | WARNING  | LONG COLOR RUN | color=0x51 len=41 pixels=182399..182439 src_offsets=0x00021507
23:54:21 | WARNING  | LONG COLOR RUN | color=0x01 len=40 pixels=182440..182479 src_offsets=0x00021509
23:54:21 | WARNING  | LONG COLOR RUN | color=0x44 len=41 pixels=182480..182520 src_offsets=0x0002150B
23:54:21 | WARNING  | LONG COLOR RUN | color=0x07 len=40 pixels=182521..182560 src_offsets=0x0002150D
23:54:21 | WARNING  | LONG COLOR RUN | color=0x64 len=37 pixels=182561..182597 src_offsets=0x0002150F
23:54:21 | WARNING  | LONG COLOR RUN | color=0x69 len=35 pixels=182598..182632 src_offsets=0x00021511
23:54:21 | WARNING  | LONG COLOR RUN | color=0x68 len=40 pixels=182633..182672 src_offsets=0x00021513
23:54:21 | WARNING  | LONG COLOR RUN | color=0x44 len=39 pixels=182673..182711 src_offsets=0x00021515
23:54:21 | WARNING  | LONG COLOR RUN | color=0x57 len=40 pixels=182712..182751 src_offsets=0x00021517
23:54:21 | WARNING  | LONG COLOR RUN | color=0x0B len=35 pixels=182752..182786 src_offsets=0x00021519
23:54:21 | WARNING  | LONG COLOR RUN | color=0x68 len=36 pixels=182787..182822 src_offsets=0x0002151B
23:54:21 | WARNING  | LONG COLOR RUN | color=0x3B len=42 pixels=182823..182864 src_offsets=0x0002151D
23:54:21 | WARNING  | LONG COLOR RUN | color=0x80 len=65 pixels=182865..182929 src_offsets=0x0002151F
23:54:21 | WARNING  | LONG COLOR RUN | color=0x42 len=41 pixels=182987..183027 src_offsets=0x0002155B
23:54:21 | WARNING  | LONG COLOR RUN | color=0xC2 len=68 pixels=183083..183150 src_offsets=0x00021595
23:54:21 | WARNING  | LONG COLOR RUN | color=0xBE len=130 pixels=183151..183280 src_offsets=0x00021597
23:54:21 | WARNING  | LONG COLOR RUN | color=0x38 len=65 pixels=183281..183345 src_offsets=0x00021599
23:54:21 | WARNING  | LONG COLOR RUN | color=0x65 len=43 pixels=183346..183388 src_offsets=0x0002159B
23:54:21 | WARNING  | LONG COLOR RUN | color=0x6E len=37 pixels=183389..183425 src_offsets=0x0002159D
23:54:21 | WARNING  | LONG COLOR RUN | color=0x69 len=74 pixels=183438..183511 src_offsets=0x000215A7, 0x000215A9
23:54:21 | WARNING  | LONG COLOR RUN | color=0x69 len=78 pixels=183550..183627 src_offsets=0x000215B1, 0x000215B3
23:54:21 | WARNING  | LONG COLOR RUN | color=0x69 len=33 pixels=183789..183821 src_offsets=0x00021616
23:54:21 | WARNING  | LONG COLOR RUN | color=0x69 len=98 pixels=184078..184175 src_offsets=0x000216B1, 0x000216B3
23:54:21 | WARNING  | LONG COLOR RUN | color=0x69 len=81 pixels=184188..184268 src_offsets=0x000216B7, 0x000216B9
23:54:21 | WARNING  | LONG COLOR RUN | color=0x69 len=96 pixels=184718..184813 src_offsets=0x000217B6, 0x000217B8
23:54:21 | WARNING  | LONG COLOR RUN | color=0x69 len=77 pixels=184854..184930 src_offsets=0x000217C0, 0x000217C2
23:54:21 | WARNING  | LONG COLOR RUN | color=0x69 len=95 pixels=185358..185452 src_offsets=0x000218D7, 0x000218D9
23:54:21 | WARNING  | LONG COLOR RUN | color=0x69 len=84 pixels=185495..185578 src_offsets=0x000218E1, 0x000218E3
23:54:21 | WARNING  | LONG COLOR RUN | color=0x69 len=83 pixels=185998..186080 src_offsets=0x000219EE, 0x000219F0
23:54:21 | WARNING  | LONG COLOR RUN | color=0x69 len=71 pixels=186143..186213 src_offsets=0x00021A05, 0x00021A07
23:54:21 | WARNING  | LONG COLOR RUN | color=0x69 len=56 pixels=186669..186724 src_offsets=0x00021B0E
23:54:21 | WARNING  | LONG COLOR RUN | color=0x69 len=45 pixels=186790..186834 src_offsets=0x00021B29
23:54:21 | WARNING  | LONG COLOR RUN | color=0x69 len=86 pixels=187278..187363 src_offsets=0x00021C33, 0x00021C35
23:54:21 | WARNING  | LONG COLOR RUN | color=0x69 len=44 pixels=187431..187474 src_offsets=0x00021C49
23:54:21 | WARNING  | LONG COLOR RUN | color=0x69 len=89 pixels=187918..188006 src_offsets=0x00021D5F, 0x00021D61
23:54:21 | WARNING  | LONG COLOR RUN | color=0x69 len=45 pixels=188073..188117 src_offsets=0x00021D71
23:54:21 | WARNING  | LONG COLOR RUN | color=0x69 len=37 pixels=188119..188155 src_offsets=0x00021D75
23:54:21 | WARNING  | LONG COLOR RUN | color=0x69 len=83 pixels=188558..188640 src_offsets=0x00021E74, 0x00021E76
23:54:21 | WARNING  | LONG COLOR RUN | color=0x69 len=45 pixels=188714..188758 src_offsets=0x00021E86
23:54:21 | WARNING  | LONG COLOR RUN | color=0x69 len=34 pixels=188760..188793 src_offsets=0x00021E8A
23:54:21 | WARNING  | LONG COLOR RUN | color=0x69 len=69 pixels=189205..189273 src_offsets=0x00021F8B, 0x00021F8D
23:54:21 | WARNING  | LONG COLOR RUN | color=0x69 len=66 pixels=189355..189420 src_offsets=0x00021FA5, 0x00021FA7
23:54:21 | WARNING  | LONG COLOR RUN | color=0x69 len=68 pixels=189846..189913 src_offsets=0x000220AD, 0x000220AF
23:54:21 | WARNING  | LONG COLOR RUN | color=0x69 len=45 pixels=189996..190040 src_offsets=0x000220C6
23:54:21 | WARNING  | LONG COLOR RUN | color=0x69 len=33 pixels=190118..190150 src_offsets=0x000220F4
23:54:21 | WARNING  | LONG COLOR RUN | color=0x69 len=65 pixels=190488..190552 src_offsets=0x000221E1, 0x000221E3
23:54:21 | WARNING  | LONG COLOR RUN | color=0x69 len=73 pixels=190638..190710 src_offsets=0x000221FE, 0x00022200
23:54:21 | WARNING  | LONG COLOR RUN | color=0x69 len=59 pixels=191131..191189 src_offsets=0x0002231F
23:54:21 | WARNING  | LONG COLOR RUN | color=0x69 len=57 pixels=191210..191266 src_offsets=0x00022333
23:54:21 | WARNING  | LONG COLOR RUN | color=0x69 len=61 pixels=191279..191339 src_offsets=0x00022337
23:54:21 | WARNING  | LONG COLOR RUN | color=0x69 len=63 pixels=191770..191832 src_offsets=0x0002245A
23:54:21 | WARNING  | LONG COLOR RUN | color=0x69 len=58 pixels=191849..191906 src_offsets=0x00022469
23:54:21 | WARNING  | LONG COLOR RUN | color=0x69 len=40 pixels=191920..191959 src_offsets=0x0002246D
23:54:21 | WARNING  | LONG COLOR RUN | color=0x69 len=54 pixels=192413..192466 src_offsets=0x00022599
23:54:21 | WARNING  | LONG COLOR RUN | color=0x69 len=40 pixels=192490..192529 src_offsets=0x000225A5
23:54:21 | WARNING  | LONG COLOR RUN | color=0x69 len=40 pixels=192558..192597 src_offsets=0x000225AD
23:54:21 | WARNING  | LONG COLOR RUN | color=0x69 len=50 pixels=193057..193106 src_offsets=0x000226D9
23:54:21 | WARNING  | LONG COLOR RUN | color=0x69 len=42 pixels=193127..193168 src_offsets=0x000226E5
23:54:21 | WARNING  | LONG COLOR RUN | color=0x69 len=64 pixels=193198..193261 src_offsets=0x000226ED, 0x000226EF
23:54:21 | WARNING  | LONG COLOR RUN | color=0x69 len=46 pixels=193704..193749 src_offsets=0x00022813
23:54:21 | WARNING  | LONG COLOR RUN | color=0x69 len=67 pixels=193765..193831 src_offsets=0x0002281B, 0x0002281D
23:54:21 | WARNING  | LONG COLOR RUN | color=0x69 len=71 pixels=193840..193910 src_offsets=0x00022821, 0x00022823
23:54:21 | WARNING  | LONG COLOR RUN | color=0x69 len=47 pixels=194334..194380 src_offsets=0x0002293F
23:54:21 | WARNING  | LONG COLOR RUN | color=0x69 len=56 pixels=194403..194458 src_offsets=0x0002294D
23:54:21 | WARNING  | LONG COLOR RUN | color=0x69 len=69 pixels=194481..194549 src_offsets=0x00022955, 0x00022957
23:54:21 | WARNING  | LONG COLOR RUN | color=0x0D len=65 pixels=194576..194640 src_offsets=0x00022966
23:54:21 | WARNING  | LONG COLOR RUN | color=0x3B len=179 pixels=194641..194819 src_offsets=0x00022968
23:54:21 | WARNING  | LONG COLOR RUN | color=0x39 len=46 pixels=194820..194865 src_offsets=0x0002296A
23:54:21 | WARNING  | LONG COLOR RUN | color=0xF2 len=163 pixels=194866..195028 src_offsets=0x0002296C
23:54:21 | WARNING  | LONG COLOR RUN | color=0x80 len=65 pixels=195047..195111 src_offsets=0x00022970
23:54:21 | WARNING  | LONG COLOR RUN | color=0x69 len=37 pixels=195112..195148 src_offsets=0x00022972
23:54:21 | WARNING  | LONG COLOR RUN | color=0x44 len=41 pixels=195201..195241 src_offsets=0x000229A9
23:54:21 | WARNING  | LONG COLOR RUN | color=0x69 len=37 pixels=195443..195479 src_offsets=0x00022A56
23:54:21 | WARNING  | LONG COLOR RUN | color=0x69 len=59 pixels=195500..195558 src_offsets=0x00022A64
23:54:21 | WARNING  | LONG COLOR RUN | color=0x69 len=69 pixels=195581..195649 src_offsets=0x00022A6C, 0x00022A6E
23:54:21 | WARNING  | LONG COLOR RUN | color=0x05 len=65 pixels=195675..195739 src_offsets=0x00022A83
23:54:21 | WARNING  | LONG COLOR RUN | color=0x52 len=179 pixels=195740..195918 src_offsets=0x00022A85
23:54:21 | WARNING  | LONG COLOR RUN | color=0x69 len=33 pixels=196269..196301 src_offsets=0x00022BA2
23:54:21 | WARNING  | LONG COLOR RUN | color=0x69 len=51 pixels=196328..196378 src_offsets=0x00022BAC
23:54:21 | WARNING  | LONG COLOR RUN | color=0x69 len=67 pixels=196407..196473 src_offsets=0x00022BB4, 0x00022BB6
23:54:21 | WARNING  | LONG COLOR RUN | color=0x69 len=94 pixels=196945..197038 src_offsets=0x00022CF6, 0x00022CF8
23:54:21 | WARNING  | LONG COLOR RUN | color=0x69 len=65 pixels=197048..197112 src_offsets=0x00022CFC, 0x00022CFE
23:54:21 | WARNING  | LONG COLOR RUN | color=0x69 len=40 pixels=197581..197620 src_offsets=0x00022E3D
23:54:21 | WARNING  | LONG COLOR RUN | color=0x69 len=59 pixels=197622..197680 src_offsets=0x00022E41
23:54:21 | WARNING  | LONG COLOR RUN | color=0x69 len=65 pixels=197688..197752 src_offsets=0x00022E45, 0x00022E47
23:54:21 | WARNING  | LONG COLOR RUN | color=0x69 len=35 pixels=198226..198260 src_offsets=0x00022F78
23:54:21 | WARNING  | LONG COLOR RUN | color=0x69 len=60 pixels=198262..198321 src_offsets=0x00022F7C
23:54:21 | WARNING  | LONG COLOR RUN | color=0x69 len=68 pixels=198326..198393 src_offsets=0x00022F80, 0x00022F82
23:54:21 | WARNING  | LONG COLOR RUN | color=0x69 len=96 pixels=198867..198962 src_offsets=0x000230C0, 0x000230C2
23:54:21 | WARNING  | LONG COLOR RUN | color=0x69 len=60 pixels=198964..199023 src_offsets=0x000230C6
23:54:21 | WARNING  | LONG COLOR RUN | color=0x69 len=48 pixels=199511..199558 src_offsets=0x0002321D
23:54:21 | WARNING  | LONG COLOR RUN | color=0x69 len=68 pixels=199560..199627 src_offsets=0x00023221, 0x00023223
23:54:21 | WARNING  | LONG COLOR RUN | color=0x69 len=34 pixels=199629..199662 src_offsets=0x00023227
23:54:21 | WARNING  | LONG COLOR RUN | color=0x69 len=33 pixels=200152..200184 src_offsets=0x00023367
23:54:21 | WARNING  | LONG COLOR RUN | color=0x69 len=123 pixels=200198..200320 src_offsets=0x0002336F, 0x00023371
23:54:21 | WARNING  | LONG COLOR RUN | color=0x69 len=45 pixels=200791..200835 src_offsets=0x000234C4
23:54:21 | WARNING  | LONG COLOR RUN | color=0x69 len=125 pixels=200837..200961 src_offsets=0x000234C8, 0x000234CA
23:54:21 | WARNING  | LONG COLOR RUN | color=0x36 len=35 pixels=201374..201408 src_offsets=0x000235E6
23:54:21 | WARNING  | LONG COLOR RUN | color=0x69 len=127 pixels=201474..201600 src_offsets=0x00023604, 0x00023606, 0x00023608
23:54:21 | WARNING  | LONG COLOR RUN | color=0x69 len=37 pixels=202071..202107 src_offsets=0x00023751
23:54:21 | WARNING  | LONG COLOR RUN | color=0x69 len=117 pixels=202110..202226 src_offsets=0x00023755, 0x00023757
23:54:21 | WARNING  | LONG COLOR RUN | color=0x69 len=120 pixels=202721..202840 src_offsets=0x000238AF, 0x000238B1
23:54:21 | WARNING  | LONG COLOR RUN | color=0x69 len=111 pixels=203370..203480 src_offsets=0x00023A21, 0x00023A23
23:54:21 | WARNING  | LONG COLOR RUN | color=0x69 len=53 pixels=204042..204094 src_offsets=0x00023BAA
23:54:21 | WARNING  | LONG COLOR RUN | color=0x69 len=100 pixels=204683..204782 src_offsets=0x00023D3C, 0x00023D3E
23:54:21 | WARNING  | LONG COLOR RUN | color=0x69 len=49 pixels=205323..205371 src_offsets=0x00023EDE
23:54:21 | WARNING  | LONG COLOR RUN | color=0x69 len=44 pixels=205378..205421 src_offsets=0x00023EE7
23:54:21 | WARNING  | LONG COLOR RUN | color=0x69 len=47 pixels=206016..206062 src_offsets=0x00024095
23:54:21 | WARNING  | LONG COLOR RUN | color=0x69 len=75 pixels=206629..206703 src_offsets=0x00024241, 0x00024243
23:54:21 | WARNING  | LONG COLOR RUN | color=0x69 len=46 pixels=207255..207300 src_offsets=0x000243EF
23:54:21 | WARNING  | LONG COLOR RUN | color=0x69 len=56 pixels=207302..207357 src_offsets=0x000243F3
23:54:21 | WARNING  | LONG COLOR RUN | color=0x0D len=65 pixels=215432..215496 src_offsets=0x00025C26
23:54:21 | WARNING  | LONG COLOR RUN | color=0x81 len=178 pixels=215501..215678 src_offsets=0x00025C2A
23:54:21 | WARNING  | LONG COLOR RUN | color=0x83 len=66 pixels=215679..215744 src_offsets=0x00025C2C
23:54:21 | WARNING  | LONG COLOR RUN | color=0xF3 len=179 pixels=215745..215923 src_offsets=0x00025C2E
23:54:21 | WARNING  | LONG COLOR RUN | color=0x83 len=67 pixels=215924..215990 src_offsets=0x00025C30
23:54:21 | WARNING  | LONG COLOR RUN | color=0x80 len=68 pixels=215991..216058 src_offsets=0x00025C32
23:54:21 | WARNING  | LONG COLOR RUN | color=0x45 len=46 pixels=216059..216104 src_offsets=0x00025C34
23:54:21 | WARNING  | LONG COLOR RUN | color=0x02 len=65 pixels=220185..220249 src_offsets=0x0002699A
23:54:21 | WARNING  | LONG COLOR RUN | color=0x80 len=67 pixels=220250..220316 src_offsets=0x0002699C
23:54:21 | WARNING  | LONG COLOR RUN | color=0x03 len=65 pixels=220954..221018 src_offsets=0x00026BD9
23:54:21 | WARNING  | LONG COLOR RUN | color=0x6E len=67 pixels=221019..221085 src_offsets=0x00026BDB
23:54:21 | WARNING  | LONG COLOR RUN | color=0x68 len=41 pixels=221144..221184 src_offsets=0x00026C18
23:54:21 | WARNING  | LONG COLOR RUN | color=0x68 len=40 pixels=221189..221228 src_offsets=0x00026C1C
23:54:21 | WARNING  | LONG COLOR RUN | color=0x44 len=41 pixels=221234..221274 src_offsets=0x00026C20
23:54:21 | WARNING  | LONG COLOR RUN | color=0x0F len=65 pixels=221842..221906 src_offsets=0x00026E2E
23:54:21 | WARNING  | LONG COLOR RUN | color=0x38 len=68 pixels=221907..221974 src_offsets=0x00026E30
23:54:21 | WARNING  | LONG COLOR RUN | color=0x69 len=41 pixels=222031..222071 src_offsets=0x00026E6B
23:54:21 | WARNING  | LONG COLOR RUN | color=0x45 len=40 pixels=222072..222111 src_offsets=0x00026E6D
23:54:21 | WARNING  | LONG COLOR RUN | color=0x36 len=39 pixels=222112..222150 src_offsets=0x00026E6F
23:54:21 | WARNING  | LONG COLOR RUN | color=0x69 len=41 pixels=222151..222191 src_offsets=0x00026E71
23:54:21 | WARNING  | LONG COLOR RUN | color=0x65 len=40 pixels=222192..222231 src_offsets=0x00026E73
23:54:21 | WARNING  | LONG COLOR RUN | color=0x69 len=37 pixels=222232..222268 src_offsets=0x00026E75
23:54:21 | WARNING  | LONG COLOR RUN | color=0x3A len=46 pixels=222269..222314 src_offsets=0x00026E77
23:54:21 | WARNING  | LONG COLOR RUN | color=0x82 len=65 pixels=222315..222379 src_offsets=0x00026E79
23:54:21 | WARNING  | LONG COLOR RUN | color=0xF2 len=65 pixels=222380..222444 src_offsets=0x00026E7B
23:54:21 | WARNING  | LONG COLOR RUN | color=0xF2 len=243 pixels=222504..222746 src_offsets=0x00026EB9, 0x00026EBB
23:54:21 | WARNING  | LONG COLOR RUN | color=0x81 len=64 pixels=222747..222810 src_offsets=0x00026EBD
23:54:21 | WARNING  | LONG COLOR RUN | color=0xE4 len=164 pixels=222811..222974 src_offsets=0x00026EBF
23:54:21 | WARNING  | LONG COLOR RUN | color=0x39 len=66 pixels=222975..223040 src_offsets=0x00026EC1
23:54:21 | WARNING  | LONG COLOR RUN | color=0x6E len=37 pixels=223041..223077 src_offsets=0x00026EC3
23:54:21 | WARNING  | LONG COLOR RUN | color=0x02 len=65 pixels=224976..225040 src_offsets=0x000275A1
23:54:21 | WARNING  | LONG COLOR RUN | color=0xC6 len=134 pixels=225097..225230 src_offsets=0x000275DC
23:54:21 | WARNING  | LONG COLOR RUN | color=0xC0 len=285 pixels=225231..225515 src_offsets=0x000275DE, 0x000275E0
23:54:21 | WARNING  | LONG COLOR RUN | color=0x03 len=65 pixels=235830..235894 src_offsets=0x00029A5A
23:54:21 | WARNING  | LONG COLOR RUN | color=0x43 len=37 pixels=235899..235935 src_offsets=0x00029A5E
23:54:21 | WARNING  | LONG COLOR RUN | color=0x12 len=38 pixels=235936..235973 src_offsets=0x00029A60
23:54:21 | WARNING  | LONG COLOR RUN | color=0x63 len=43 pixels=235974..236016 src_offsets=0x00029A62
23:54:21 | WARNING  | LONG COLOR RUN | color=0x6A len=35 pixels=236017..236051 src_offsets=0x00029A64
23:54:21 | WARNING  | LONG COLOR RUN | color=0x3A len=46 pixels=236052..236097 src_offsets=0x00029A66
23:54:21 | WARNING  | LONG COLOR RUN | color=0x3A len=68 pixels=236214..236281 src_offsets=0x00029AA3, 0x00029ADF
23:54:21 | WARNING  | LONG COLOR RUN | color=0x44 len=65 pixels=236292..236356 src_offsets=0x00029AE3
23:54:21 | WARNING  | LONG COLOR RUN | color=0x0C len=41 pixels=236357..236397 src_offsets=0x00029AE5
23:54:21 | WARNING  | LONG COLOR RUN | color=0x48 len=37 pixels=236398..236434 src_offsets=0x00029AE7
23:54:21 | WARNING  | LONG COLOR RUN | color=0x82 len=162 pixels=236451..236612 src_offsets=0x00029AED
23:54:21 | WARNING  | LONG COLOR RUN | color=0x3B len=64 pixels=236613..236676 src_offsets=0x00029AEF
23:54:21 | WARNING  | LONG COLOR RUN | color=0x79 len=178 pixels=236817..236994 src_offsets=0x00029B6D
23:54:21 | WARNING  | LONG COLOR RUN | color=0x6E len=48 pixels=236995..237042 src_offsets=0x00029B6F
23:54:21 | WARNING  | LONG COLOR RUN | color=0x45 len=178 pixels=237043..237220 src_offsets=0x00029B71
23:54:21 | WARNING  | LONG COLOR RUN | color=0x43 len=164 pixels=237221..237384 src_offsets=0x00029B73
23:54:21 | WARNING  | LONG COLOR RUN | color=0x46 len=68 pixels=237385..237452 src_offsets=0x00029B75
23:54:21 | WARNING  | LONG COLOR RUN | color=0x01 len=164 pixels=237453..237616 src_offsets=0x00029B77
23:54:21 | WARNING  | LONG COLOR RUN | color=0x48 len=66 pixels=237617..237682 src_offsets=0x00029B79
23:54:21 | WARNING  | LONG COLOR RUN | color=0x09 len=164 pixels=237683..237846 src_offsets=0x00029B7B
23:54:21 | WARNING  | LONG COLOR RUN | color=0xD4 len=178 pixels=237847..238024 src_offsets=0x00029B7D
23:54:21 | WARNING  | LONG COLOR RUN | color=0xD3 len=147 pixels=238025..238171 src_offsets=0x00029B7F
23:54:21 | WARNING  | LONG COLOR RUN | color=0xBE len=130 pixels=238172..238301 src_offsets=0x00029B81
23:54:21 | WARNING  | LONG COLOR RUN | color=0xF2 len=164 pixels=238302..238465 src_offsets=0x00029B83
23:54:21 | WARNING  | LONG COLOR RUN | color=0x43 len=178 pixels=238466..238643 src_offsets=0x00029B85
23:54:21 | WARNING  | LONG COLOR RUN | color=0x17 len=164 pixels=238644..238807 src_offsets=0x00029B87
23:54:21 | WARNING  | LONG COLOR RUN | color=0xF2 len=178 pixels=238808..238985 src_offsets=0x00029B89
23:54:21 | WARNING  | LONG COLOR RUN | color=0x82 len=67 pixels=239097..239163 src_offsets=0x00029BFC
23:54:21 | WARNING  | LONG COLOR RUN | color=0x80 len=65 pixels=239164..239228 src_offsets=0x00029BFE
23:54:21 | WARNING  | LONG COLOR RUN | color=0xF3 len=179 pixels=239342..239520 src_offsets=0x00029C73
23:54:21 | WARNING  | LONG COLOR RUN | color=0xBC len=66 pixels=239634..239699 src_offsets=0x00029CE8
23:54:21 | WARNING  | LONG COLOR RUN | color=0xB3 len=110 pixels=239700..239809 src_offsets=0x00029CEA
23:54:21 | WARNING  | LONG COLOR RUN | color=0x6A len=46 pixels=239810..239855 src_offsets=0x00029CEC
23:54:21 | WARNING  | LONG COLOR RUN | color=0x69 len=40 pixels=239856..239895 src_offsets=0x00029CEE
23:54:21 | WARNING  | LONG COLOR RUN | color=0x6A len=41 pixels=239896..239936 src_offsets=0x00029CF0
23:54:21 | WARNING  | LONG COLOR RUN | color=0x07 len=65 pixels=240515..240579 src_offsets=0x00029EED
23:54:21 | WARNING  | LONG COLOR RUN | color=0x4A len=35 pixels=240580..240614 src_offsets=0x00029EEF
23:54:21 | WARNING  | LONG COLOR RUN | color=0x69 len=42 pixels=240625..240666 src_offsets=0x00029EF3
23:54:21 | WARNING  | LONG COLOR RUN | color=0x43 len=41 pixels=240667..240707 src_offsets=0x00029EF5
23:54:21 | WARNING  | LONG COLOR RUN | color=0x01 len=42 pixels=240708..240749 src_offsets=0x00029EF7
23:54:21 | WARNING  | LONG COLOR RUN | color=0x44 len=41 pixels=240750..240790 src_offsets=0x00029EF9
23:54:21 | WARNING  | LONG COLOR RUN | color=0x01 len=42 pixels=240791..240832 src_offsets=0x00029EFB
23:54:21 | WARNING  | LONG COLOR RUN | color=0x43 len=41 pixels=240833..240873 src_offsets=0x00029EFD
23:54:21 | WARNING  | LONG COLOR RUN | color=0x01 len=37 pixels=240874..240910 src_offsets=0x00029EFF
23:54:21 | WARNING  | LONG COLOR RUN | color=0x45 len=43 pixels=240911..240953 src_offsets=0x00029F01
23:54:21 | WARNING  | LONG COLOR RUN | color=0x09 len=37 pixels=240954..240990 src_offsets=0x00029F03
23:54:21 | WARNING  | LONG COLOR RUN | color=0x65 len=36 pixels=240991..241026 src_offsets=0x00029F05
23:54:21 | WARNING  | LONG COLOR RUN | color=0x6A len=41 pixels=241027..241067 src_offsets=0x00029F07
23:54:21 | WARNING  | LONG COLOR RUN | color=0x6E len=42 pixels=241068..241109 src_offsets=0x00029F09
23:54:21 | WARNING  | LONG COLOR RUN | color=0x3B len=42 pixels=241110..241151 src_offsets=0x00029F0B
23:54:21 | WARNING  | LONG COLOR RUN | color=0x43 len=178 pixels=241152..241329 src_offsets=0x00029F0D
23:54:21 | WARNING  | LONG COLOR RUN | color=0x12 len=64 pixels=241330..241393 src_offsets=0x00029F0F
23:54:21 | WARNING  | LONG COLOR RUN | color=0x63 len=37 pixels=241452..241488 src_offsets=0x00029F4C
23:54:21 | WARNING  | LONG COLOR RUN | color=0x6A len=42 pixels=241489..241530 src_offsets=0x00029F4E
23:54:21 | WARNING  | LONG COLOR RUN | color=0x38 len=42 pixels=241567..241608 src_offsets=0x00029F54
23:54:21 | WARNING  | LONG COLOR RUN | color=0x82 len=178 pixels=241609..241786 src_offsets=0x00029F56
23:54:21 | WARNING  | LONG COLOR RUN | color=0xF2 len=66 pixels=241957..242022 src_offsets=0x0002A005
23:54:21 | WARNING  | LONG COLOR RUN | color=0x3B len=65 pixels=242023..242087 src_offsets=0x0002A007
23:54:21 | WARNING  | LONG COLOR RUN | color=0x69 len=41 pixels=242088..242128 src_offsets=0x0002A009
23:54:21 | WARNING  | LONG COLOR RUN | color=0x65 len=37 pixels=242129..242165 src_offsets=0x0002A00B
23:54:21 | WARNING  | LONG COLOR RUN | color=0x82 len=46 pixels=242166..242211 src_offsets=0x0002A00D
23:54:21 | WARNING  | LONG COLOR RUN | color=0x10 len=65 pixels=242532..242596 src_offsets=0x0002A12E
23:54:21 | WARNING  | LONG COLOR RUN | color=0x4A len=38 pixels=242597..242634 src_offsets=0x0002A130
23:54:21 | WARNING  | LONG COLOR RUN | color=0x6E len=42 pixels=242635..242676 src_offsets=0x0002A132
23:54:21 | WARNING  | LONG COLOR RUN | color=0x6A len=42 pixels=242677..242718 src_offsets=0x0002A134
23:54:21 | WARNING  | LONG COLOR RUN | color=0x80 len=46 pixels=242719..242764 src_offsets=0x0002A136
23:54:21 | WARNING  | LONG COLOR RUN | color=0x44 len=42 pixels=242824..242865 src_offsets=0x0002A174
23:54:21 | WARNING  | LONG COLOR RUN | color=0x04 len=41 pixels=242866..242906 src_offsets=0x0002A176
23:54:21 | WARNING  | LONG COLOR RUN | color=0x4A len=41 pixels=242921..242961 src_offsets=0x0002A17A
23:54:21 | WARNING  | LONG COLOR RUN | color=0x04 len=65 pixels=244612..244676 src_offsets=0x0002A744
23:54:21 | WARNING  | LONG COLOR RUN | color=0xC8 len=136 pixels=244734..244869 src_offsets=0x0002A780
23:54:21 | WARNING  | LONG COLOR RUN | color=0xE2 len=115 pixels=244870..244984 src_offsets=0x0002A782
23:54:21 | WARNING  | LONG COLOR RUN | color=0xB3 len=46 pixels=244985..245030 src_offsets=0x0002A784
23:54:21 | WARNING  | LONG COLOR RUN | color=0x47 len=162 pixels=245031..245192 src_offsets=0x0002A786
23:54:21 | WARNING  | LONG COLOR RUN | color=0x04 len=134 pixels=245193..245326 src_offsets=0x0002A788
23:54:21 | WARNING  | LONG COLOR RUN | color=0xC8 len=263 pixels=245327..245589 src_offsets=0x0002A78A, 0x0002A78C
23:54:21 | WARNING  | LONG COLOR RUN | color=0x42 len=65 pixels=249353..249417 src_offsets=0x0002B4E4
23:54:21 | WARNING  | LONG COLOR RUN | color=0x45 len=38 pixels=249418..249455 src_offsets=0x0002B4E6
23:54:21 | WARNING  | LONG COLOR RUN | color=0x01 len=35 pixels=249456..249490 src_offsets=0x0002B4E8
23:54:21 | WARNING  | LONG COLOR RUN | color=0x53 len=65 pixels=249491..249555 src_offsets=0x0002B4EA
23:54:21 | WARNING  | LONG COLOR RUN | color=0x22 len=68 pixels=249556..249623 src_offsets=0x0002B4EC
23:54:21 | WARNING  | LONG COLOR RUN | color=0x83 len=67 pixels=249624..249690 src_offsets=0x0002B4EE
23:54:21 | WARNING  | LONG COLOR RUN | color=0x80 len=68 pixels=249691..249758 src_offsets=0x0002B4F0
23:54:21 | WARNING  | LONG COLOR RUN | color=0xB1 len=136 pixels=249759..249894 src_offsets=0x0002B4F2
23:54:21 | WARNING  | LONG COLOR RUN | color=0xB3 len=122 pixels=249895..250016 src_offsets=0x0002B4F4
23:54:21 | WARNING  | LONG COLOR RUN | color=0xC6 len=226 pixels=250017..250242 src_offsets=0x0002B4F6, 0x0002B4F8
23:54:21 | WARNING  | LONG COLOR RUN | color=0xB1 len=122 pixels=250243..250364 src_offsets=0x0002B4FA
23:54:21 | WARNING  | LONG COLOR RUN | color=0xB8 len=115 pixels=250365..250479 src_offsets=0x0002B4FC
23:54:21 | WARNING  | LONG COLOR RUN | color=0xB7 len=134 pixels=250480..250613 src_offsets=0x0002B4FE
23:54:21 | WARNING  | LONG COLOR RUN | color=0xBD len=134 pixels=250614..250747 src_offsets=0x0002B500
23:54:21 | WARNING  | LONG COLOR RUN | color=0x3A len=130 pixels=250748..250877 src_offsets=0x0002B502
23:54:21 | WARNING  | LONG COLOR RUN | color=0x84 len=68 pixels=250878..250945 src_offsets=0x0002B504
23:54:21 | WARNING  | LONG COLOR RUN | color=0x82 len=66 pixels=250946..251011 src_offsets=0x0002B506
23:54:21 | WARNING  | LONG COLOR RUN | color=0x3A len=46 pixels=251071..251116 src_offsets=0x0002B544
23:54:21 | WARNING  | LONG COLOR RUN | color=0xC3 len=117 pixels=251117..251233 src_offsets=0x0002B546
23:54:21 | WARNING  | LONG COLOR RUN | color=0x15 len=65 pixels=253206..253270 src_offsets=0x0002BC2D
23:54:21 | WARNING  | LONG COLOR RUN | color=0x6B len=37 pixels=253271..253307 src_offsets=0x0002BC2F
23:54:21 | WARNING  | LONG COLOR RUN | color=0xE4 len=178 pixels=253308..253485 src_offsets=0x0002BC31
23:54:21 | WARNING  | LONG COLOR RUN | color=0x82 len=65 pixels=253486..253550 src_offsets=0x0002BC33
23:54:21 | WARNING  | LONG COLOR RUN | color=0x81 len=66 pixels=253551..253616 src_offsets=0x0002BC35
23:54:21 | WARNING  | LONG COLOR RUN | color=0x6A len=36 pixels=253617..253652 src_offsets=0x0002BC37
23:54:21 | WARNING  | LONG COLOR RUN | color=0x3A len=66 pixels=253653..253718 src_offsets=0x0002BC39
23:54:21 | WARNING  | LONG COLOR RUN | color=0x39 len=35 pixels=253728..253762 src_offsets=0x0002BC3D
23:54:21 | WARNING  | LONG COLOR RUN | color=0x69 len=41 pixels=253825..253865 src_offsets=0x0002BC7C
23:54:21 | WARNING  | LONG COLOR RUN | color=0x0B len=66 pixels=255055..255120 src_offsets=0x0002C076
23:54:21 | WARNING  | LONG COLOR RUN | color=0x6A len=37 pixels=255121..255157 src_offsets=0x0002C078
23:54:21 | WARNING  | LONG COLOR RUN | color=0x33 len=65 pixels=261735..261799 src_offsets=0x0002D803
23:54:21 | WARNING  | LONG COLOR RUN | color=0x83 len=68 pixels=261814..261881 src_offsets=0x0002D807
23:54:21 | WARNING  | LONG COLOR RUN | color=0xE4 len=68 pixels=261882..261949 src_offsets=0x0002D809
23:54:21 | WARNING  | LONG COLOR RUN | color=0x81 len=164 pixels=261950..262113 src_offsets=0x0002D80B
23:54:21 | WARNING  | LONG COLOR RUN | color=0xF2 len=66 pixels=262114..262179 src_offsets=0x0002D80D
23:54:21 | WARNING  | LONG COLOR RUN | color=0x42 len=164 pixels=262180..262343 src_offsets=0x0002D80F
23:54:21 | WARNING  | LONG COLOR RUN | color=0x67 len=40 pixels=262404..262443 src_offsets=0x0002D84D
23:54:21 | WARNING  | LONG COLOR RUN | color=0x69 len=41 pixels=262444..262484 src_offsets=0x0002D84F
23:54:21 | WARNING  | LONG COLOR RUN | color=0x3A len=46 pixels=262485..262530 src_offsets=0x0002D851
23:54:21 | WARNING  | LONG COLOR RUN | color=0x81 len=64 pixels=262589..262652 src_offsets=0x0002D88E
23:54:21 | WARNING  | LONG COLOR RUN | color=0x01 len=67 pixels=270838..270904 src_offsets=0x0002F5B0
23:54:21 | WARNING  | LONG COLOR RUN | color=0x6A len=46 pixels=270962..271007 src_offsets=0x0002F5B2, 0x0002F5ED
23:54:21 | WARNING  | LONG COLOR RUN | color=0x3B len=42 pixels=271008..271049 src_offsets=0x0002F5EF
23:54:21 | WARNING  | LONG COLOR RUN | color=0x80 len=66 pixels=271050..271115 src_offsets=0x0002F5F1
23:54:21 | WARNING  | LONG COLOR RUN | color=0x6B len=45 pixels=271116..271160 src_offsets=0x0002F5F3
23:54:21 | WARNING  | LONG COLOR RUN | color=0x44 len=179 pixels=271161..271339 src_offsets=0x0002F5F5
23:54:21 | WARNING  | LONG COLOR RUN | color=0x80 len=46 pixels=271400..271445 src_offsets=0x0002F634
23:54:22 | WARNING  | LONG COLOR RUN | color=0x3B len=64 pixels=271446..271509 src_offsets=0x0002F636
23:54:22 | WARNING  | LONG COLOR RUN | color=0x66 len=40 pixels=271568..271607 src_offsets=0x0002F673
23:54:22 | WARNING  | LONG COLOR RUN | color=0x39 len=46 pixels=271608..271653 src_offsets=0x0002F675
23:54:22 | WARNING  | LONG COLOR RUN | color=0x07 len=65 pixels=271711..271775 src_offsets=0x0002F6B1
23:54:22 | WARNING  | LONG COLOR RUN | color=0x81 len=66 pixels=271776..271841 src_offsets=0x0002F6B3
23:54:22 | WARNING  | LONG COLOR RUN | color=0x82 len=133 pixels=271842..271974 src_offsets=0x0002F6B5, 0x0002F6B7
23:54:22 | WARNING  | LONG COLOR RUN | color=0x38 len=43 pixels=272033..272075 src_offsets=0x0002F6B9, 0x0002F6F5
23:54:22 | WARNING  | LONG COLOR RUN | color=0x69 len=46 pixels=272076..272121 src_offsets=0x0002F6F7
23:54:22 | WARNING  | LONG COLOR RUN | color=0x6A len=42 pixels=272122..272163 src_offsets=0x0002F6F9
23:54:22 | WARNING  | LONG COLOR RUN | color=0x6E len=45 pixels=272164..272208 src_offsets=0x0002F6FB, 0x0002F6FD
23:54:22 | WARNING  | LONG COLOR RUN | color=0x6E len=41 pixels=272325..272365 src_offsets=0x0002F775
23:54:22 | WARNING  | LONG COLOR RUN | color=0x69 len=42 pixels=272366..272407 src_offsets=0x0002F777
23:54:22 | WARNING  | LONG COLOR RUN | color=0x6A len=42 pixels=272408..272449 src_offsets=0x0002F779
23:54:22 | WARNING  | LONG COLOR RUN | color=0x65 len=37 pixels=272450..272486 src_offsets=0x0002F77B
23:54:22 | WARNING  | LONG COLOR RUN | color=0xE4 len=42 pixels=272487..272528 src_offsets=0x0002F77D
23:54:22 | WARNING  | LONG COLOR RUN | color=0x22 len=65 pixels=294229..294293 src_offsets=0x000341D1
23:54:22 | WARNING  | LONG COLOR RUN | color=0x0B len=156 pixels=294353..294508 src_offsets=0x0003420F
23:54:22 | WARNING  | LONG COLOR RUN | color=0xE3 len=178 pixels=294509..294686 src_offsets=0x00034211
23:54:22 | WARNING  | LONG COLOR RUN | color=0x3B len=41 pixels=294761..294801 src_offsets=0x0003424E
23:54:22 | WARNING  | LONG COLOR RUN | color=0x81 len=46 pixels=294802..294847 src_offsets=0x00034250
23:54:22 | WARNING  | LONG COLOR RUN | color=0x84 len=67 pixels=294848..294914 src_offsets=0x00034252
23:54:22 | WARNING  | LONG COLOR RUN | color=0x83 len=66 pixels=294915..294980 src_offsets=0x00034254
23:54:22 | WARNING  | LONG COLOR RUN | color=0x84 len=179 pixels=294981..295159 src_offsets=0x00034256
23:54:22 | WARNING  | LONG COLOR RUN | color=0x43 len=78 pixels=306728..306805 src_offsets=0x0003695B, 0x0003695D
23:54:22 | WARNING  | LONG COLOR RUN | color=0x09 len=35 pixels=306806..306840 src_offsets=0x0003695F
23:54:22 | WARNING  | LONG COLOR RUN | color=0x63 len=37 pixels=306841..306877 src_offsets=0x00036961
23:54:22 | WARNING  | LONG COLOR RUN | color=0x64 len=35 pixels=306878..306912 src_offsets=0x00036963
23:54:22 | WARNING  | LONG COLOR RUN | color=0x66 len=35 pixels=306913..306947 src_offsets=0x00036965
23:54:22 | WARNING  | LONG COLOR RUN | color=0x6A len=36 pixels=306948..306983 src_offsets=0x00036967
23:54:22 | WARNING  | LONG COLOR RUN | color=0x44 len=43 pixels=306984..307026 src_offsets=0x00036969
23:54:22 | WARNING  | LONG COLOR RUN | color=0x02 len=37 pixels=307027..307063 src_offsets=0x0003696B
23:54:22 | WARNING  | LONG COLOR RUN | color=0x6B len=42 pixels=307064..307105 src_offsets=0x0003696D
23:54:22 | INFO     | Wrote C:\Users\Steven\My Drive\Emulators\Dosprogs\icr2\TRACKS\nash\htshotc.png
23:57:00 | DEBUG    | Decoding htshotc.stp (640x480)
23:57:00 | ERROR    | Decode error: Unexpected EOF in RLE
00:01:37 | DEBUG    | Decoding htshotc.stp (640x480)
00:01:37 | ERROR    | Decode error: Invalid repeat run length: 128
00:01:44 | DEBUG    | Decoding htshotc.stp (640x480)
00:01:44 | ERROR    | Decode error: Invalid repeat run length: 128
00:03:09 | DEBUG    | Decoding htshotc.stp (640x480)
00:03:09 | DEBUG    | Zero-length repeat marker at offset 0x00000682
00:03:09 | DEBUG    | Zero-length repeat marker at offset 0x0000093F
00:03:09 | DEBUG    | Zero-length repeat marker at offset 0x00000A39
00:03:09 | DEBUG    | Zero-length repeat marker at offset 0x00000FA1
00:03:09 | DEBUG    | Zero-length repeat marker at offset 0x000011BB
00:03:09 | DEBUG    | Zero-length repeat marker at offset 0x00001424
00:03:09 | DEBUG    | Zero-length repeat marker at offset 0x0000149C
00:03:09 | DEBUG    | Zero-length repeat marker at offset 0x00001919
00:03:09 | DEBUG    | Zero-length repeat marker at offset 0x00001A38
00:03:09 | DEBUG    | Zero-length repeat marker at offset 0x00001A39
00:03:09 | DEBUG    | Zero-length repeat marker at offset 0x00001FA3
00:03:09 | DEBUG    | Zero-length repeat marker at offset 0x00002503
00:03:09 | DEBUG    | Zero-length repeat marker at offset 0x00002816
00:03:09 | DEBUG    | Zero-length repeat marker at offset 0x00002C61
00:03:09 | DEBUG    | Zero-length repeat marker at offset 0x00002E88
00:03:09 | DEBUG    | Zero-length repeat marker at offset 0x00002FB3
00:03:09 | DEBUG    | Zero-length repeat marker at offset 0x00003312
00:03:09 | DEBUG    | Zero-length repeat marker at offset 0x00003C36
00:03:09 | DEBUG    | Zero-length repeat marker at offset 0x00003F83
00:03:09 | DEBUG    | Zero-length repeat marker at offset 0x00004189
00:03:09 | DEBUG    | Zero-length repeat marker at offset 0x0000448A
00:03:09 | DEBUG    | Zero-length repeat marker at offset 0x0000448B
00:03:09 | DEBUG    | Zero-length repeat marker at offset 0x00004CB5
00:03:09 | DEBUG    | Zero-length repeat marker at offset 0x00004E31
00:03:09 | DEBUG    | Zero-length repeat marker at offset 0x00004EF7
00:03:09 | DEBUG    | Zero-length repeat marker at offset 0x000053AB
00:03:09 | DEBUG    | Zero-length repeat marker at offset 0x00005634
00:03:09 | DEBUG    | Zero-length repeat marker at offset 0x00005635
00:03:09 | DEBUG    | Zero-length repeat marker at offset 0x00005863
00:03:09 | DEBUG    | Zero-length repeat marker at offset 0x00005866
00:03:09 | DEBUG    | Zero-length repeat marker at offset 0x00005BA5
00:03:09 | DEBUG    | Zero-length repeat marker at offset 0x000062D1
00:03:09 | DEBUG    | Zero-length repeat marker at offset 0x00006449
00:03:09 | DEBUG    | Zero-length repeat marker at offset 0x0000644A
00:03:09 | DEBUG    | Zero-length repeat marker at offset 0x000068B9
00:03:09 | DEBUG    | Zero-length repeat marker at offset 0x00006EF2
00:03:09 | DEBUG    | Zero-length repeat marker at offset 0x00007669
00:03:09 | DEBUG    | Zero-length repeat marker at offset 0x0000766C
00:03:09 | DEBUG    | Zero-length repeat marker at offset 0x0000788D
00:03:09 | DEBUG    | Zero-length repeat marker at offset 0x00007A4D
00:03:09 | DEBUG    | Zero-length repeat marker at offset 0x0000811C
00:03:09 | DEBUG    | Zero-length repeat marker at offset 0x000085AF
00:03:09 | DEBUG    | Zero-length repeat marker at offset 0x000085B0
00:03:09 | DEBUG    | Zero-length repeat marker at offset 0x000085ED
00:03:09 | DEBUG    | Zero-length repeat marker at offset 0x00008747
00:03:09 | DEBUG    | Zero-length repeat marker at offset 0x000087CD
00:03:09 | DEBUG    | Zero-length repeat marker at offset 0x000087D0
00:03:09 | DEBUG    | Zero-length repeat marker at offset 0x000089FB
00:03:09 | DEBUG    | Zero-length repeat marker at offset 0x00008C1A
00:03:09 | DEBUG    | Zero-length repeat marker at offset 0x00008E42
00:03:09 | DEBUG    | Zero-length repeat marker at offset 0x0000ACCF
00:03:09 | DEBUG    | Zero-length repeat marker at offset 0x0000B695
00:03:09 | DEBUG    | Zero-length repeat marker at offset 0x0000B696
00:03:09 | DEBUG    | Zero-length repeat marker at offset 0x0000B886
00:03:09 | DEBUG    | Zero-length repeat marker at offset 0x0000BADB
00:03:09 | DEBUG    | Zero-length repeat marker at offset 0x0000BAE0
00:03:09 | DEBUG    | Zero-length repeat marker at offset 0x0000BC7E
00:03:09 | DEBUG    | Zero-length repeat marker at offset 0x0000BE9F
00:03:09 | DEBUG    | Zero-length repeat marker at offset 0x0000BEA0
00:03:09 | DEBUG    | Zero-length repeat marker at offset 0x0000C129
00:03:09 | DEBUG    | Zero-length repeat marker at offset 0x0000C752
00:03:09 | DEBUG    | Zero-length repeat marker at offset 0x0000C954
00:03:09 | DEBUG    | Zero-length repeat marker at offset 0x0000CB70
00:03:09 | DEBUG    | Zero-length repeat marker at offset 0x0000CC90
00:03:09 | DEBUG    | Zero-length repeat marker at offset 0x0000D3E9
00:03:09 | DEBUG    | Zero-length repeat marker at offset 0x0000D3EA
00:03:09 | DEBUG    | Zero-length repeat marker at offset 0x0000D580
00:03:09 | DEBUG    | Zero-length repeat marker at offset 0x0000DD9F
00:03:09 | DEBUG    | Zero-length repeat marker at offset 0x0000DED0
00:03:09 | DEBUG    | Zero-length repeat marker at offset 0x0000DFB5
00:03:09 | DEBUG    | Zero-length repeat marker at offset 0x0000E0F3
00:03:09 | DEBUG    | Zero-length repeat marker at offset 0x0000E64C
00:03:09 | DEBUG    | Zero-length repeat marker at offset 0x0000E6D4
00:03:09 | DEBUG    | Zero-length repeat marker at offset 0x0000E79C
00:03:09 | DEBUG    | Zero-length repeat marker at offset 0x0000EBE6
00:03:09 | DEBUG    | Zero-length repeat marker at offset 0x0000F1F4
00:03:09 | DEBUG    | Zero-length repeat marker at offset 0x0000F2CC
00:03:09 | DEBUG    | Zero-length repeat marker at offset 0x0000F2CD
00:03:09 | DEBUG    | Zero-length repeat marker at offset 0x0000F436
00:03:09 | DEBUG    | Zero-length repeat marker at offset 0x0000F439
00:03:09 | DEBUG    | Zero-length repeat marker at offset 0x0001016D
00:03:09 | DEBUG    | Zero-length repeat marker at offset 0x00010170
00:03:09 | DEBUG    | Zero-length repeat marker at offset 0x000101AF
00:03:09 | DEBUG    | Zero-length repeat marker at offset 0x000103D1
00:03:09 | DEBUG    | Zero-length repeat marker at offset 0x000111C4
00:03:09 | DEBUG    | Zero-length repeat marker at offset 0x000114AB
00:03:09 | DEBUG    | Zero-length repeat marker at offset 0x00011536
00:03:09 | DEBUG    | Zero-length repeat marker at offset 0x00011D01
00:03:09 | DEBUG    | Zero-length repeat marker at offset 0x00011EA6
00:03:09 | DEBUG    | Zero-length repeat marker at offset 0x00011F76
00:03:09 | DEBUG    | Zero-length repeat marker at offset 0x00011F85
00:03:09 | DEBUG    | Zero-length repeat marker at offset 0x00011F88
00:03:09 | DEBUG    | Zero-length repeat marker at offset 0x000128A4
00:03:09 | DEBUG    | Zero-length repeat marker at offset 0x00012E21
00:03:09 | DEBUG    | Zero-length repeat marker at offset 0x00013411
00:03:09 | DEBUG    | Zero-length repeat marker at offset 0x00013A5D
00:03:09 | DEBUG    | Zero-length repeat marker at offset 0x000145AB
00:03:09 | DEBUG    | Zero-length repeat marker at offset 0x000145AC
00:03:09 | DEBUG    | Zero-length repeat marker at offset 0x00015105
00:03:09 | DEBUG    | Zero-length repeat marker at offset 0x00015567
00:03:09 | DEBUG    | Zero-length repeat marker at offset 0x000158FF
00:03:09 | DEBUG    | Zero-length repeat marker at offset 0x000161BD
00:03:09 | DEBUG    | Zero-length repeat marker at offset 0x00016EA6
00:03:09 | DEBUG    | Zero-length repeat marker at offset 0x00017117
00:03:09 | DEBUG    | Zero-length repeat marker at offset 0x00017118
00:03:09 | DEBUG    | Zero-length repeat marker at offset 0x00017F75
00:03:09 | DEBUG    | Zero-length repeat marker at offset 0x00018345
00:03:09 | DEBUG    | Zero-length repeat marker at offset 0x00018EBB
00:03:09 | DEBUG    | Zero-length repeat marker at offset 0x000190E8
00:03:09 | DEBUG    | Zero-length repeat marker at offset 0x000190E9
00:03:09 | DEBUG    | Zero-length repeat marker at offset 0x0001A1B7
00:03:09 | DEBUG    | Zero-length repeat marker at offset 0x0001AFA2
00:03:09 | DEBUG    | Zero-length repeat marker at offset 0x0001B691
00:03:09 | DEBUG    | Zero-length repeat marker at offset 0x0001B71C
00:03:09 | DEBUG    | Zero-length repeat marker at offset 0x0001B71D
00:03:09 | DEBUG    | Zero-length repeat marker at offset 0x0001BA96
00:03:09 | DEBUG    | Zero-length repeat marker at offset 0x0001C1CC
00:03:09 | DEBUG    | Zero-length repeat marker at offset 0x0001C97A
00:03:09 | DEBUG    | Zero-length repeat marker at offset 0x0001C97B
00:03:09 | DEBUG    | Zero-length repeat marker at offset 0x0001CC07
00:03:09 | DEBUG    | Zero-length repeat marker at offset 0x0001CD38
00:03:09 | DEBUG    | Zero-length repeat marker at offset 0x0001CD3B
00:03:09 | DEBUG    | Zero-length repeat marker at offset 0x0001CD3C
00:03:09 | DEBUG    | Zero-length repeat marker at offset 0x0001D896
00:03:09 | DEBUG    | Zero-length repeat marker at offset 0x0001D897
00:03:09 | DEBUG    | Zero-length repeat marker at offset 0x0001DB4A
00:03:09 | DEBUG    | Zero-length repeat marker at offset 0x0001E364
00:03:09 | DEBUG    | Zero-length repeat marker at offset 0x0001E41F
00:03:09 | DEBUG    | Zero-length repeat marker at offset 0x0001E570
00:03:09 | DEBUG    | Zero-length repeat marker at offset 0x0001F498
00:03:09 | DEBUG    | Zero-length repeat marker at offset 0x0001F4D2
00:03:09 | DEBUG    | Zero-length repeat marker at offset 0x0001F4D3
00:03:09 | DEBUG    | Zero-length repeat marker at offset 0x00020859
00:03:09 | DEBUG    | Zero-length repeat marker at offset 0x000223F3
00:03:09 | DEBUG    | Zero-length repeat marker at offset 0x00022CAB
00:03:09 | DEBUG    | Zero-length repeat marker at offset 0x00023479
00:03:09 | DEBUG    | Zero-length repeat marker at offset 0x0002347C
00:03:09 | DEBUG    | Zero-length repeat marker at offset 0x000237EF
00:03:09 | DEBUG    | Zero-length repeat marker at offset 0x00023ABD
00:03:09 | DEBUG    | Zero-length repeat marker at offset 0x00023AC4
00:03:09 | DEBUG    | Zero-length repeat marker at offset 0x00023E34
00:03:09 | DEBUG    | Zero-length repeat marker at offset 0x00024257
00:03:09 | DEBUG    | Zero-length repeat marker at offset 0x0002434D
00:03:09 | DEBUG    | Zero-length repeat marker at offset 0x000245FF
00:03:09 | DEBUG    | Zero-length repeat marker at offset 0x00024E24
00:03:09 | DEBUG    | Zero-length repeat marker at offset 0x00025175
00:03:09 | DEBUG    | Zero-length repeat marker at offset 0x00025537
00:03:09 | DEBUG    | Zero-length repeat marker at offset 0x00025DDD
00:03:09 | DEBUG    | Zero-length repeat marker at offset 0x00026447
00:03:09 | DEBUG    | Zero-length repeat marker at offset 0x00026448
00:03:09 | DEBUG    | Zero-length repeat marker at offset 0x000264DC
00:03:09 | DEBUG    | Zero-length repeat marker at offset 0x0002651B
00:03:09 | DEBUG    | Zero-length repeat marker at offset 0x00026762
00:03:09 | DEBUG    | Zero-length repeat marker at offset 0x00026A2F
00:03:09 | ERROR    | Decode error: Decoded too many pixels (307229/307200)
00:07:20 | DEBUG    | Decoding htshotc.stp (640x480)
00:07:20 | DEBUG    | Zero-length repeat marker at 0x00000682
00:07:20 | DEBUG    | Zero-length repeat marker at 0x0000093F
00:07:20 | DEBUG    | Zero-length repeat marker at 0x00000A39
00:07:20 | DEBUG    | Zero-length repeat marker at 0x00000FA1
00:07:20 | DEBUG    | Zero-length repeat marker at 0x000011BB
00:07:20 | DEBUG    | Zero-length repeat marker at 0x00001424
00:07:20 | DEBUG    | Zero-length repeat marker at 0x0000149C
00:07:20 | DEBUG    | Zero-length repeat marker at 0x00001919
00:07:20 | DEBUG    | Zero-length repeat marker at 0x00001A38
00:07:20 | DEBUG    | Zero-length repeat marker at 0x00001A39
00:07:20 | DEBUG    | Zero-length repeat marker at 0x00001FA3
00:07:20 | DEBUG    | Zero-length repeat marker at 0x00002503
00:07:20 | DEBUG    | Zero-length repeat marker at 0x00002816
00:07:20 | DEBUG    | Zero-length repeat marker at 0x00002C61
00:07:20 | DEBUG    | Zero-length repeat marker at 0x00002E88
00:07:20 | DEBUG    | Zero-length repeat marker at 0x00002FB3
00:07:20 | DEBUG    | Zero-length repeat marker at 0x00003312
00:07:20 | DEBUG    | Zero-length repeat marker at 0x00003C36
00:07:20 | DEBUG    | Zero-length repeat marker at 0x00003F83
00:07:20 | DEBUG    | Zero-length repeat marker at 0x00004189
00:07:20 | DEBUG    | Zero-length repeat marker at 0x0000448A
00:07:20 | DEBUG    | Zero-length repeat marker at 0x0000448B
00:07:20 | DEBUG    | Zero-length repeat marker at 0x00004CB5
00:07:20 | DEBUG    | Zero-length repeat marker at 0x00004E31
00:07:20 | DEBUG    | Zero-length repeat marker at 0x00004EF7
00:07:20 | DEBUG    | Zero-length repeat marker at 0x000053AB
00:07:20 | DEBUG    | Zero-length repeat marker at 0x00005634
00:07:20 | DEBUG    | Zero-length repeat marker at 0x00005635
00:07:20 | DEBUG    | Zero-length repeat marker at 0x00005863
00:07:20 | DEBUG    | Zero-length repeat marker at 0x00005866
00:07:20 | DEBUG    | Zero-length repeat marker at 0x00005BA5
00:07:20 | DEBUG    | Zero-length repeat marker at 0x000062D1
00:07:20 | DEBUG    | Zero-length repeat marker at 0x00006449
00:07:20 | DEBUG    | Zero-length repeat marker at 0x0000644A
00:07:20 | DEBUG    | Zero-length repeat marker at 0x000068B9
00:07:20 | DEBUG    | Zero-length repeat marker at 0x00006EF2
00:07:20 | DEBUG    | Zero-length repeat marker at 0x00007669
00:07:20 | DEBUG    | Zero-length repeat marker at 0x0000766C
00:07:20 | DEBUG    | Zero-length repeat marker at 0x0000788D
00:07:20 | DEBUG    | Zero-length repeat marker at 0x00007A4D
00:07:20 | DEBUG    | Zero-length repeat marker at 0x0000811C
00:07:20 | DEBUG    | Zero-length repeat marker at 0x000085AF
00:07:20 | DEBUG    | Zero-length repeat marker at 0x000085B0
00:07:20 | DEBUG    | Zero-length repeat marker at 0x000085ED
00:07:20 | DEBUG    | Zero-length repeat marker at 0x00008747
00:07:20 | DEBUG    | Zero-length repeat marker at 0x000087CD
00:07:20 | DEBUG    | Zero-length repeat marker at 0x000087D0
00:07:20 | DEBUG    | Zero-length repeat marker at 0x000089FB
00:07:20 | DEBUG    | Zero-length repeat marker at 0x00008C1A
00:07:20 | DEBUG    | Zero-length repeat marker at 0x00008E42
00:07:20 | DEBUG    | Zero-length repeat marker at 0x0000ACCF
00:07:20 | DEBUG    | Zero-length repeat marker at 0x0000B695
00:07:20 | DEBUG    | Zero-length repeat marker at 0x0000B696
00:07:20 | DEBUG    | Zero-length repeat marker at 0x0000B886
00:07:20 | DEBUG    | Zero-length repeat marker at 0x0000BADB
00:07:20 | DEBUG    | Zero-length repeat marker at 0x0000BAE0
00:07:20 | DEBUG    | Zero-length repeat marker at 0x0000BC7E
00:07:20 | DEBUG    | Zero-length repeat marker at 0x0000BE9F
00:07:20 | DEBUG    | Zero-length repeat marker at 0x0000BEA0
00:07:20 | DEBUG    | Zero-length repeat marker at 0x0000C129
00:07:20 | DEBUG    | Zero-length repeat marker at 0x0000C752
00:07:20 | DEBUG    | Zero-length repeat marker at 0x0000C954
00:07:20 | DEBUG    | Zero-length repeat marker at 0x0000CB70
00:07:20 | DEBUG    | Zero-length repeat marker at 0x0000CC90
00:07:20 | DEBUG    | Zero-length repeat marker at 0x0000D3E9
00:07:20 | DEBUG    | Zero-length repeat marker at 0x0000D3EA
00:07:20 | DEBUG    | Zero-length repeat marker at 0x0000D580
00:07:20 | DEBUG    | Zero-length repeat marker at 0x0000DD9F
00:07:20 | DEBUG    | Zero-length repeat marker at 0x0000DED0
00:07:20 | DEBUG    | Zero-length repeat marker at 0x0000DFB5
00:07:20 | DEBUG    | Zero-length repeat marker at 0x0000E0F3
00:07:20 | DEBUG    | Zero-length repeat marker at 0x0000E64C
00:07:20 | DEBUG    | Zero-length repeat marker at 0x0000E6D4
00:07:20 | DEBUG    | Zero-length repeat marker at 0x0000E79C
00:07:20 | DEBUG    | Zero-length repeat marker at 0x0000EBE6
00:07:20 | DEBUG    | Zero-length repeat marker at 0x0000F1F4
00:07:20 | DEBUG    | Zero-length repeat marker at 0x0000F2CC
00:07:20 | DEBUG    | Zero-length repeat marker at 0x0000F2CD
00:07:20 | DEBUG    | Zero-length repeat marker at 0x0000F436
00:07:20 | DEBUG    | Zero-length repeat marker at 0x0000F439
00:07:20 | DEBUG    | Zero-length repeat marker at 0x0001016D
00:07:20 | DEBUG    | Zero-length repeat marker at 0x00010170
00:07:20 | DEBUG    | Zero-length repeat marker at 0x000101AF
00:07:20 | DEBUG    | Zero-length repeat marker at 0x000103D1
00:07:20 | DEBUG    | Zero-length repeat marker at 0x000111C4
00:07:20 | DEBUG    | Zero-length repeat marker at 0x000114AB
00:07:20 | DEBUG    | Zero-length repeat marker at 0x00011536
00:07:20 | DEBUG    | Zero-length repeat marker at 0x00011D01
00:07:20 | DEBUG    | Zero-length repeat marker at 0x00011EA6
00:07:20 | DEBUG    | Zero-length repeat marker at 0x00011F76
00:07:20 | DEBUG    | Zero-length repeat marker at 0x00011F85
00:07:20 | DEBUG    | Zero-length repeat marker at 0x00011F88
00:07:20 | DEBUG    | Zero-length repeat marker at 0x000128A4
00:07:20 | DEBUG    | Zero-length repeat marker at 0x00012E21
00:07:20 | DEBUG    | Zero-length repeat marker at 0x00013411
00:07:20 | DEBUG    | Zero-length repeat marker at 0x00013A5D
00:07:20 | DEBUG    | Zero-length repeat marker at 0x000145AB
00:07:20 | DEBUG    | Zero-length repeat marker at 0x000145AC
00:07:20 | DEBUG    | Zero-length repeat marker at 0x00015105
00:07:20 | DEBUG    | Zero-length repeat marker at 0x00015567
00:07:20 | DEBUG    | Zero-length repeat marker at 0x000158FF
00:07:20 | DEBUG    | Zero-length repeat marker at 0x000161BD
00:07:20 | DEBUG    | Zero-length repeat marker at 0x00016EA6
00:07:20 | DEBUG    | Zero-length repeat marker at 0x00017117
00:07:20 | DEBUG    | Zero-length repeat marker at 0x00017118
00:07:20 | DEBUG    | Zero-length repeat marker at 0x00017F75
00:07:20 | DEBUG    | Zero-length repeat marker at 0x00018345
00:07:20 | DEBUG    | Zero-length repeat marker at 0x00018EBB
00:07:20 | DEBUG    | Zero-length repeat marker at 0x000190E8
00:07:20 | DEBUG    | Zero-length repeat marker at 0x000190E9
00:07:20 | DEBUG    | Zero-length repeat marker at 0x0001A1B7
00:07:20 | DEBUG    | Zero-length repeat marker at 0x0001AFA2
00:07:20 | DEBUG    | Zero-length repeat marker at 0x0001B691
00:07:20 | DEBUG    | Zero-length repeat marker at 0x0001B71C
00:07:20 | DEBUG    | Zero-length repeat marker at 0x0001B71D
00:07:20 | DEBUG    | Zero-length repeat marker at 0x0001BA96
00:07:20 | DEBUG    | Zero-length repeat marker at 0x0001C1CC
00:07:20 | DEBUG    | Zero-length repeat marker at 0x0001C97A
00:07:20 | DEBUG    | Zero-length repeat marker at 0x0001C97B
00:07:20 | DEBUG    | Zero-length repeat marker at 0x0001CC07
00:07:20 | DEBUG    | Zero-length repeat marker at 0x0001CD38
00:07:20 | DEBUG    | Zero-length repeat marker at 0x0001CD3B
00:07:20 | DEBUG    | Zero-length repeat marker at 0x0001CD3C
00:07:20 | DEBUG    | Zero-length repeat marker at 0x0001D896
00:07:20 | DEBUG    | Zero-length repeat marker at 0x0001D897
00:07:20 | DEBUG    | Zero-length repeat marker at 0x0001DB4A
00:07:20 | DEBUG    | Zero-length repeat marker at 0x0001E364
00:07:20 | DEBUG    | Zero-length repeat marker at 0x0001E41F
00:07:20 | DEBUG    | Zero-length repeat marker at 0x0001E570
00:07:20 | DEBUG    | Zero-length repeat marker at 0x0001F498
00:07:20 | DEBUG    | Zero-length repeat marker at 0x0001F4D2
00:07:20 | DEBUG    | Zero-length repeat marker at 0x0001F4D3
00:07:20 | DEBUG    | Zero-length repeat marker at 0x00020859
00:07:20 | DEBUG    | Zero-length repeat marker at 0x000223F3
00:07:20 | DEBUG    | Zero-length repeat marker at 0x00022CAB
00:07:20 | DEBUG    | Zero-length repeat marker at 0x00023479
00:07:20 | DEBUG    | Zero-length repeat marker at 0x0002347C
00:07:20 | DEBUG    | Zero-length repeat marker at 0x000237EF
00:07:20 | DEBUG    | Zero-length repeat marker at 0x00023ABD
00:07:20 | DEBUG    | Zero-length repeat marker at 0x00023AC4
00:07:20 | DEBUG    | Zero-length repeat marker at 0x00023E34
00:07:20 | DEBUG    | Zero-length repeat marker at 0x00024257
00:07:20 | DEBUG    | Zero-length repeat marker at 0x0002434D
00:07:20 | DEBUG    | Zero-length repeat marker at 0x000245FF
00:07:20 | DEBUG    | Zero-length repeat marker at 0x00024E24
00:07:20 | DEBUG    | Zero-length repeat marker at 0x00025175
00:07:20 | DEBUG    | Zero-length repeat marker at 0x00025537
00:07:20 | DEBUG    | Zero-length repeat marker at 0x00025DDD
00:07:20 | DEBUG    | Zero-length repeat marker at 0x00026447
00:07:20 | DEBUG    | Zero-length repeat marker at 0x00026448
00:07:20 | DEBUG    | Zero-length repeat marker at 0x000264DC
00:07:20 | DEBUG    | Zero-length repeat marker at 0x0002651B
00:07:20 | DEBUG    | Zero-length repeat marker at 0x00026762
00:07:20 | DEBUG    | Zero-length repeat marker at 0x00026A2F
00:07:20 | DEBUG    | Zero-length repeat marker at 0x00026CE9
00:07:20 | DEBUG    | Zero-length repeat marker at 0x00026CEA
00:07:20 | DEBUG    | Zero-length repeat marker at 0x00026F33
00:07:20 | DEBUG    | Zero-length repeat marker at 0x0002710A
00:07:20 | DEBUG    | Zero-length repeat marker at 0x000271B4
00:07:20 | DEBUG    | Zero-length repeat marker at 0x000275F1
00:07:20 | DEBUG    | Zero-length repeat marker at 0x00027832
00:07:20 | DEBUG    | Zero-length repeat marker at 0x00027835
00:07:20 | DEBUG    | Zero-length repeat marker at 0x00027BBE
00:07:20 | DEBUG    | Zero-length repeat marker at 0x00028768
00:07:20 | DEBUG    | Zero-length repeat marker at 0x00028769
00:07:20 | DEBUG    | Zero-length repeat marker at 0x000287E3
00:07:20 | DEBUG    | Zero-length repeat marker at 0x0002934D
00:07:20 | DEBUG    | Zero-length repeat marker at 0x00029470
00:07:20 | DEBUG    | Zero-length repeat marker at 0x000294EC
00:07:20 | DEBUG    | Zero-length repeat marker at 0x0002A12B
00:07:20 | DEBUG    | Zero-length repeat marker at 0x0002A26A
00:07:20 | DEBUG    | Zero-length repeat marker at 0x0002A26B
00:07:20 | DEBUG    | Zero-length repeat marker at 0x0002A621
00:07:20 | DEBUG    | Zero-length repeat marker at 0x0002A6CB
00:07:20 | DEBUG    | Zero-length repeat marker at 0x0002A920
00:07:20 | DEBUG    | Zero-length repeat marker at 0x0002AB56
00:07:20 | DEBUG    | Zero-length repeat marker at 0x0002AE39
00:07:20 | DEBUG    | Zero-length repeat marker at 0x0002B6BC
00:07:20 | DEBUG    | Zero-length repeat marker at 0x0002C0B3
00:07:20 | DEBUG    | Zero-length repeat marker at 0x0002C879
00:07:20 | DEBUG    | Zero-length repeat marker at 0x0002D153
00:07:20 | DEBUG    | Zero-length repeat marker at 0x0002DC49
00:07:20 | DEBUG    | Zero-length repeat marker at 0x0002DE9D
00:07:20 | DEBUG    | Zero-length repeat marker at 0x0002DE9E
00:07:20 | DEBUG    | Zero-length repeat marker at 0x0002DFDD
00:07:20 | DEBUG    | Zero-length repeat marker at 0x0002F258
00:07:20 | DEBUG    | Zero-length repeat marker at 0x0002F4D7
00:07:20 | DEBUG    | Zero-length repeat marker at 0x0002F6BF
00:07:20 | DEBUG    | Zero-length repeat marker at 0x0002F8D8
00:07:20 | DEBUG    | Zero-length repeat marker at 0x0002FA94
00:07:20 | DEBUG    | Zero-length repeat marker at 0x0002FC85
00:07:20 | DEBUG    | Zero-length repeat marker at 0x00030E33
00:07:20 | DEBUG    | Zero-length repeat marker at 0x00030F9B
00:07:20 | DEBUG    | Zero-length repeat marker at 0x000314DC
00:07:20 | DEBUG    | Zero-length repeat marker at 0x00032E63
00:07:20 | DEBUG    | Zero-length repeat marker at 0x000331CE
00:07:20 | DEBUG    | Zero-length repeat marker at 0x00034573
00:07:20 | DEBUG    | Zero-length repeat marker at 0x00034574
00:07:20 | DEBUG    | Zero-length repeat marker at 0x00034BC7
00:07:20 | DEBUG    | Zero-length repeat marker at 0x00034C0C
00:07:20 | DEBUG    | Zero-length repeat marker at 0x00034FB3
00:07:20 | DEBUG    | Zero-length repeat marker at 0x00034FB8
00:07:20 | DEBUG    | Zero-length repeat marker at 0x00035063
00:07:20 | DEBUG    | Zero-length repeat marker at 0x0003529D
00:07:20 | DEBUG    | Zero-length repeat marker at 0x00035C47
00:07:20 | DEBUG    | Zero-length repeat marker at 0x00035D39
00:07:20 | DEBUG    | Zero-length repeat marker at 0x00036175
00:07:20 | DEBUG    | Zero-length repeat marker at 0x00036251
00:07:20 | DEBUG    | Zero-length repeat marker at 0x00036CDB
00:07:20 | DEBUG    | Zero-length repeat marker at 0x000370C4
00:07:20 | DEBUG    | Zero-length repeat marker at 0x00037EA5
00:07:20 | DEBUG    | Zero-length repeat marker at 0x00037EE5
00:07:20 | DEBUG    | Zero-length repeat marker at 0x00038108
00:07:20 | DEBUG    | Zero-length repeat marker at 0x000386EF
00:07:20 | DEBUG    | Zero-length repeat marker at 0x000386F0
00:07:20 | DEBUG    | Zero-length repeat marker at 0x0003909B
00:07:20 | DEBUG    | Zero-length repeat marker at 0x0003909C
00:07:20 | DEBUG    | Zero-length repeat marker at 0x0003A5C1
00:07:20 | DEBUG    | Zero-length repeat marker at 0x0003A665
00:07:20 | DEBUG    | Zero-length repeat marker at 0x0003A758
00:07:20 | DEBUG    | Zero-length repeat marker at 0x0003AA89
00:07:20 | DEBUG    | Zero-length repeat marker at 0x0003AC59
00:07:20 | DEBUG    | Zero-length repeat marker at 0x0003B0AA
00:07:20 | DEBUG    | Zero-length repeat marker at 0x0003BD53
00:07:20 | DEBUG    | Zero-length repeat marker at 0x0003C5A7
00:07:20 | DEBUG    | Zero-length repeat marker at 0x0003C63B
00:07:20 | DEBUG    | Zero-length repeat marker at 0x0003CB16
00:07:20 | DEBUG    | Zero-length repeat marker at 0x0003CE7E
00:07:20 | WARNING  | Decoded too many pixels (450199/307200); truncating
00:07:20 | WARNING  | LONG COLOR RUN | color=0x3B len=114 pixels=177..290 src_offsets=0x000000BC
00:07:20 | WARNING  | LONG COLOR RUN | color=0xB5 len=67 pixels=291..357 src_offsets=0x000000BE
00:07:20 | WARNING  | LONG COLOR RUN | color=0xB1 len=67 pixels=358..424 src_offsets=0x000000C0
00:07:20 | WARNING  | LONG COLOR RUN | color=0x45 len=49 pixels=425..473 src_offsets=0x000000C2
00:07:20 | WARNING  | LONG COLOR RUN | color=0x04 len=37 pixels=474..510 src_offsets=0x000000C4
00:07:20 | WARNING  | LONG COLOR RUN | color=0xE2 len=92 pixels=667..758 src_offsets=0x00000164
00:07:20 | WARNING  | LONG COLOR RUN | color=0x4D len=98 pixels=944..1041 src_offsets=0x00000222
00:07:20 | WARNING  | LONG COLOR RUN | color=0xB3 len=49 pixels=1286..1334 src_offsets=0x00000301
00:07:20 | WARNING  | LONG COLOR RUN | color=0xB1 len=51 pixels=1335..1385 src_offsets=0x00000303
00:07:20 | WARNING  | LONG COLOR RUN | color=0x43 len=37 pixels=1386..1422 src_offsets=0x00000305
00:07:20 | WARNING  | LONG COLOR RUN | color=0x11 len=51 pixels=1423..1473 src_offsets=0x00000307
00:07:20 | WARNING  | LONG COLOR RUN | color=0x9B len=52 pixels=1501..1552 src_offsets=0x0000030B
00:07:20 | WARNING  | LONG COLOR RUN | color=0xB1 len=81 pixels=1553..1633 src_offsets=0x0000030D
00:07:20 | WARNING  | LONG COLOR RUN | color=0xC6 len=49 pixels=1634..1682 src_offsets=0x0000030F
00:07:20 | WARNING  | LONG COLOR RUN | color=0xB4 len=51 pixels=1683..1733 src_offsets=0x00000311
00:07:20 | WARNING  | LONG COLOR RUN | color=0xB1 len=51 pixels=2132..2182 src_offsets=0x000004A7
00:07:20 | WARNING  | LONG COLOR RUN | color=0xE4 len=83 pixels=2183..2265 src_offsets=0x000004A9
00:07:20 | WARNING  | LONG COLOR RUN | color=0xB5 len=99 pixels=2268..2366 src_offsets=0x000004AD
00:07:20 | WARNING  | LONG COLOR RUN | color=0x39 len=53 pixels=2367..2419 src_offsets=0x000004AF
00:07:20 | WARNING  | LONG COLOR RUN | color=0x43 len=114 pixels=2876..2989 src_offsets=0x00000680
00:07:20 | WARNING  | LONG COLOR RUN | color=0x02 len=49 pixels=3274..3322 src_offsets=0x000007A5
00:07:20 | WARNING  | LONG COLOR RUN | color=0xB1 len=37 pixels=3323..3359 src_offsets=0x000007A7
00:07:20 | WARNING  | LONG COLOR RUN | color=0x02 len=114 pixels=3480..3593 src_offsets=0x00000823
00:07:20 | WARNING  | LONG COLOR RUN | color=0xC3 len=53 pixels=3594..3646 src_offsets=0x00000825
00:07:20 | WARNING  | LONG COLOR RUN | color=0x39 len=99 pixels=3850..3948 src_offsets=0x000008F5
00:07:20 | WARNING  | LONG COLOR RUN | color=0xB3 len=98 pixels=4016..4113 src_offsets=0x0000093B
00:07:20 | WARNING  | LONG COLOR RUN | color=0x3B len=81 pixels=4114..4194 src_offsets=0x0000093D
00:07:20 | WARNING  | LONG COLOR RUN | color=0x43 len=51 pixels=4277..4327 src_offsets=0x00000993
00:07:20 | WARNING  | LONG COLOR RUN | color=0x0E len=70 pixels=4328..4397 src_offsets=0x00000995
00:07:20 | WARNING  | LONG COLOR RUN | color=0xE2 len=98 pixels=4398..4495 src_offsets=0x00000997
00:07:20 | WARNING  | LONG COLOR RUN | color=0xC3 len=67 pixels=4496..4562 src_offsets=0x00000999
00:07:20 | WARNING  | LONG COLOR RUN | color=0xE2 len=151 pixels=4563..4713 src_offsets=0x0000099B, 0x0000099D
00:07:20 | WARNING  | LONG COLOR RUN | color=0xB5 len=53 pixels=4714..4766 src_offsets=0x0000099F
00:07:20 | WARNING  | LONG COLOR RUN | color=0xE2 len=67 pixels=4767..4833 src_offsets=0x000009A1
00:07:20 | WARNING  | LONG COLOR RUN | color=0xB1 len=67 pixels=4834..4900 src_offsets=0x000009A3
00:07:20 | WARNING  | LONG COLOR RUN | color=0xF2 len=114 pixels=5042..5155 src_offsets=0x00000A35
00:07:20 | WARNING  | LONG COLOR RUN | color=0x3B len=115 pixels=5158..5272 src_offsets=0x00000A3A, 0x00000A3C
00:07:20 | WARNING  | LONG COLOR RUN | color=0x44 len=53 pixels=5483..5535 src_offsets=0x00000B13
00:07:20 | WARNING  | LONG COLOR RUN | color=0x81 len=115 pixels=5592..5706 src_offsets=0x00000B4F
00:07:20 | WARNING  | LONG COLOR RUN | color=0xF2 len=114 pixels=5707..5820 src_offsets=0x00000B51
00:07:20 | WARNING  | LONG COLOR RUN | color=0xF3 len=115 pixels=5821..5935 src_offsets=0x00000B53
00:07:20 | WARNING  | LONG COLOR RUN | color=0x02 len=114 pixels=6437..6550 src_offsets=0x00000D4F
00:07:20 | WARNING  | LONG COLOR RUN | color=0x38 len=98 pixels=6609..6706 src_offsets=0x00000D8C
00:07:20 | WARNING  | LONG COLOR RUN | color=0x0F len=115 pixels=6709..6823 src_offsets=0x00000D90
00:07:20 | WARNING  | LONG COLOR RUN | color=0x83 len=85 pixels=6824..6908 src_offsets=0x00000D92
00:07:20 | WARNING  | LONG COLOR RUN | color=0x43 len=37 pixels=7181..7217 src_offsets=0x00000EA9
00:07:20 | WARNING  | LONG COLOR RUN | color=0x03 len=49 pixels=7218..7266 src_offsets=0x00000EAB
00:07:20 | WARNING  | LONG COLOR RUN | color=0xA5 len=37 pixels=7267..7303 src_offsets=0x00000EAD
00:07:20 | WARNING  | LONG COLOR RUN | color=0x45 len=49 pixels=7304..7352 src_offsets=0x00000EAF
00:07:20 | WARNING  | LONG COLOR RUN | color=0x04 len=67 pixels=7353..7419 src_offsets=0x00000EB1
00:07:20 | WARNING  | LONG COLOR RUN | color=0xE2 len=53 pixels=7420..7472 src_offsets=0x00000EB3
00:07:20 | WARNING  | LONG COLOR RUN | color=0x3A len=98 pixels=7473..7570 src_offsets=0x00000EB5
00:07:20 | WARNING  | LONG COLOR RUN | color=0xF1 len=49 pixels=7640..7688 src_offsets=0x00000EFD
00:07:20 | WARNING  | LONG COLOR RUN | color=0x80 len=114 pixels=7847..7960 src_offsets=0x00000F9F
00:07:20 | WARNING  | LONG COLOR RUN | color=0x3A len=114 pixels=7961..8074 src_offsets=0x00000FA2
00:07:20 | WARNING  | LONG COLOR RUN | color=0xD1 len=81 pixels=8315..8395 src_offsets=0x00001096
00:07:20 | WARNING  | LONG COLOR RUN | color=0xB3 len=38 pixels=8449..8486 src_offsets=0x000010CE
00:07:20 | WARNING  | LONG COLOR RUN | color=0xB1 len=51 pixels=8487..8537 src_offsets=0x000010D0
00:07:20 | WARNING  | LONG COLOR RUN | color=0x33 len=51 pixels=8664..8714 src_offsets=0x00001152
00:07:20 | WARNING  | LONG COLOR RUN | color=0xB1 len=51 pixels=9012..9062 src_offsets=0x00001283
00:07:20 | WARNING  | LONG COLOR RUN | color=0xE2 len=67 pixels=9063..9129 src_offsets=0x00001285
00:07:20 | WARNING  | LONG COLOR RUN | color=0xB1 len=51 pixels=9394..9444 src_offsets=0x00001394
00:07:20 | WARNING  | LONG COLOR RUN | color=0xC3 len=49 pixels=9445..9493 src_offsets=0x00001396
00:07:20 | WARNING  | LONG COLOR RUN | color=0xB1 len=49 pixels=9494..9542 src_offsets=0x00001398
00:07:20 | WARNING  | LONG COLOR RUN | color=0x81 len=114 pixels=9544..9657 src_offsets=0x0000139C
00:07:20 | WARNING  | LONG COLOR RUN | color=0x34 len=114 pixels=10021..10134 src_offsets=0x000014D9, 0x00001515
00:07:20 | WARNING  | LONG COLOR RUN | color=0x38 len=48 pixels=10135..10182 src_offsets=0x00001517
00:07:20 | WARNING  | LONG COLOR RUN | color=0xB1 len=53 pixels=10252..10304 src_offsets=0x0000155F
00:07:20 | WARNING  | LONG COLOR RUN | color=0xB8 len=56 pixels=10305..10360 src_offsets=0x00001561
00:07:20 | WARNING  | LONG COLOR RUN | color=0xC3 len=99 pixels=10431..10529 src_offsets=0x000015AA
00:07:20 | WARNING  | LONG COLOR RUN | color=0xB3 len=53 pixels=10530..10582 src_offsets=0x000015AC
00:07:20 | WARNING  | LONG COLOR RUN | color=0xB8 len=56 pixels=10583..10638 src_offsets=0x000015AE
00:07:20 | WARNING  | LONG COLOR RUN | color=0xC3 len=70 pixels=10639..10708 src_offsets=0x000015B0
00:07:20 | WARNING  | LONG COLOR RUN | color=0x37 len=51 pixels=10990..11040 src_offsets=0x000016D0
00:07:20 | WARNING  | LONG COLOR RUN | color=0xB5 len=53 pixels=11100..11152 src_offsets=0x0000170E
00:07:20 | WARNING  | LONG COLOR RUN | color=0xD3 len=61 pixels=11382..11442 src_offsets=0x000017F9
00:07:20 | WARNING  | LONG COLOR RUN | color=0xE2 len=67 pixels=11443..11509 src_offsets=0x000017FB
00:07:20 | WARNING  | LONG COLOR RUN | color=0xC6 len=165 pixels=11510..11674 src_offsets=0x000017FD, 0x000017FF
00:07:20 | WARNING  | LONG COLOR RUN | color=0xD1 len=51 pixels=11675..11725 src_offsets=0x00001801
00:07:20 | WARNING  | LONG COLOR RUN | color=0xC6 len=130 pixels=11726..11855 src_offsets=0x00001803, 0x00001805
00:07:20 | WARNING  | LONG COLOR RUN | color=0xC0 len=64 pixels=11856..11919 src_offsets=0x00001807
00:07:20 | WARNING  | LONG COLOR RUN | color=0xB1 len=49 pixels=11920..11968 src_offsets=0x00001809
00:07:20 | WARNING  | LONG COLOR RUN | color=0xB3 len=56 pixels=12221..12276 src_offsets=0x0000190D
00:07:20 | WARNING  | LONG COLOR RUN | color=0xDD len=67 pixels=12277..12343 src_offsets=0x0000190F
00:07:20 | WARNING  | LONG COLOR RUN | color=0xF2 len=84 pixels=12344..12427 src_offsets=0x00001911
00:07:20 | WARNING  | LONG COLOR RUN | color=0x3A len=114 pixels=12428..12541 src_offsets=0x00001913
00:07:20 | WARNING  | LONG COLOR RUN | color=0x69 len=114 pixels=12546..12659 src_offsets=0x0000191C
00:07:20 | WARNING  | LONG COLOR RUN | color=0xF2 len=114 pixels=13129..13242 src_offsets=0x00001AFE
00:07:20 | WARNING  | LONG COLOR RUN | color=0xB5 len=81 pixels=13407..13487 src_offsets=0x00001BA6
00:07:20 | WARNING  | LONG COLOR RUN | color=0xC3 len=120 pixels=13681..13800 src_offsets=0x00001C6C, 0x00001C6E
00:07:20 | WARNING  | LONG COLOR RUN | color=0xE3 len=99 pixels=13801..13899 src_offsets=0x00001C70
00:07:20 | WARNING  | LONG COLOR RUN | color=0x38 len=114 pixels=14150..14263 src_offsets=0x00001D71
00:07:20 | WARNING  | LONG COLOR RUN | color=0x02 len=64 pixels=14553..14616 src_offsets=0x00001E97
00:07:20 | WARNING  | LONG COLOR RUN | color=0xC0 len=67 pixels=14617..14683 src_offsets=0x00001E99
00:07:20 | WARNING  | LONG COLOR RUN | color=0xB1 len=49 pixels=15186..15234 src_offsets=0x0000209C
00:07:20 | WARNING  | LONG COLOR RUN | color=0xE3 len=114 pixels=15440..15553 src_offsets=0x0000216F
00:07:20 | WARNING  | LONG COLOR RUN | color=0x44 len=65 pixels=15921..15985 src_offsets=0x000022E6
00:07:20 | WARNING  | LONG COLOR RUN | color=0x0C len=64 pixels=15986..16049 src_offsets=0x000022E8
00:07:20 | WARNING  | LONG COLOR RUN | color=0xB1 len=49 pixels=16050..16098 src_offsets=0x000022EA
00:07:20 | WARNING  | LONG COLOR RUN | color=0x34 len=52 pixels=16099..16150 src_offsets=0x000022EC
00:07:20 | WARNING  | LONG COLOR RUN | color=0xE4 len=100 pixels=16330..16429 src_offsets=0x000023A4
00:07:20 | WARNING  | LONG COLOR RUN | color=0x43 len=84 pixels=16430..16513 src_offsets=0x000023A6
00:07:20 | WARNING  | LONG COLOR RUN | color=0x3A len=114 pixels=16514..16627 src_offsets=0x000023A8
00:07:20 | WARNING  | LONG COLOR RUN | color=0xE3 len=100 pixels=16628..16727 src_offsets=0x000023AA
00:07:20 | WARNING  | LONG COLOR RUN | color=0x81 len=114 pixels=17064..17177 src_offsets=0x00002504
00:07:20 | WARNING  | LONG COLOR RUN | color=0x38 len=114 pixels=17640..17753 src_offsets=0x000026DB
00:07:20 | WARNING  | LONG COLOR RUN | color=0xB8 len=70 pixels=17809..17878 src_offsets=0x00002715
00:07:20 | WARNING  | LONG COLOR RUN | color=0x43 len=49 pixels=17879..17927 src_offsets=0x00002717
00:07:20 | WARNING  | LONG COLOR RUN | color=0x0D len=51 pixels=17928..17978 src_offsets=0x00002719
00:07:20 | WARNING  | LONG COLOR RUN | color=0x3B len=53 pixels=17979..18031 src_offsets=0x0000271B
00:07:20 | WARNING  | LONG COLOR RUN | color=0x81 len=115 pixels=18032..18146 src_offsets=0x0000271D, 0x0000271F
00:07:20 | WARNING  | LONG COLOR RUN | color=0x3B len=114 pixels=18148..18261 src_offsets=0x00002723
00:07:20 | WARNING  | LONG COLOR RUN | color=0xA5 len=56 pixels=18321..18376 src_offsets=0x00002761
00:07:20 | WARNING  | LONG COLOR RUN | color=0xB8 len=107 pixels=18377..18483 src_offsets=0x00002763, 0x00002765
00:07:20 | WARNING  | LONG COLOR RUN | color=0xBC len=58 pixels=18484..18541 src_offsets=0x00002767
00:07:20 | WARNING  | LONG COLOR RUN | color=0xB3 len=52 pixels=19117..19168 src_offsets=0x000029B3
00:07:20 | WARNING  | LONG COLOR RUN | color=0xC6 len=49 pixels=19169..19217 src_offsets=0x000029B5
00:07:20 | WARNING  | LONG COLOR RUN | color=0x4A len=70 pixels=19218..19287 src_offsets=0x000029B7
00:07:20 | WARNING  | LONG COLOR RUN | color=0x02 len=49 pixels=19288..19336 src_offsets=0x000029B9
00:07:20 | WARNING  | LONG COLOR RUN | color=0xB1 len=67 pixels=19337..19403 src_offsets=0x000029BB
00:07:20 | WARNING  | LONG COLOR RUN | color=0x80 len=114 pixels=19472..19585 src_offsets=0x00002A02
00:07:20 | WARNING  | LONG COLOR RUN | color=0x3B len=61 pixels=19586..19646 src_offsets=0x00002A04
00:07:20 | WARNING  | LONG COLOR RUN | color=0xDA len=86 pixels=19758..19843 src_offsets=0x00002A77
00:07:20 | WARNING  | LONG COLOR RUN | color=0xDC len=92 pixels=19844..19935 src_offsets=0x00002A79
00:07:20 | WARNING  | LONG COLOR RUN | color=0x43 len=93 pixels=19936..20028 src_offsets=0x00002A7B
00:07:20 | WARNING  | LONG COLOR RUN | color=0x1C len=92 pixels=20029..20120 src_offsets=0x00002A7D
00:07:20 | WARNING  | LONG COLOR RUN | color=0xF2 len=114 pixels=20121..20234 src_offsets=0x00002A7F
00:07:20 | WARNING  | LONG COLOR RUN | color=0x3B len=100 pixels=20235..20334 src_offsets=0x00002A81
00:07:20 | WARNING  | LONG COLOR RUN | color=0xB1 len=67 pixels=20598..20664 src_offsets=0x00002B8E
00:07:20 | WARNING  | LONG COLOR RUN | color=0xC3 len=49 pixels=20665..20713 src_offsets=0x00002B90
00:07:20 | WARNING  | LONG COLOR RUN | color=0x38 len=114 pixels=20783..20896 src_offsets=0x00002BD9
00:07:20 | WARNING  | LONG COLOR RUN | color=0xE2 len=147 pixels=20955..21101 src_offsets=0x00002C16, 0x00002C18
00:07:20 | WARNING  | LONG COLOR RUN | color=0x80 len=116 pixels=21168..21283 src_offsets=0x00002C1A, 0x00002C5F
00:07:20 | WARNING  | LONG COLOR RUN | color=0x02 len=49 pixels=21752..21800 src_offsets=0x00002E3E
00:07:20 | WARNING  | LONG COLOR RUN | color=0xB1 len=53 pixels=21801..21853 src_offsets=0x00002E40
00:07:20 | WARNING  | LONG COLOR RUN | color=0xD4 len=93 pixels=22108..22200 src_offsets=0x00002F45
00:07:20 | WARNING  | LONG COLOR RUN | color=0xF2 len=100 pixels=22201..22300 src_offsets=0x00002F47
00:07:20 | WARNING  | LONG COLOR RUN | color=0xB8 len=51 pixels=22545..22595 src_offsets=0x00003042
00:07:20 | WARNING  | LONG COLOR RUN | color=0x45 len=56 pixels=22596..22651 src_offsets=0x00003044
00:07:20 | WARNING  | LONG COLOR RUN | color=0x04 len=51 pixels=22652..22702 src_offsets=0x00003046
00:07:20 | WARNING  | LONG COLOR RUN | color=0xB8 len=56 pixels=22703..22758 src_offsets=0x00003048
00:07:20 | WARNING  | LONG COLOR RUN | color=0xB1 len=70 pixels=22759..22828 src_offsets=0x0000304A
00:07:20 | WARNING  | LONG COLOR RUN | color=0x42 len=51 pixels=22896..22946 src_offsets=0x00003090
00:07:20 | WARNING  | LONG COLOR RUN | color=0x43 len=114 pixels=23085..23198 src_offsets=0x0000311E
00:07:20 | WARNING  | LONG COLOR RUN | color=0x1C len=100 pixels=23199..23298 src_offsets=0x00003120
00:07:20 | WARNING  | LONG COLOR RUN | color=0xE2 len=99 pixels=23299..23397 src_offsets=0x00003122
00:07:20 | WARNING  | LONG COLOR RUN | color=0x44 len=98 pixels=23398..23495 src_offsets=0x00003124
00:07:20 | WARNING  | LONG COLOR RUN | color=0xE4 len=114 pixels=23551..23664 src_offsets=0x0000315E
00:07:20 | WARNING  | LONG COLOR RUN | color=0xF2 len=114 pixels=23665..23778 src_offsets=0x00003160
00:07:20 | WARNING  | LONG COLOR RUN | color=0xD1 len=51 pixels=23885..23935 src_offsets=0x000031CD
00:07:20 | WARNING  | LONG COLOR RUN | color=0xB8 len=49 pixels=24098..24146 src_offsets=0x00003273
00:07:20 | WARNING  | LONG COLOR RUN | color=0xC6 len=37 pixels=24147..24183 src_offsets=0x00003275
00:07:20 | WARNING  | LONG COLOR RUN | color=0x46 len=70 pixels=24184..24253 src_offsets=0x00003277
00:07:20 | WARNING  | LONG COLOR RUN | color=0x45 len=56 pixels=24254..24309 src_offsets=0x00003279
00:07:20 | WARNING  | LONG COLOR RUN | color=0x47 len=100 pixels=24310..24409 src_offsets=0x0000327B, 0x0000327D
00:07:20 | WARNING  | LONG COLOR RUN | color=0x01 len=51 pixels=24410..24460 src_offsets=0x0000327F
00:07:20 | WARNING  | LONG COLOR RUN | color=0x43 len=49 pixels=24461..24509 src_offsets=0x00003281
00:07:20 | WARNING  | LONG COLOR RUN | color=0x08 len=51 pixels=24510..24560 src_offsets=0x00003283
00:07:20 | WARNING  | LONG COLOR RUN | color=0xD1 len=49 pixels=24561..24609 src_offsets=0x00003285
00:07:20 | WARNING  | LONG COLOR RUN | color=0xE2 len=51 pixels=24610..24660 src_offsets=0x00003287
00:07:20 | WARNING  | LONG COLOR RUN | color=0xB3 len=98 pixels=24661..24758 src_offsets=0x00003289
00:07:20 | WARNING  | LONG COLOR RUN | color=0xC6 len=70 pixels=24759..24828 src_offsets=0x0000328B
00:07:20 | WARNING  | LONG COLOR RUN | color=0xB5 len=67 pixels=25332..25398 src_offsets=0x0000348D
00:07:20 | WARNING  | LONG COLOR RUN | color=0xB3 len=49 pixels=25399..25447 src_offsets=0x0000348F
00:07:20 | WARNING  | LONG COLOR RUN | color=0xD3 len=67 pixels=25515..25581 src_offsets=0x000034D5
00:07:20 | WARNING  | LONG COLOR RUN | color=0xC3 len=165 pixels=25582..25746 src_offsets=0x000034D7, 0x000034D9
00:07:20 | WARNING  | LONG COLOR RUN | color=0xF2 len=99 pixels=25747..25845 src_offsets=0x000034DB
00:07:20 | WARNING  | LONG COLOR RUN | color=0x3B len=114 pixels=25846..25959 src_offsets=0x000034DD
00:07:21 | WARNING  | LONG COLOR RUN | color=0x3A len=114 pixels=26043..26156 src_offsets=0x00003534
00:07:21 | WARNING  | LONG COLOR RUN | color=0xD4 len=99 pixels=26157..26255 src_offsets=0x00003536
00:07:21 | WARNING  | LONG COLOR RUN | color=0x03 len=114 pixels=26311..26424 src_offsets=0x00003570
00:07:21 | WARNING  | LONG COLOR RUN | color=0xD3 len=114 pixels=26483..26596 src_offsets=0x000035AD
00:07:21 | WARNING  | LONG COLOR RUN | color=0xF2 len=114 pixels=26597..26710 src_offsets=0x000035AF
00:07:21 | WARNING  | LONG COLOR RUN | color=0xB8 len=70 pixels=26978..27047 src_offsets=0x000036BF
00:07:21 | WARNING  | LONG COLOR RUN | color=0x69 len=98 pixels=27412..27509 src_offsets=0x00003832
00:07:21 | WARNING  | LONG COLOR RUN | color=0x0B len=70 pixels=27615..27684 src_offsets=0x0000389E
00:07:21 | WARNING  | LONG COLOR RUN | color=0xC6 len=49 pixels=27685..27733 src_offsets=0x000038A0
00:07:21 | WARNING  | LONG COLOR RUN | color=0xB3 len=56 pixels=27734..27789 src_offsets=0x000038A2
00:07:21 | WARNING  | LONG COLOR RUN | color=0xB1 len=70 pixels=27790..27859 src_offsets=0x000038A4
00:07:21 | WARNING  | LONG COLOR RUN | color=0xB3 len=49 pixels=27860..27908 src_offsets=0x000038A6
00:07:21 | WARNING  | LONG COLOR RUN | color=0xB1 len=51 pixels=27909..27959 src_offsets=0x000038A8
00:07:21 | WARNING  | LONG COLOR RUN | color=0x48 len=56 pixels=27960..28015 src_offsets=0x000038AA
00:07:21 | WARNING  | LONG COLOR RUN | color=0x43 len=38 pixels=28016..28053 src_offsets=0x000038AC
00:07:21 | WARNING  | LONG COLOR RUN | color=0x0A len=56 pixels=28054..28109 src_offsets=0x000038AE
00:07:21 | WARNING  | LONG COLOR RUN | color=0xB1 len=51 pixels=28110..28160 src_offsets=0x000038B0
00:07:21 | WARNING  | LONG COLOR RUN | color=0xB5 len=49 pixels=28161..28209 src_offsets=0x000038B2
00:07:21 | WARNING  | LONG COLOR RUN | color=0x37 len=83 pixels=28348..28430 src_offsets=0x000038FC, 0x00003943
00:07:21 | WARNING  | LONG COLOR RUN | color=0x80 len=114 pixels=28850..28963 src_offsets=0x00003AEF
00:07:21 | WARNING  | LONG COLOR RUN | color=0x81 len=114 pixels=28964..29077 src_offsets=0x00003AF1
00:07:21 | WARNING  | LONG COLOR RUN | color=0x3B len=114 pixels=29078..29191 src_offsets=0x00003AF3
00:07:21 | WARNING  | LONG COLOR RUN | color=0xE2 len=51 pixels=29260..29310 src_offsets=0x00003B3A
00:07:21 | WARNING  | LONG COLOR RUN | color=0x47 len=98 pixels=29311..29408 src_offsets=0x00003B3C
00:07:21 | WARNING  | LONG COLOR RUN | color=0x08 len=51 pixels=29409..29459 src_offsets=0x00003B3E
00:07:21 | WARNING  | LONG COLOR RUN | color=0xB5 len=98 pixels=29460..29557 src_offsets=0x00003B40
00:07:21 | WARNING  | LONG COLOR RUN | color=0xE4 len=61 pixels=30031..30091 src_offsets=0x00003D24
00:07:21 | WARNING  | LONG COLOR RUN | color=0xDC len=98 pixels=30285..30382 src_offsets=0x00003DEA
00:07:21 | WARNING  | LONG COLOR RUN | color=0x82 len=114 pixels=30646..30759 src_offsets=0x00003EF8
00:07:21 | WARNING  | LONG COLOR RUN | color=0xB1 len=114 pixels=30830..30943 src_offsets=0x00003F41
00:07:21 | WARNING  | LONG COLOR RUN | color=0xA4 len=43 pixels=30944..30986 src_offsets=0x00003F43
00:07:21 | WARNING  | LONG COLOR RUN | color=0x43 len=53 pixels=30987..31039 src_offsets=0x00003F45
00:07:21 | WARNING  | LONG COLOR RUN | color=0xD3 len=50 pixels=31943..31992 src_offsets=0x000042DF
00:07:21 | WARNING  | LONG COLOR RUN | color=0x81 len=116 pixels=32466..32581 src_offsets=0x0000448C, 0x000044C7
00:07:21 | WARNING  | LONG COLOR RUN | color=0xC6 len=56 pixels=33695..33750 src_offsets=0x00004931
00:07:21 | WARNING  | LONG COLOR RUN | color=0x43 len=83 pixels=34080..34162 src_offsets=0x00004A82
00:07:21 | WARNING  | LONG COLOR RUN | color=0x02 len=65 pixels=34163..34227 src_offsets=0x00004A84
00:07:21 | WARNING  | LONG COLOR RUN | color=0x69 len=83 pixels=34228..34310 src_offsets=0x00004A86
00:07:21 | WARNING  | LONG COLOR RUN | color=0x07 len=114 pixels=34384..34497 src_offsets=0x00004AD4
00:07:21 | WARNING  | LONG COLOR RUN | color=0xF2 len=61 pixels=34498..34558 src_offsets=0x00004AD6
00:07:21 | WARNING  | LONG COLOR RUN | color=0x42 len=115 pixels=35027..35141 src_offsets=0x00004C48, 0x00004CB3
00:07:21 | WARNING  | LONG COLOR RUN | color=0x81 len=114 pixels=35511..35624 src_offsets=0x00004E2D
00:07:21 | WARNING  | LONG COLOR RUN | color=0x03 len=49 pixels=35791..35839 src_offsets=0x00004ED9
00:07:21 | WARNING  | LONG COLOR RUN | color=0xB8 len=56 pixels=35840..35895 src_offsets=0x00004EDB
00:07:21 | WARNING  | LONG COLOR RUN | color=0x43 len=70 pixels=35896..35965 src_offsets=0x00004EDD
00:07:21 | WARNING  | LONG COLOR RUN | color=0x01 len=56 pixels=35966..36021 src_offsets=0x00004EDF
00:07:21 | WARNING  | LONG COLOR RUN | color=0x43 len=38 pixels=36022..36059 src_offsets=0x00004EE1
00:07:21 | WARNING  | LONG COLOR RUN | color=0x07 len=56 pixels=36060..36115 src_offsets=0x00004EE3
00:07:21 | WARNING  | LONG COLOR RUN | color=0xB8 len=121 pixels=36116..36236 src_offsets=0x00004EE5, 0x00004EE7
00:07:21 | WARNING  | LONG COLOR RUN | color=0xB3 len=37 pixels=36237..36273 src_offsets=0x00004EE9
00:07:21 | WARNING  | LONG COLOR RUN | color=0x43 len=51 pixels=36274..36324 src_offsets=0x00004EEB
00:07:21 | WARNING  | LONG COLOR RUN | color=0x42 len=94 pixels=36325..36418 src_offsets=0x00004EED, 0x00004EEF
00:07:21 | WARNING  | LONG COLOR RUN | color=0x44 len=56 pixels=36419..36474 src_offsets=0x00004EF1
00:07:21 | WARNING  | LONG COLOR RUN | color=0x01 len=51 pixels=36475..36525 src_offsets=0x00004EF3
00:07:21 | WARNING  | LONG COLOR RUN | color=0x43 len=53 pixels=36526..36578 src_offsets=0x00004EF5
00:07:21 | WARNING  | LONG COLOR RUN | color=0xB5 len=51 pixels=36841..36891 src_offsets=0x00005003
00:07:21 | WARNING  | LONG COLOR RUN | color=0xD3 len=114 pixels=37090..37203 src_offsets=0x000050CF
00:07:21 | WARNING  | LONG COLOR RUN | color=0x43 len=98 pixels=37204..37301 src_offsets=0x000050D1
00:07:21 | WARNING  | LONG COLOR RUN | color=0x06 len=49 pixels=37302..37350 src_offsets=0x000050D3
00:07:21 | WARNING  | LONG COLOR RUN | color=0xB8 len=119 pixels=37351..37469 src_offsets=0x000050D5, 0x000050D7
00:07:21 | WARNING  | LONG COLOR RUN | color=0xC6 len=49 pixels=37470..37518 src_offsets=0x000050D9
00:07:21 | WARNING  | LONG COLOR RUN | color=0xD3 len=84 pixels=37878..37961 src_offsets=0x00005247
00:07:21 | WARNING  | LONG COLOR RUN | color=0xF2 len=114 pixels=38370..38483 src_offsets=0x000053E8
00:07:21 | WARNING  | LONG COLOR RUN | color=0xD4 len=99 pixels=38484..38582 src_offsets=0x000053EA
00:07:21 | WARNING  | LONG COLOR RUN | color=0xE3 len=84 pixels=38583..38666 src_offsets=0x000053EC
00:07:21 | WARNING  | LONG COLOR RUN | color=0xD3 len=65 pixels=38844..38908 src_offsets=0x000054A1
00:07:21 | WARNING  | LONG COLOR RUN | color=0x44 len=53 pixels=38909..38961 src_offsets=0x000054A3
00:07:21 | WARNING  | LONG COLOR RUN | color=0xC6 len=70 pixels=39067..39136 src_offsets=0x0000550F
00:07:21 | WARNING  | LONG COLOR RUN | color=0xB1 len=105 pixels=39137..39241 src_offsets=0x00005511, 0x00005513
00:07:21 | WARNING  | LONG COLOR RUN | color=0x43 len=70 pixels=39242..39311 src_offsets=0x00005515
00:07:21 | WARNING  | LONG COLOR RUN | color=0x06 len=56 pixels=39312..39367 src_offsets=0x00005517
00:07:21 | WARNING  | LONG COLOR RUN | color=0xB8 len=38 pixels=39368..39405 src_offsets=0x00005519
00:07:21 | WARNING  | LONG COLOR RUN | color=0xA5 len=56 pixels=39406..39461 src_offsets=0x0000551B
00:07:21 | WARNING  | LONG COLOR RUN | color=0xA6 len=56 pixels=39462..39517 src_offsets=0x0000551D
00:07:21 | WARNING  | LONG COLOR RUN | color=0x44 len=81 pixels=39652..39732 src_offsets=0x000055A7
00:07:21 | WARNING  | LONG COLOR RUN | color=0xD3 len=67 pixels=39933..39999 src_offsets=0x00005676
00:07:21 | WARNING  | LONG COLOR RUN | color=0xE2 len=98 pixels=40221..40318 src_offsets=0x00005758
00:07:21 | WARNING  | LONG COLOR RUN | color=0xB1 len=67 pixels=40319..40385 src_offsets=0x0000575A
00:07:21 | WARNING  | LONG COLOR RUN | color=0xE2 len=67 pixels=40386..40452 src_offsets=0x0000575C
00:07:21 | WARNING  | LONG COLOR RUN | color=0x45 len=98 pixels=40453..40550 src_offsets=0x0000575E
00:07:21 | WARNING  | LONG COLOR RUN | color=0x4A len=81 pixels=40551..40631 src_offsets=0x00005760
00:07:21 | WARNING  | LONG COLOR RUN | color=0x43 len=98 pixels=40632..40729 src_offsets=0x00005762
00:07:21 | WARNING  | LONG COLOR RUN | color=0x05 len=51 pixels=40730..40780 src_offsets=0x00005764
00:07:21 | WARNING  | LONG COLOR RUN | color=0xE2 len=98 pixels=40781..40878 src_offsets=0x00005766
00:07:21 | WARNING  | LONG COLOR RUN | color=0xB5 len=53 pixels=40879..40931 src_offsets=0x00005768
00:07:21 | WARNING  | LONG COLOR RUN | color=0x43 len=99 pixels=40932..41030 src_offsets=0x0000576A
00:07:21 | WARNING  | LONG COLOR RUN | color=0x0B len=100 pixels=41031..41130 src_offsets=0x0000576C
00:07:21 | WARNING  | LONG COLOR RUN | color=0x3B len=114 pixels=41134..41247 src_offsets=0x00005770
00:07:21 | WARNING  | LONG COLOR RUN | color=0xF2 len=114 pixels=41248..41361 src_offsets=0x00005772
00:07:21 | WARNING  | LONG COLOR RUN | color=0xC3 len=67 pixels=41880..41946 src_offsets=0x00005984
00:07:21 | WARNING  | LONG COLOR RUN | color=0xE2 len=98 pixels=41947..42044 src_offsets=0x00005986
00:07:21 | WARNING  | LONG COLOR RUN | color=0x50 len=81 pixels=42045..42125 src_offsets=0x00005988
00:07:21 | WARNING  | LONG COLOR RUN | color=0x1C len=98 pixels=42126..42223 src_offsets=0x0000598A
00:07:21 | WARNING  | LONG COLOR RUN | color=0xE3 len=53 pixels=42224..42276 src_offsets=0x0000598C
00:07:21 | WARNING  | LONG COLOR RUN | color=0xF2 len=99 pixels=42277..42375 src_offsets=0x0000598E
00:07:21 | WARNING  | LONG COLOR RUN | color=0xB1 len=99 pixels=42384..42482 src_offsets=0x00005998
00:07:21 | WARNING  | LONG COLOR RUN | color=0xBB len=59 pixels=42483..42541 src_offsets=0x0000599A
00:07:21 | WARNING  | LONG COLOR RUN | color=0xB8 len=56 pixels=42542..42597 src_offsets=0x0000599C
00:07:21 | WARNING  | LONG COLOR RUN | color=0xC6 len=121 pixels=42598..42718 src_offsets=0x0000599E, 0x000059A0
00:07:21 | WARNING  | LONG COLOR RUN | color=0xB3 len=70 pixels=42719..42788 src_offsets=0x000059A2
00:07:21 | WARNING  | LONG COLOR RUN | color=0xC6 len=102 pixels=42789..42890 src_offsets=0x000059A4, 0x000059A6
00:07:21 | WARNING  | LONG COLOR RUN | color=0x39 len=84 pixels=43148..43231 src_offsets=0x00005AAE
00:07:21 | WARNING  | LONG COLOR RUN | color=0xD3 len=67 pixels=43299..43365 src_offsets=0x00005AF4
00:07:21 | WARNING  | LONG COLOR RUN | color=0xD4 len=133 pixels=43366..43498 src_offsets=0x00005AF6, 0x00005AF8
00:07:21 | WARNING  | LONG COLOR RUN | color=0xB3 len=81 pixels=44292..44372 src_offsets=0x00005E1F
00:07:21 | WARNING  | LONG COLOR RUN | color=0xD1 len=51 pixels=44373..44423 src_offsets=0x00005E21
00:07:21 | WARNING  | LONG COLOR RUN | color=0x44 len=81 pixels=44424..44504 src_offsets=0x00005E23
00:07:21 | WARNING  | LONG COLOR RUN | color=0x69 len=49 pixels=44728..44776 src_offsets=0x00005F08
00:07:21 | WARNING  | LONG COLOR RUN | color=0x39 len=99 pixels=44990..45088 src_offsets=0x00005FE1
00:07:21 | WARNING  | LONG COLOR RUN | color=0xB3 len=51 pixels=45145..45195 src_offsets=0x0000601C
00:07:21 | WARNING  | LONG COLOR RUN | color=0x37 len=81 pixels=45196..45276 src_offsets=0x0000601E
00:07:21 | WARNING  | LONG COLOR RUN | color=0xB2 len=67 pixels=45608..45674 src_offsets=0x0000616F
00:07:21 | WARNING  | LONG COLOR RUN | color=0x38 len=50 pixels=45675..45724 src_offsets=0x00006171
00:07:21 | WARNING  | LONG COLOR RUN | color=0xE2 len=99 pixels=45881..45979 src_offsets=0x00006211
00:07:21 | WARNING  | LONG COLOR RUN | color=0xB3 len=81 pixels=45980..46060 src_offsets=0x00006213
00:07:21 | WARNING  | LONG COLOR RUN | color=0xD1 len=51 pixels=46061..46111 src_offsets=0x00006215
00:07:21 | WARNING  | LONG COLOR RUN | color=0x81 len=114 pixels=46291..46404 src_offsets=0x000062CD
00:07:21 | WARNING  | LONG COLOR RUN | color=0x42 len=164 pixels=46743..46906 src_offsets=0x00006427, 0x00006429, 0x0000642B
00:07:21 | WARNING  | LONG COLOR RUN | color=0x45 len=51 pixels=46907..46957 src_offsets=0x0000642D
00:07:21 | WARNING  | LONG COLOR RUN | color=0x01 len=56 pixels=46958..47013 src_offsets=0x0000642F
00:07:21 | WARNING  | LONG COLOR RUN | color=0x43 len=38 pixels=47014..47051 src_offsets=0x00006431
00:07:21 | WARNING  | LONG COLOR RUN | color=0x01 len=56 pixels=47052..47107 src_offsets=0x00006433
00:07:21 | WARNING  | LONG COLOR RUN | color=0x45 len=59 pixels=47108..47166 src_offsets=0x00006435
00:07:21 | WARNING  | LONG COLOR RUN | color=0x15 len=56 pixels=47167..47222 src_offsets=0x00006437
00:07:21 | WARNING  | LONG COLOR RUN | color=0xB8 len=49 pixels=47223..47271 src_offsets=0x00006439
00:07:21 | WARNING  | LONG COLOR RUN | color=0xBB len=56 pixels=47272..47327 src_offsets=0x0000643B
00:07:21 | WARNING  | LONG COLOR RUN | color=0xB8 len=56 pixels=47328..47383 src_offsets=0x0000643D
00:07:21 | WARNING  | LONG COLOR RUN | color=0xB9 len=70 pixels=47384..47453 src_offsets=0x0000643F
00:07:21 | WARNING  | LONG COLOR RUN | color=0xA5 len=96 pixels=47454..47549 src_offsets=0x00006441, 0x00006443
00:07:21 | WARNING  | LONG COLOR RUN | color=0xC3 len=49 pixels=47550..47598 src_offsets=0x00006445
00:07:21 | WARNING  | LONG COLOR RUN | color=0x81 len=114 pixels=47599..47712 src_offsets=0x00006447
00:07:21 | WARNING  | LONG COLOR RUN | color=0x43 len=98 pixels=47714..47811 src_offsets=0x0000644D
00:07:21 | WARNING  | LONG COLOR RUN | color=0x44 len=67 pixels=47812..47878 src_offsets=0x0000644F
00:07:21 | WARNING  | LONG COLOR RUN | color=0x03 len=98 pixels=47879..47976 src_offsets=0x00006451
00:07:21 | WARNING  | LONG COLOR RUN | color=0xD1 len=81 pixels=47977..48057 src_offsets=0x00006453
00:07:21 | WARNING  | LONG COLOR RUN | color=0xA6 len=56 pixels=48588..48643 src_offsets=0x0000666F
00:07:21 | WARNING  | LONG COLOR RUN | color=0xB8 len=38 pixels=48644..48681 src_offsets=0x00006671
00:07:21 | WARNING  | LONG COLOR RUN | color=0xA5 len=37 pixels=48682..48718 src_offsets=0x00006673
00:07:21 | WARNING  | LONG COLOR RUN | color=0xE3 len=98 pixels=48854..48951 src_offsets=0x000066FE
00:07:21 | WARNING  | LONG COLOR RUN | color=0xF2 len=114 pixels=48952..49065 src_offsets=0x00006700
00:07:21 | WARNING  | LONG COLOR RUN | color=0xD1 len=98 pixels=49066..49163 src_offsets=0x00006702
00:07:21 | WARNING  | LONG COLOR RUN | color=0xC1 len=65 pixels=49477..49541 src_offsets=0x00006800, 0x00006844
00:07:21 | WARNING  | LONG COLOR RUN | color=0xE3 len=83 pixels=49542..49624 src_offsets=0x00006846
00:07:21 | WARNING  | LONG COLOR RUN | color=0xE3 len=67 pixels=49735..49801 src_offsets=0x000068B7
00:07:21 | WARNING  | LONG COLOR RUN | color=0x45 len=98 pixels=49869..49966 src_offsets=0x000068FE
00:07:21 | WARNING  | LONG COLOR RUN | color=0xB2 len=50 pixels=50287..50336 src_offsets=0x00006A44
00:07:21 | WARNING  | LONG COLOR RUN | color=0x69 len=83 pixels=50337..50419 src_offsets=0x00006A46
00:07:21 | WARNING  | LONG COLOR RUN | color=0x45 len=114 pixels=50592..50705 src_offsets=0x00006AF6
00:07:21 | WARNING  | LONG COLOR RUN | color=0xE3 len=53 pixels=50821..50873 src_offsets=0x00006B6E
00:07:21 | WARNING  | LONG COLOR RUN | color=0xE2 len=92 pixels=50874..50965 src_offsets=0x00006B70
00:07:21 | WARNING  | LONG COLOR RUN | color=0xC2 len=83 pixels=50966..51048 src_offsets=0x00006B72
00:07:21 | WARNING  | LONG COLOR RUN | color=0xF2 len=84 pixels=51049..51132 src_offsets=0x00006B74
00:07:21 | WARNING  | LONG COLOR RUN | color=0xE4 len=100 pixels=51133..51232 src_offsets=0x00006B76
00:07:21 | WARNING  | LONG COLOR RUN | color=0xD4 len=61 pixels=51233..51293 src_offsets=0x00006B78
00:07:21 | WARNING  | LONG COLOR RUN | color=0xE4 len=115 pixels=51423..51537 src_offsets=0x00006BFD
00:07:21 | WARNING  | LONG COLOR RUN | color=0x81 len=100 pixels=51538..51637 src_offsets=0x00006BFF
00:07:21 | WARNING  | LONG COLOR RUN | color=0xF2 len=114 pixels=51638..51751 src_offsets=0x00006C01
00:07:21 | WARNING  | LONG COLOR RUN | color=0x38 len=99 pixels=51752..51850 src_offsets=0x00006C03
00:07:21 | WARNING  | LONG COLOR RUN | color=0xB1 len=46 pixels=51921..51966 src_offsets=0x00006C4D
00:07:21 | WARNING  | LONG COLOR RUN | color=0x84 len=100 pixels=52186..52285 src_offsets=0x00006D2D
00:07:21 | WARNING  | LONG COLOR RUN | color=0x81 len=114 pixels=52342..52455 src_offsets=0x00006D69
00:07:21 | WARNING  | LONG COLOR RUN | color=0xC2 len=101 pixels=52523..52623 src_offsets=0x00006D6B, 0x00006DB0
00:07:21 | WARNING  | LONG COLOR RUN | color=0xD4 len=84 pixels=52624..52707 src_offsets=0x00006DB2
00:07:21 | WARNING  | LONG COLOR RUN | color=0xE4 len=83 pixels=52708..52790 src_offsets=0x00006DB4
00:07:21 | WARNING  | LONG COLOR RUN | color=0xE3 len=100 pixels=52791..52890 src_offsets=0x00006DB6
00:07:21 | WARNING  | LONG COLOR RUN | color=0x06 len=93 pixels=52959..53051 src_offsets=0x00006DFD
00:07:21 | WARNING  | LONG COLOR RUN | color=0xE2 len=92 pixels=53052..53143 src_offsets=0x00006DFF
00:07:21 | WARNING  | LONG COLOR RUN | color=0x44 len=98 pixels=53144..53241 src_offsets=0x00006E01
00:07:21 | WARNING  | LONG COLOR RUN | color=0x84 len=115 pixels=53602..53716 src_offsets=0x00006F72
00:07:21 | WARNING  | LONG COLOR RUN | color=0x81 len=114 pixels=53717..53830 src_offsets=0x00006F74
00:07:21 | WARNING  | LONG COLOR RUN | color=0x0B len=100 pixels=53901..54000 src_offsets=0x00006FBE
00:07:21 | WARNING  | LONG COLOR RUN | color=0xC2 len=66 pixels=54001..54066 src_offsets=0x00006FC0
00:07:21 | WARNING  | LONG COLOR RUN | color=0xF2 len=100 pixels=54067..54166 src_offsets=0x00006FC2
00:07:21 | WARNING  | LONG COLOR RUN | color=0xE3 len=53 pixels=54167..54219 src_offsets=0x00006FC4
00:07:21 | WARNING  | LONG COLOR RUN | color=0xE2 len=98 pixels=54220..54317 src_offsets=0x00006FC6
00:07:21 | WARNING  | LONG COLOR RUN | color=0xF2 len=83 pixels=54318..54400 src_offsets=0x00006FC8
00:07:21 | WARNING  | LONG COLOR RUN | color=0x44 len=114 pixels=54401..54514 src_offsets=0x00006FCA
00:07:21 | WARNING  | LONG COLOR RUN | color=0x01 len=99 pixels=54515..54613 src_offsets=0x00006FCC
00:07:21 | WARNING  | LONG COLOR RUN | color=0x44 len=84 pixels=54614..54697 src_offsets=0x00006FCE
00:07:21 | WARNING  | LONG COLOR RUN | color=0x08 len=100 pixels=54698..54797 src_offsets=0x00006FD0
00:07:21 | WARNING  | LONG COLOR RUN | color=0xE4 len=62 pixels=54798..54859 src_offsets=0x00006FD2
00:07:21 | WARNING  | LONG COLOR RUN | color=0xBE len=100 pixels=54860..54959 src_offsets=0x00006FD4
00:07:21 | WARNING  | LONG COLOR RUN | color=0xD4 len=66 pixels=54960..55025 src_offsets=0x00006FD6
00:07:21 | WARNING  | LONG COLOR RUN | color=0xD3 len=84 pixels=55026..55109 src_offsets=0x00006FD8
00:07:21 | WARNING  | LONG COLOR RUN | color=0x68 len=99 pixels=55179..55277 src_offsets=0x00007020
00:07:21 | WARNING  | LONG COLOR RUN | color=0xBD len=100 pixels=55601..55700 src_offsets=0x0000716B
00:07:21 | WARNING  | LONG COLOR RUN | color=0xB6 len=67 pixels=55701..55767 src_offsets=0x0000716D
00:07:21 | WARNING  | LONG COLOR RUN | color=0xBA len=48 pixels=55768..55815 src_offsets=0x0000716F
00:07:21 | WARNING  | LONG COLOR RUN | color=0xB3 len=51 pixels=55816..55866 src_offsets=0x00007171
00:07:21 | WARNING  | LONG COLOR RUN | color=0xD1 len=81 pixels=55867..55947 src_offsets=0x00007173
00:07:21 | WARNING  | LONG COLOR RUN | color=0xE4 len=66 pixels=56068..56133 src_offsets=0x000071EF
00:07:21 | WARNING  | LONG COLOR RUN | color=0xC2 len=66 pixels=56134..56199 src_offsets=0x000071F1
00:07:21 | WARNING  | LONG COLOR RUN | color=0x0B len=114 pixels=56268..56381 src_offsets=0x00007238
00:07:21 | WARNING  | LONG COLOR RUN | color=0xD4 len=84 pixels=56382..56465 src_offsets=0x0000723A
00:07:21 | WARNING  | LONG COLOR RUN | color=0xF2 len=114 pixels=56466..56579 src_offsets=0x0000723C
00:07:21 | WARNING  | LONG COLOR RUN | color=0xE2 len=98 pixels=56580..56677 src_offsets=0x0000723E
00:07:21 | WARNING  | LONG COLOR RUN | color=0xB5 len=99 pixels=56678..56776 src_offsets=0x00007240
00:07:21 | WARNING  | LONG COLOR RUN | color=0xE4 len=114 pixels=57229..57342 src_offsets=0x0000740C
00:07:21 | WARNING  | LONG COLOR RUN | color=0xBD len=62 pixels=57343..57404 src_offsets=0x0000740E
00:07:21 | WARNING  | LONG COLOR RUN | color=0xE3 len=99 pixels=57405..57503 src_offsets=0x00007410
00:07:21 | WARNING  | LONG COLOR RUN | color=0x0D len=115 pixels=57506..57620 src_offsets=0x00007414
00:07:21 | WARNING  | LONG COLOR RUN | color=0xD4 len=62 pixels=57621..57682 src_offsets=0x00007416
00:07:21 | WARNING  | LONG COLOR RUN | color=0xF2 len=99 pixels=57683..57781 src_offsets=0x00007418
00:07:21 | WARNING  | LONG COLOR RUN | color=0xE4 len=100 pixels=57782..57881 src_offsets=0x0000741A
00:07:21 | WARNING  | LONG COLOR RUN | color=0xC2 len=62 pixels=57882..57943 src_offsets=0x0000741C
00:07:21 | WARNING  | LONG COLOR RUN | color=0xE2 len=99 pixels=57944..58042 src_offsets=0x0000741E
00:07:21 | WARNING  | LONG COLOR RUN | color=0xC2 len=84 pixels=58043..58126 src_offsets=0x00007420
00:07:21 | WARNING  | LONG COLOR RUN | color=0x46 len=66 pixels=58127..58192 src_offsets=0x00007422
00:07:21 | WARNING  | LONG COLOR RUN | color=0x03 len=100 pixels=58193..58292 src_offsets=0x00007424
00:07:21 | WARNING  | LONG COLOR RUN | color=0xC2 len=61 pixels=58293..58353 src_offsets=0x00007426
00:07:21 | WARNING  | LONG COLOR RUN | color=0x45 len=66 pixels=58354..58419 src_offsets=0x00007428
00:07:21 | WARNING  | LONG COLOR RUN | color=0x06 len=62 pixels=58420..58481 src_offsets=0x0000742A
00:07:21 | WARNING  | LONG COLOR RUN | color=0xF2 len=100 pixels=58482..58581 src_offsets=0x0000742C
00:07:21 | WARNING  | LONG COLOR RUN | color=0xE3 len=84 pixels=58582..58665 src_offsets=0x0000742E
00:07:21 | WARNING  | LONG COLOR RUN | color=0x38 len=98 pixels=58666..58763 src_offsets=0x00007430
00:07:21 | WARNING  | LONG COLOR RUN | color=0x44 len=114 pixels=58831..58944 src_offsets=0x00007476
00:07:21 | WARNING  | LONG COLOR RUN | color=0x03 len=99 pixels=58945..59043 src_offsets=0x00007478
00:07:21 | WARNING  | LONG COLOR RUN | color=0xDD len=93 pixels=59044..59136 src_offsets=0x0000747A
00:07:21 | WARNING  | LONG COLOR RUN | color=0x43 len=92 pixels=59137..59228 src_offsets=0x0000747C
00:07:21 | WARNING  | LONG COLOR RUN | color=0x1B len=99 pixels=59229..59327 src_offsets=0x0000747E
00:07:21 | WARNING  | LONG COLOR RUN | color=0xE3 len=92 pixels=59328..59419 src_offsets=0x00007480
00:07:21 | WARNING  | LONG COLOR RUN | color=0x38 len=99 pixels=59420..59518 src_offsets=0x00007482
00:07:21 | WARNING  | LONG COLOR RUN | color=0xE3 len=99 pixels=59519..59617 src_offsets=0x00007484
00:07:21 | WARNING  | LONG COLOR RUN | color=0xD3 len=50 pixels=59762..59811 src_offsets=0x00007518
00:07:21 | WARNING  | LONG COLOR RUN | color=0xB8 len=49 pixels=59973..60021 src_offsets=0x000075BD
00:07:21 | WARNING  | LONG COLOR RUN | color=0xA5 len=56 pixels=60022..60077 src_offsets=0x000075BF
00:07:21 | WARNING  | LONG COLOR RUN | color=0xA6 len=38 pixels=60078..60115 src_offsets=0x000075C1
00:07:21 | WARNING  | LONG COLOR RUN | color=0xBC len=56 pixels=60116..60171 src_offsets=0x000075C3
00:07:21 | WARNING  | LONG COLOR RUN | color=0xB4 len=51 pixels=60172..60222 src_offsets=0x000075C5
00:07:21 | WARNING  | LONG COLOR RUN | color=0x44 len=82 pixels=60223..60304 src_offsets=0x000075C7, 0x000075C9
00:07:21 | WARNING  | LONG COLOR RUN | color=0x45 len=84 pixels=60412..60495 src_offsets=0x00007635
00:07:21 | WARNING  | LONG COLOR RUN | color=0x07 len=100 pixels=60496..60595 src_offsets=0x00007637
00:07:21 | WARNING  | LONG COLOR RUN | color=0xE3 len=99 pixels=60596..60694 src_offsets=0x00007639
00:07:21 | WARNING  | LONG COLOR RUN | color=0xE4 len=84 pixels=60695..60778 src_offsets=0x0000763B
00:07:21 | WARNING  | LONG COLOR RUN | color=0xF2 len=100 pixels=60779..60878 src_offsets=0x0000763D
00:07:21 | WARNING  | LONG COLOR RUN | color=0x45 len=114 pixels=60879..60992 src_offsets=0x0000763F
00:07:21 | WARNING  | LONG COLOR RUN | color=0x01 len=100 pixels=60993..61092 src_offsets=0x00007641
00:07:21 | WARNING  | LONG COLOR RUN | color=0x44 len=62 pixels=61093..61154 src_offsets=0x00007643
00:07:21 | WARNING  | LONG COLOR RUN | color=0x13 len=66 pixels=61155..61220 src_offsets=0x00007645
00:07:21 | WARNING  | LONG COLOR RUN | color=0xBE len=100 pixels=61221..61320 src_offsets=0x00007647
00:07:21 | WARNING  | LONG COLOR RUN | color=0xE3 len=100 pixels=61321..61420 src_offsets=0x00007649
00:07:21 | WARNING  | LONG COLOR RUN | color=0xD4 len=100 pixels=61421..61520 src_offsets=0x0000764B
00:07:21 | WARNING  | LONG COLOR RUN | color=0x38 len=98 pixels=61521..61618 src_offsets=0x0000764D
00:07:21 | WARNING  | LONG COLOR RUN | color=0xF2 len=213 pixels=61619..61831 src_offsets=0x0000764F, 0x00007651
00:07:21 | WARNING  | LONG COLOR RUN | color=0x38 len=99 pixels=61832..61930 src_offsets=0x00007653
00:07:21 | WARNING  | LONG COLOR RUN | color=0xD4 len=83 pixels=61931..62013 src_offsets=0x00007655
00:07:21 | WARNING  | LONG COLOR RUN | color=0xF2 len=84 pixels=62014..62097 src_offsets=0x00007657
00:07:21 | WARNING  | LONG COLOR RUN | color=0x45 len=84 pixels=62098..62181 src_offsets=0x00007659
00:07:21 | WARNING  | LONG COLOR RUN | color=0x09 len=114 pixels=62182..62295 src_offsets=0x0000765B
00:07:21 | WARNING  | LONG COLOR RUN | color=0xE3 len=182 pixels=62296..62477 src_offsets=0x0000765D, 0x0000765F
00:07:21 | WARNING  | LONG COLOR RUN | color=0xB3 len=98 pixels=62478..62575 src_offsets=0x00007661
00:07:21 | WARNING  | LONG COLOR RUN | color=0xE3 len=53 pixels=62576..62628 src_offsets=0x00007663
00:07:21 | WARNING  | LONG COLOR RUN | color=0x45 len=61 pixels=62629..62689 src_offsets=0x00007665
00:07:21 | WARNING  | LONG COLOR RUN | color=0x06 len=114 pixels=62690..62803 src_offsets=0x00007667
00:07:21 | WARNING  | LONG COLOR RUN | color=0x3A len=115 pixels=62804..62918 src_offsets=0x0000766A, 0x0000766D
00:07:21 | WARNING  | LONG COLOR RUN | color=0x01 len=84 pixels=63036..63119 src_offsets=0x000076E5
00:07:21 | WARNING  | LONG COLOR RUN | color=0xE3 len=83 pixels=63522..63604 src_offsets=0x0000787F
00:07:21 | WARNING  | LONG COLOR RUN | color=0xDD len=99 pixels=63605..63703 src_offsets=0x00007881
00:07:21 | WARNING  | LONG COLOR RUN | color=0xE2 len=53 pixels=63704..63756 src_offsets=0x00007883
00:07:21 | WARNING  | LONG COLOR RUN | color=0xF2 len=99 pixels=63757..63855 src_offsets=0x00007885
00:07:21 | WARNING  | LONG COLOR RUN | color=0x80 len=114 pixels=63856..63969 src_offsets=0x00007887
00:07:21 | WARNING  | LONG COLOR RUN | color=0x1B len=114 pixels=63971..64084 src_offsets=0x0000788B
00:07:21 | WARNING  | LONG COLOR RUN | color=0xD3 len=84 pixels=64203..64286 src_offsets=0x00007907
00:07:21 | WARNING  | LONG COLOR RUN | color=0x44 len=38 pixels=64514..64551 src_offsets=0x000079F0
00:07:21 | WARNING  | LONG COLOR RUN | color=0x08 len=56 pixels=64552..64607 src_offsets=0x000079F2
00:07:21 | WARNING  | LONG COLOR RUN | color=0xB8 len=38 pixels=64608..64645 src_offsets=0x000079F4
00:07:21 | WARNING  | LONG COLOR RUN | color=0xA6 len=56 pixels=64646..64701 src_offsets=0x000079F6
00:07:21 | WARNING  | LONG COLOR RUN | color=0xB8 len=38 pixels=64702..64739 src_offsets=0x000079F8
00:07:21 | WARNING  | LONG COLOR RUN | color=0xA4 len=56 pixels=64740..64795 src_offsets=0x000079FA
00:07:21 | WARNING  | LONG COLOR RUN | color=0x0B len=114 pixels=64868..64981 src_offsets=0x00007A45
00:07:21 | WARNING  | LONG COLOR RUN | color=0x3A len=114 pixels=64983..65096 src_offsets=0x00007A49
00:07:21 | WARNING  | LONG COLOR RUN | color=0xF2 len=114 pixels=65097..65210 src_offsets=0x00007A4B
00:07:21 | WARNING  | LONG COLOR RUN | color=0x80 len=228 pixels=65211..65438 src_offsets=0x00007A4E, 0x00007A50
00:07:21 | WARNING  | LONG COLOR RUN | color=0xE4 len=199 pixels=65510..65708 src_offsets=0x00007A9A, 0x00007A9C
00:07:21 | WARNING  | LONG COLOR RUN | color=0xD1 len=114 pixels=65709..65822 src_offsets=0x00007A9E
00:07:21 | WARNING  | LONG COLOR RUN | color=0x02 len=100 pixels=66346..66445 src_offsets=0x00007CB1
00:07:21 | WARNING  | LONG COLOR RUN | color=0xC2 len=62 pixels=66446..66507 src_offsets=0x00007CB3
00:07:21 | WARNING  | LONG COLOR RUN | color=0xE3 len=115 pixels=66575..66689 src_offsets=0x00007CB5, 0x00007CFA
00:07:21 | WARNING  | LONG COLOR RUN | color=0xE2 len=53 pixels=66807..66859 src_offsets=0x00007D73
00:07:21 | WARNING  | LONG COLOR RUN | color=0xB5 len=49 pixels=66860..66908 src_offsets=0x00007D75
00:07:21 | WARNING  | LONG COLOR RUN | color=0x39 len=85 pixels=67014..67098 src_offsets=0x00007DE1, 0x00007DE3
00:07:21 | WARNING  | LONG COLOR RUN | color=0xD4 len=101 pixels=67355..67455 src_offsets=0x00007EA1, 0x00007EEB
00:07:21 | WARNING  | LONG COLOR RUN | color=0xC2 len=100 pixels=67456..67555 src_offsets=0x00007EED
00:07:21 | WARNING  | LONG COLOR RUN | color=0x37 len=98 pixels=67626..67723 src_offsets=0x00007F36
00:07:21 | WARNING  | LONG COLOR RUN | color=0xD0 len=98 pixels=67724..67821 src_offsets=0x00007F38
00:07:21 | WARNING  | LONG COLOR RUN | color=0x44 len=81 pixels=67822..67902 src_offsets=0x00007F3A
00:07:21 | WARNING  | LONG COLOR RUN | color=0xC3 len=50 pixels=68072..68121 src_offsets=0x00007FE7
00:07:21 | WARNING  | LONG COLOR RUN | color=0xC2 len=66 pixels=68405..68470 src_offsets=0x00008108
00:07:21 | WARNING  | LONG COLOR RUN | color=0xBD len=84 pixels=68471..68554 src_offsets=0x0000810A
00:07:21 | WARNING  | LONG COLOR RUN | color=0x44 len=66 pixels=68555..68620 src_offsets=0x0000810C
00:07:21 | WARNING  | LONG COLOR RUN | color=0x01 len=62 pixels=68621..68682 src_offsets=0x0000810E
00:07:21 | WARNING  | LONG COLOR RUN | color=0x45 len=100 pixels=68683..68782 src_offsets=0x00008110
00:07:21 | WARNING  | LONG COLOR RUN | color=0x44 len=62 pixels=68783..68844 src_offsets=0x00008112
00:07:21 | WARNING  | LONG COLOR RUN | color=0x08 len=100 pixels=68845..68944 src_offsets=0x00008114
00:07:21 | WARNING  | LONG COLOR RUN | color=0xE4 len=114 pixels=68945..69058 src_offsets=0x00008116
00:07:21 | WARNING  | LONG COLOR RUN | color=0x84 len=100 pixels=69059..69158 src_offsets=0x00008118
00:07:21 | WARNING  | LONG COLOR RUN | color=0x44 len=114 pixels=69163..69276 src_offsets=0x0000811D
00:07:21 | WARNING  | LONG COLOR RUN | color=0x3B len=114 pixels=69278..69391 src_offsets=0x00008121
00:07:21 | WARNING  | LONG COLOR RUN | color=0xC0 len=67 pixels=69528..69594 src_offsets=0x000081AD
00:07:21 | WARNING  | LONG COLOR RUN | color=0xC3 len=49 pixels=69595..69643 src_offsets=0x000081AF
00:07:21 | WARNING  | LONG COLOR RUN | color=0xC1 len=65 pixels=69644..69708 src_offsets=0x000081B1
00:07:21 | WARNING  | LONG COLOR RUN | color=0x43 len=115 pixels=70038..70152 src_offsets=0x00008302, 0x00008304
00:07:21 | WARNING  | LONG COLOR RUN | color=0x3A len=114 pixels=70665..70778 src_offsets=0x0000850B
00:07:21 | WARNING  | LONG COLOR RUN | color=0xB3 len=98 pixels=70997..71094 src_offsets=0x000085EE
00:07:21 | WARNING  | LONG COLOR RUN | color=0xC3 len=67 pixels=71095..71161 src_offsets=0x000085F0
00:07:21 | WARNING  | LONG COLOR RUN | color=0x3B len=115 pixels=71498..71612 src_offsets=0x0000870B, 0x00008748
00:07:21 | WARNING  | LONG COLOR RUN | color=0x3B len=115 pixels=71680..71794 src_offsets=0x0000878E, 0x00008790
00:07:21 | WARNING  | LONG COLOR RUN | color=0x13 len=114 pixels=72339..72452 src_offsets=0x000089BE
00:07:21 | WARNING  | LONG COLOR RUN | color=0xB5 len=98 pixels=72747..72844 src_offsets=0x00008AED
00:07:21 | WARNING  | LONG COLOR RUN | color=0xB3 len=51 pixels=73199..73249 src_offsets=0x00008C57
00:07:21 | WARNING  | LONG COLOR RUN | color=0xC3 len=49 pixels=73250..73298 src_offsets=0x00008C59
00:07:21 | WARNING  | LONG COLOR RUN | color=0x47 len=100 pixels=73299..73398 src_offsets=0x00008C5B
00:07:21 | WARNING  | LONG COLOR RUN | color=0xBA len=53 pixels=73400..73452 src_offsets=0x00008C5F
00:07:21 | WARNING  | LONG COLOR RUN | color=0xC3 len=49 pixels=73453..73501 src_offsets=0x00008C61
00:07:21 | WARNING  | LONG COLOR RUN | color=0x38 len=83 pixels=73627..73709 src_offsets=0x00008CE2
00:07:21 | WARNING  | LONG COLOR RUN | color=0xF2 len=101 pixels=73925..74025 src_offsets=0x00008D4F, 0x00008DBE
00:07:21 | WARNING  | LONG COLOR RUN | color=0x01 len=114 pixels=74579..74692 src_offsets=0x00008FF4
00:07:21 | WARNING  | LONG COLOR RUN | color=0x81 len=114 pixels=74696..74809 src_offsets=0x00008FFA
00:07:21 | WARNING  | LONG COLOR RUN | color=0xF2 len=115 pixels=74810..74924 src_offsets=0x00008FFC, 0x00008FFE
00:07:21 | WARNING  | LONG COLOR RUN | color=0x9B len=81 pixels=75050..75130 src_offsets=0x0000907E
00:07:21 | WARNING  | LONG COLOR RUN | color=0x36 len=52 pixels=75131..75182 src_offsets=0x00009080
00:07:21 | WARNING  | LONG COLOR RUN | color=0xBD len=114 pixels=75565..75678 src_offsets=0x00009204
00:07:21 | WARNING  | LONG COLOR RUN | color=0xD4 len=99 pixels=75679..75777 src_offsets=0x00009206
00:07:21 | WARNING  | LONG COLOR RUN | color=0xE3 len=100 pixels=75778..75877 src_offsets=0x00009208
00:07:21 | WARNING  | LONG COLOR RUN | color=0xF2 len=98 pixels=75878..75975 src_offsets=0x0000920A
00:07:21 | WARNING  | LONG COLOR RUN | color=0x01 len=114 pixels=76452..76565 src_offsets=0x000093EF
00:07:21 | WARNING  | LONG COLOR RUN | color=0xF2 len=114 pixels=77134..77247 src_offsets=0x00009631
00:07:21 | WARNING  | LONG COLOR RUN | color=0xE2 len=99 pixels=77830..77928 src_offsets=0x00009882
00:07:21 | WARNING  | LONG COLOR RUN | color=0xD3 len=99 pixels=77929..78027 src_offsets=0x00009884
00:07:21 | WARNING  | LONG COLOR RUN | color=0xE3 len=99 pixels=78028..78126 src_offsets=0x00009886
00:07:21 | WARNING  | LONG COLOR RUN | color=0x38 len=114 pixels=78195..78308 src_offsets=0x000098CD
00:07:21 | WARNING  | LONG COLOR RUN | color=0x37 len=50 pixels=78377..78426 src_offsets=0x00009914
00:07:21 | WARNING  | LONG COLOR RUN | color=0x3A len=114 pixels=78494..78607 src_offsets=0x0000995A
00:07:21 | WARNING  | LONG COLOR RUN | color=0xF2 len=100 pixels=78732..78831 src_offsets=0x000099DA
00:07:21 | WARNING  | LONG COLOR RUN | color=0x67 len=81 pixels=79060..79140 src_offsets=0x00009AC3
00:07:21 | WARNING  | LONG COLOR RUN | color=0x10 len=114 pixels=79638..79751 src_offsets=0x00009CBD
00:07:21 | WARNING  | LONG COLOR RUN | color=0xDC len=99 pixels=79759..79857 src_offsets=0x00009CC5
00:07:21 | WARNING  | LONG COLOR RUN | color=0xC3 len=92 pixels=79858..79949 src_offsets=0x00009CC7
00:07:21 | WARNING  | LONG COLOR RUN | color=0xC1 len=65 pixels=80172..80236 src_offsets=0x00009DAC
00:07:21 | WARNING  | LONG COLOR RUN | color=0x38 len=99 pixels=80237..80335 src_offsets=0x00009DAE
00:07:21 | WARNING  | LONG COLOR RUN | color=0xD3 len=114 pixels=80446..80559 src_offsets=0x00009E1F
00:07:21 | WARNING  | LONG COLOR RUN | color=0xE3 len=83 pixels=80560..80642 src_offsets=0x00009E21
00:07:21 | WARNING  | LONG COLOR RUN | color=0x39 len=83 pixels=80643..80725 src_offsets=0x00009E23
00:07:21 | WARNING  | LONG COLOR RUN | color=0x43 len=100 pixels=80784..80883 src_offsets=0x00009E60
00:07:21 | WARNING  | LONG COLOR RUN | color=0x12 len=98 pixels=80884..80981 src_offsets=0x00009E62
00:07:21 | WARNING  | LONG COLOR RUN | color=0xE2 len=53 pixels=80982..81034 src_offsets=0x00009E64
00:07:21 | WARNING  | LONG COLOR RUN | color=0xD1 len=82 pixels=81035..81116 src_offsets=0x00009E66, 0x00009E68
00:07:21 | WARNING  | LONG COLOR RUN | color=0x9C len=53 pixels=81398..81450 src_offsets=0x00009F86
00:07:21 | WARNING  | LONG COLOR RUN | color=0x3B len=114 pixels=81736..81849 src_offsets=0x0000A0AB
00:07:21 | WARNING  | LONG COLOR RUN | color=0x43 len=99 pixels=82033..82131 src_offsets=0x0000A167
00:07:21 | WARNING  | LONG COLOR RUN | color=0xB5 len=53 pixels=82316..82368 src_offsets=0x0000A226
00:07:21 | WARNING  | LONG COLOR RUN | color=0x81 len=114 pixels=82530..82643 src_offsets=0x0000A2CB
00:07:21 | WARNING  | LONG COLOR RUN | color=0xE3 len=98 pixels=82711..82808 src_offsets=0x0000A311
00:07:21 | WARNING  | LONG COLOR RUN | color=0x81 len=114 pixels=82809..82922 src_offsets=0x0000A313
00:07:21 | WARNING  | LONG COLOR RUN | color=0x39 len=99 pixels=82991..83089 src_offsets=0x0000A35A
00:07:21 | WARNING  | LONG COLOR RUN | color=0xE2 len=98 pixels=83090..83187 src_offsets=0x0000A35C
00:07:21 | WARNING  | LONG COLOR RUN | color=0x43 len=99 pixels=84038..84136 src_offsets=0x0000A6BB
00:07:21 | WARNING  | LONG COLOR RUN | color=0x04 len=114 pixels=84137..84250 src_offsets=0x0000A6BD
00:07:21 | WARNING  | LONG COLOR RUN | color=0xF2 len=100 pixels=84251..84350 src_offsets=0x0000A6BF
00:07:21 | WARNING  | LONG COLOR RUN | color=0x05 len=92 pixels=84812..84903 src_offsets=0x0000A895
00:07:21 | WARNING  | LONG COLOR RUN | color=0xDC len=98 pixels=84904..85001 src_offsets=0x0000A897
00:07:21 | WARNING  | LONG COLOR RUN | color=0xE2 len=98 pixels=85002..85099 src_offsets=0x0000A899
00:07:21 | WARNING  | LONG COLOR RUN | color=0x05 len=114 pixels=85639..85752 src_offsets=0x0000AAC0
00:07:21 | WARNING  | LONG COLOR RUN | color=0xF2 len=100 pixels=85754..85853 src_offsets=0x0000AAC4
00:07:21 | WARNING  | LONG COLOR RUN | color=0x01 len=114 pixels=85855..85968 src_offsets=0x0000AAC8
00:07:21 | WARNING  | LONG COLOR RUN | color=0x45 len=114 pixels=85970..86083 src_offsets=0x0000AACC
00:07:21 | WARNING  | LONG COLOR RUN | color=0x02 len=100 pixels=86084..86183 src_offsets=0x0000AACE
00:07:21 | WARNING  | LONG COLOR RUN | color=0x44 len=98 pixels=86241..86338 src_offsets=0x0000AB0A
00:07:21 | WARNING  | LONG COLOR RUN | color=0x04 len=81 pixels=86339..86419 src_offsets=0x0000AB0C
00:07:21 | WARNING  | LONG COLOR RUN | color=0x3A len=114 pixels=86532..86645 src_offsets=0x0000AB80
00:07:21 | WARNING  | LONG COLOR RUN | color=0x37 len=53 pixels=86646..86698 src_offsets=0x0000AB82
00:07:21 | WARNING  | LONG COLOR RUN | color=0xE2 len=53 pixels=86699..86751 src_offsets=0x0000AB84
00:07:21 | WARNING  | LONG COLOR RUN | color=0xD1 len=81 pixels=86752..86832 src_offsets=0x0000AB86
00:07:21 | WARNING  | LONG COLOR RUN | color=0x3A len=114 pixels=87861..87974 src_offsets=0x0000AF9E
00:07:21 | WARNING  | LONG COLOR RUN | color=0x45 len=98 pixels=88033..88130 src_offsets=0x0000AFDB
00:07:21 | WARNING  | LONG COLOR RUN | color=0x01 len=99 pixels=88131..88229 src_offsets=0x0000AFDD
00:07:21 | WARNING  | LONG COLOR RUN | color=0x43 len=53 pixels=88230..88282 src_offsets=0x0000AFDF
00:07:21 | WARNING  | LONG COLOR RUN | color=0x05 len=99 pixels=88283..88381 src_offsets=0x0000AFE1
00:07:21 | WARNING  | LONG COLOR RUN | color=0xE2 len=90 pixels=88725..88814 src_offsets=0x0000B0D6, 0x0000B141
00:07:21 | WARNING  | LONG COLOR RUN | color=0xE2 len=49 pixels=88936..88984 src_offsets=0x0000B1BE
00:07:21 | WARNING  | LONG COLOR RUN | color=0x39 len=98 pixels=88985..89082 src_offsets=0x0000B1C0
00:07:21 | WARNING  | LONG COLOR RUN | color=0xC3 len=114 pixels=89083..89196 src_offsets=0x0000B1C2
00:07:21 | WARNING  | LONG COLOR RUN | color=0x3B len=213 pixels=89197..89409 src_offsets=0x0000B1C4, 0x0000B1C6, 0x0000B1C8
00:07:21 | WARNING  | LONG COLOR RUN | color=0x43 len=114 pixels=89466..89579 src_offsets=0x0000B202
00:07:21 | WARNING  | LONG COLOR RUN | color=0x08 len=100 pixels=89580..89679 src_offsets=0x0000B204
00:07:21 | WARNING  | LONG COLOR RUN | color=0xF2 len=114 pixels=89680..89793 src_offsets=0x0000B206
00:07:21 | WARNING  | LONG COLOR RUN | color=0xE3 len=99 pixels=89794..89892 src_offsets=0x0000B208
00:07:21 | WARNING  | LONG COLOR RUN | color=0xE2 len=98 pixels=89893..89990 src_offsets=0x0000B20A
00:07:21 | WARNING  | LONG COLOR RUN | color=0xE3 len=99 pixels=89991..90089 src_offsets=0x0000B20C
00:07:21 | WARNING  | LONG COLOR RUN | color=0xF2 len=114 pixels=90535..90648 src_offsets=0x0000B3D2
00:07:21 | WARNING  | LONG COLOR RUN | color=0xD4 len=84 pixels=90649..90732 src_offsets=0x0000B3D4
00:07:21 | WARNING  | LONG COLOR RUN | color=0x44 len=99 pixels=90733..90831 src_offsets=0x0000B3D6
00:07:21 | WARNING  | LONG COLOR RUN | color=0xD3 len=65 pixels=91153..91217 src_offsets=0x0000B51E
00:07:21 | WARNING  | LONG COLOR RUN | color=0xB1 len=134 pixels=91274..91407 src_offsets=0x0000B559, 0x0000B55B
00:07:21 | WARNING  | LONG COLOR RUN | color=0xE4 len=100 pixels=91408..91507 src_offsets=0x0000B55D
00:07:21 | WARNING  | LONG COLOR RUN | color=0x43 len=114 pixels=91508..91621 src_offsets=0x0000B55F
00:07:21 | WARNING  | LONG COLOR RUN | color=0xF2 len=114 pixels=91856..91969 src_offsets=0x0000B64F
00:07:21 | WARNING  | LONG COLOR RUN | color=0x3B len=114 pixels=92038..92151 src_offsets=0x0000B699
00:07:21 | WARNING  | LONG COLOR RUN | color=0xC6 len=67 pixels=92384..92450 src_offsets=0x0000B787
00:07:21 | WARNING  | LONG COLOR RUN | color=0xB1 len=70 pixels=92451..92520 src_offsets=0x0000B789
00:07:21 | WARNING  | LONG COLOR RUN | color=0x69 len=53 pixels=92521..92573 src_offsets=0x0000B78B
00:07:21 | WARNING  | LONG COLOR RUN | color=0xD4 len=84 pixels=92679..92762 src_offsets=0x0000B7F7
00:07:21 | WARNING  | LONG COLOR RUN | color=0x44 len=99 pixels=92763..92861 src_offsets=0x0000B7F9
00:07:21 | WARNING  | LONG COLOR RUN | color=0xE3 len=67 pixels=93243..93309 src_offsets=0x0000B980
00:07:21 | WARNING  | LONG COLOR RUN | color=0x39 len=99 pixels=93310..93408 src_offsets=0x0000B982
00:07:21 | WARNING  | LONG COLOR RUN | color=0xF2 len=100 pixels=93582..93681 src_offsets=0x0000BA33
00:07:21 | WARNING  | LONG COLOR RUN | color=0x45 len=114 pixels=93682..93795 src_offsets=0x0000BA35
00:07:21 | WARNING  | LONG COLOR RUN | color=0x0C len=99 pixels=93796..93894 src_offsets=0x0000BA37
00:07:21 | WARNING  | LONG COLOR RUN | color=0xD1 len=98 pixels=93895..93992 src_offsets=0x0000BA39
00:07:21 | WARNING  | LONG COLOR RUN | color=0xE2 len=81 pixels=93993..94073 src_offsets=0x0000BA3B
00:07:21 | WARNING  | LONG COLOR RUN | color=0xE3 len=98 pixels=94074..94171 src_offsets=0x0000BA3D
00:07:21 | WARNING  | LONG COLOR RUN | color=0xBD len=84 pixels=94172..94255 src_offsets=0x0000BA3F
00:07:21 | WARNING  | LONG COLOR RUN | color=0xE4 len=168 pixels=94256..94423 src_offsets=0x0000BA41, 0x0000BA43
00:07:21 | WARNING  | LONG COLOR RUN | color=0x3B len=115 pixels=94572..94686 src_offsets=0x0000BADE, 0x0000BAE1
00:07:21 | WARNING  | LONG COLOR RUN | color=0xC3 len=49 pixels=94874..94922 src_offsets=0x0000BBA0
00:07:21 | WARNING  | LONG COLOR RUN | color=0x39 len=99 pixels=94923..95021 src_offsets=0x0000BBA2
00:07:21 | WARNING  | LONG COLOR RUN | color=0x81 len=114 pixels=95091..95204 src_offsets=0x0000BBEA
00:07:21 | WARNING  | LONG COLOR RUN | color=0x38 len=98 pixels=95264..95361 src_offsets=0x0000BC28
00:07:21 | WARNING  | LONG COLOR RUN | color=0xE4 len=99 pixels=95431..95529 src_offsets=0x0000BC70
00:07:21 | WARNING  | LONG COLOR RUN | color=0x3B len=114 pixels=95530..95643 src_offsets=0x0000BC72
00:07:21 | WARNING  | LONG COLOR RUN | color=0xF2 len=99 pixels=95646..95744 src_offsets=0x0000BC78
00:07:21 | WARNING  | LONG COLOR RUN | color=0x81 len=100 pixels=95745..95844 src_offsets=0x0000BC7A
00:07:21 | WARNING  | LONG COLOR RUN | color=0xB5 len=98 pixels=96111..96208 src_offsets=0x0000BD8D
00:07:21 | WARNING  | LONG COLOR RUN | color=0x3A len=114 pixels=96369..96482 src_offsets=0x0000BE31
00:07:21 | WARNING  | LONG COLOR RUN | color=0xF2 len=114 pixels=96588..96701 src_offsets=0x0000BE9D
00:07:21 | WARNING  | LONG COLOR RUN | color=0x43 len=114 pixels=96990..97103 src_offsets=0x0000BFC6
00:07:21 | WARNING  | LONG COLOR RUN | color=0x39 len=83 pixels=97324..97406 src_offsets=0x0000C0A7
00:07:21 | WARNING  | LONG COLOR RUN | color=0x80 len=115 pixels=97531..97645 src_offsets=0x0000C127, 0x0000C12A
00:07:21 | WARNING  | LONG COLOR RUN | color=0x44 len=114 pixels=97647..97760 src_offsets=0x0000C12E
00:07:21 | WARNING  | LONG COLOR RUN | color=0xF2 len=114 pixels=97983..98096 src_offsets=0x0000C211
00:07:21 | WARNING  | LONG COLOR RUN | color=0xF2 len=100 pixels=98236..98335 src_offsets=0x0000C2A0
00:07:21 | WARNING  | LONG COLOR RUN | color=0xE4 len=214 pixels=98336..98549 src_offsets=0x0000C2A2, 0x0000C2A4
00:07:21 | WARNING  | LONG COLOR RUN | color=0xD4 len=100 pixels=98550..98649 src_offsets=0x0000C2A6
00:07:21 | WARNING  | LONG COLOR RUN | color=0xE4 len=61 pixels=98650..98710 src_offsets=0x0000C2A8
00:07:21 | WARNING  | LONG COLOR RUN | color=0xF2 len=100 pixels=98711..98810 src_offsets=0x0000C2AA
00:07:21 | WARNING  | LONG COLOR RUN | color=0x43 len=53 pixels=98867..98919 src_offsets=0x0000C2E5
00:07:21 | WARNING  | LONG COLOR RUN | color=0x01 len=98 pixels=98920..99017 src_offsets=0x0000C2E7
00:07:21 | WARNING  | LONG COLOR RUN | color=0xF3 len=85 pixels=99084..99168 src_offsets=0x0000C32C
00:07:21 | WARNING  | LONG COLOR RUN | color=0xD5 len=200 pixels=99169..99368 src_offsets=0x0000C32E, 0x0000C330
00:07:21 | WARNING  | LONG COLOR RUN | color=0x80 len=85 pixels=99369..99453 src_offsets=0x0000C332
00:07:21 | WARNING  | LONG COLOR RUN | color=0xE3 len=197 pixels=99812..100008 src_offsets=0x0000C49F, 0x0000C4A1
00:07:21 | WARNING  | LONG COLOR RUN | color=0xD3 len=99 pixels=100009..100107 src_offsets=0x0000C4A3
00:07:21 | WARNING  | LONG COLOR RUN | color=0xE4 len=84 pixels=100108..100191 src_offsets=0x0000C4A5
00:07:21 | WARNING  | LONG COLOR RUN | color=0xD3 len=168 pixels=100192..100359 src_offsets=0x0000C4A7, 0x0000C4A9
00:07:21 | WARNING  | LONG COLOR RUN | color=0xE3 len=114 pixels=100360..100473 src_offsets=0x0000C4AB
00:07:21 | WARNING  | LONG COLOR RUN | color=0x44 len=114 pixels=100474..100587 src_offsets=0x0000C4AD
00:07:21 | WARNING  | LONG COLOR RUN | color=0x11 len=100 pixels=100588..100687 src_offsets=0x0000C4AF
00:07:21 | WARNING  | LONG COLOR RUN | color=0xD4 len=66 pixels=100688..100753 src_offsets=0x0000C4B1
00:07:21 | WARNING  | LONG COLOR RUN | color=0xE3 len=83 pixels=100754..100836 src_offsets=0x0000C4B3
00:07:21 | WARNING  | LONG COLOR RUN | color=0x44 len=101 pixels=100912..101012 src_offsets=0x0000C4B5, 0x0000C503
00:07:21 | WARNING  | LONG COLOR RUN | color=0x10 len=98 pixels=101013..101110 src_offsets=0x0000C505
00:07:21 | WARNING  | LONG COLOR RUN | color=0xE3 len=53 pixels=101111..101163 src_offsets=0x0000C507
00:07:21 | WARNING  | LONG COLOR RUN | color=0x38 len=99 pixels=101164..101262 src_offsets=0x0000C509
00:07:21 | WARNING  | LONG COLOR RUN | color=0xB3 len=51 pixels=101319..101369 src_offsets=0x0000C544
00:07:21 | WARNING  | LONG COLOR RUN | color=0xE3 len=212 pixels=101370..101581 src_offsets=0x0000C546, 0x0000C548
00:07:21 | WARNING  | LONG COLOR RUN | color=0xE2 len=70 pixels=101582..101651 src_offsets=0x0000C54A
00:07:21 | WARNING  | LONG COLOR RUN | color=0xE3 len=98 pixels=101652..101749 src_offsets=0x0000C54C
00:07:21 | WARNING  | LONG COLOR RUN | color=0x38 len=99 pixels=101750..101848 src_offsets=0x0000C54E
00:07:21 | WARNING  | LONG COLOR RUN | color=0x39 len=99 pixels=101849..101947 src_offsets=0x0000C550
00:07:21 | WARNING  | LONG COLOR RUN | color=0x35 len=81 pixels=102126..102206 src_offsets=0x0000C607
00:07:21 | WARNING  | LONG COLOR RUN | color=0x80 len=114 pixels=102398..102511 src_offsets=0x0000C6CC
00:07:21 | WARNING  | LONG COLOR RUN | color=0xF2 len=114 pixels=102512..102625 src_offsets=0x0000C6CE
00:07:21 | WARNING  | LONG COLOR RUN | color=0x36 len=81 pixels=102682..102762 src_offsets=0x0000C709
00:07:21 | WARNING  | LONG COLOR RUN | color=0xD1 len=81 pixels=102763..102843 src_offsets=0x0000C70B
00:07:21 | WARNING  | LONG COLOR RUN | color=0xE3 len=99 pixels=102913..103011 src_offsets=0x0000C755
00:07:21 | WARNING  | LONG COLOR RUN | color=0x44 len=92 pixels=103012..103103 src_offsets=0x0000C757
00:07:21 | WARNING  | LONG COLOR RUN | color=0x03 len=70 pixels=103104..103173 src_offsets=0x0000C759
00:07:21 | WARNING  | LONG COLOR RUN | color=0xE2 len=81 pixels=103174..103254 src_offsets=0x0000C75B
00:07:21 | WARNING  | LONG COLOR RUN | color=0x44 len=70 pixels=103255..103324 src_offsets=0x0000C75D
00:07:21 | WARNING  | LONG COLOR RUN | color=0x1F len=98 pixels=103325..103422 src_offsets=0x0000C75F
00:07:21 | WARNING  | LONG COLOR RUN | color=0xE3 len=81 pixels=103423..103503 src_offsets=0x0000C761
00:07:21 | WARNING  | LONG COLOR RUN | color=0xE4 len=61 pixels=103504..103564 src_offsets=0x0000C763
00:07:21 | WARNING  | LONG COLOR RUN | color=0xF2 len=100 pixels=103565..103664 src_offsets=0x0000C765
00:07:21 | WARNING  | LONG COLOR RUN | color=0xC0 len=49 pixels=103823..103871 src_offsets=0x0000C808
00:07:21 | WARNING  | LONG COLOR RUN | color=0x3A len=67 pixels=103872..103938 src_offsets=0x0000C80A
00:07:21 | WARNING  | LONG COLOR RUN | color=0xD4 len=99 pixels=104112..104210 src_offsets=0x0000C8BB
00:07:21 | WARNING  | LONG COLOR RUN | color=0xE2 len=164 pixels=104211..104374 src_offsets=0x0000C8BD, 0x0000C8BF
00:07:21 | WARNING  | LONG COLOR RUN | color=0xD1 len=81 pixels=104442..104522 src_offsets=0x0000C905
00:07:21 | WARNING  | LONG COLOR RUN | color=0x42 len=115 pixels=104591..104705 src_offsets=0x0000C94C
00:07:21 | WARNING  | LONG COLOR RUN | color=0x49 len=85 pixels=104706..104790 src_offsets=0x0000C94E
00:07:21 | WARNING  | LONG COLOR RUN | color=0x01 len=115 pixels=104791..104905 src_offsets=0x0000C950
00:07:21 | WARNING  | LONG COLOR RUN | color=0x43 len=85 pixels=104906..104990 src_offsets=0x0000C952
00:07:21 | WARNING  | LONG COLOR RUN | color=0xE4 len=99 pixels=105060..105158 src_offsets=0x0000C99C
00:07:21 | WARNING  | LONG COLOR RUN | color=0xD3 len=99 pixels=105481..105579 src_offsets=0x0000CAE1
00:07:21 | WARNING  | LONG COLOR RUN | color=0xE2 len=98 pixels=105647..105744 src_offsets=0x0000CB27
00:07:21 | WARNING  | LONG COLOR RUN | color=0xF3 len=86 pixels=105812..105897 src_offsets=0x0000CB29, 0x0000CB6E
00:07:21 | WARNING  | LONG COLOR RUN | color=0x3B len=114 pixels=105898..106011 src_offsets=0x0000CB71
00:07:21 | WARNING  | LONG COLOR RUN | color=0xE3 len=81 pixels=106080..106160 src_offsets=0x0000CBB8
00:07:21 | WARNING  | LONG COLOR RUN | color=0x82 len=100 pixels=106161..106260 src_offsets=0x0000CBBA
00:07:21 | WARNING  | LONG COLOR RUN | color=0x48 len=83 pixels=106362..106444 src_offsets=0x0000CC23
00:07:21 | WARNING  | LONG COLOR RUN | color=0xF2 len=114 pixels=106664..106777 src_offsets=0x0000CD05
00:07:21 | WARNING  | LONG COLOR RUN | color=0xE2 len=81 pixels=106845..106925 src_offsets=0x0000CD4B
00:07:21 | WARNING  | LONG COLOR RUN | color=0xC3 len=51 pixels=107218..107268 src_offsets=0x0000CE75
00:07:21 | WARNING  | LONG COLOR RUN | color=0xC0 len=67 pixels=107269..107335 src_offsets=0x0000CE77
00:07:21 | WARNING  | LONG COLOR RUN | color=0xB1 len=64 pixels=107336..107399 src_offsets=0x0000CE79
00:07:21 | WARNING  | LONG COLOR RUN | color=0xC1 len=64 pixels=107400..107463 src_offsets=0x0000CE7B
00:07:21 | WARNING  | LONG COLOR RUN | color=0xC0 len=65 pixels=107464..107528 src_offsets=0x0000CE7D
00:07:21 | WARNING  | LONG COLOR RUN | color=0xC1 len=64 pixels=107529..107592 src_offsets=0x0000CE7F
00:07:21 | WARNING  | LONG COLOR RUN | color=0xC0 len=65 pixels=107593..107657 src_offsets=0x0000CE81
00:07:21 | WARNING  | LONG COLOR RUN | color=0xD3 len=67 pixels=107658..107724 src_offsets=0x0000CE83
00:07:21 | WARNING  | LONG COLOR RUN | color=0xC3 len=65 pixels=107725..107789 src_offsets=0x0000CE85
00:07:21 | WARNING  | LONG COLOR RUN | color=0xC6 len=93 pixels=107790..107882 src_offsets=0x0000CE87
00:07:21 | WARNING  | LONG COLOR RUN | color=0xE4 len=70 pixels=107883..107952 src_offsets=0x0000CE89
00:07:21 | WARNING  | LONG COLOR RUN | color=0x80 len=62 pixels=107953..108014 src_offsets=0x0000CE8B
00:07:21 | WARNING  | LONG COLOR RUN | color=0xE2 len=98 pixels=108261..108358 src_offsets=0x0000CF87
00:07:21 | WARNING  | LONG COLOR RUN | color=0xB3 len=53 pixels=108359..108411 src_offsets=0x0000CF89
00:07:21 | WARNING  | LONG COLOR RUN | color=0xB5 len=98 pixels=108412..108509 src_offsets=0x0000CF8B
00:07:21 | WARNING  | LONG COLOR RUN | color=0xB5 len=49 pixels=108565..108613 src_offsets=0x0000CFC5
00:07:21 | WARNING  | LONG COLOR RUN | color=0xD1 len=81 pixels=108614..108694 src_offsets=0x0000CFC7
00:07:21 | WARNING  | LONG COLOR RUN | color=0x35 len=52 pixels=108695..108746 src_offsets=0x0000CFC9
00:07:21 | WARNING  | LONG COLOR RUN | color=0xB3 len=51 pixels=108747..108797 src_offsets=0x0000CFCB
00:07:21 | WARNING  | LONG COLOR RUN | color=0x44 len=162 pixels=108798..108959 src_offsets=0x0000CFCD, 0x0000CFCF
00:07:21 | WARNING  | LONG COLOR RUN | color=0x38 len=99 pixels=108960..109058 src_offsets=0x0000CFD1
00:07:21 | WARNING  | LONG COLOR RUN | color=0xE4 len=100 pixels=109433..109532 src_offsets=0x0000D14D
00:07:21 | WARNING  | LONG COLOR RUN | color=0x3A len=99 pixels=109533..109631 src_offsets=0x0000D14F
00:07:21 | WARNING  | LONG COLOR RUN | color=0xD1 len=81 pixels=110013..110093 src_offsets=0x0000D2D5
00:07:21 | WARNING  | LONG COLOR RUN | color=0x81 len=99 pixels=110094..110192 src_offsets=0x0000D2D7
00:07:21 | WARNING  | LONG COLOR RUN | color=0x38 len=114 pixels=110252..110365 src_offsets=0x0000D315
00:07:21 | WARNING  | LONG COLOR RUN | color=0xF2 len=114 pixels=110564..110677 src_offsets=0x0000D3E1
00:07:21 | WARNING  | LONG COLOR RUN | color=0xBE len=115 pixels=110678..110792 src_offsets=0x0000D3E3
00:07:21 | WARNING  | LONG COLOR RUN | color=0xF2 len=114 pixels=110794..110907 src_offsets=0x0000D3E7
00:07:21 | WARNING  | LONG COLOR RUN | color=0x80 len=114 pixels=110908..111021 src_offsets=0x0000D3EB
00:07:21 | WARNING  | LONG COLOR RUN | color=0xE3 len=53 pixels=111410..111462 src_offsets=0x0000D578
00:07:21 | WARNING  | LONG COLOR RUN | color=0xF2 len=84 pixels=111463..111546 src_offsets=0x0000D57A
00:07:21 | WARNING  | LONG COLOR RUN | color=0x81 len=114 pixels=111547..111660 src_offsets=0x0000D57C
00:07:21 | WARNING  | LONG COLOR RUN | color=0x43 len=114 pixels=111661..111774 src_offsets=0x0000D57E
00:07:21 | WARNING  | LONG COLOR RUN | color=0xC6 len=70 pixels=112178..112247 src_offsets=0x0000D71B
00:07:21 | WARNING  | LONG COLOR RUN | color=0xBD len=61 pixels=112248..112308 src_offsets=0x0000D71D
00:07:21 | WARNING  | LONG COLOR RUN | color=0xD1 len=81 pixels=112839..112919 src_offsets=0x0000D93A
00:07:21 | WARNING  | LONG COLOR RUN | color=0x06 len=70 pixels=113241..113310 src_offsets=0x0000DA83
00:07:21 | WARNING  | LONG COLOR RUN | color=0xF2 len=99 pixels=113311..113409 src_offsets=0x0000DA85
00:07:21 | WARNING  | LONG COLOR RUN | color=0x81 len=114 pixels=113410..113523 src_offsets=0x0000DA87
00:07:21 | WARNING  | LONG COLOR RUN | color=0x52 len=114 pixels=113596..113709 src_offsets=0x0000DAD2
00:07:21 | WARNING  | LONG COLOR RUN | color=0xB5 len=69 pixels=113782..113850 src_offsets=0x0000DAD4, 0x0000DB1F
00:07:21 | WARNING  | LONG COLOR RUN | color=0xE2 len=98 pixels=113851..113948 src_offsets=0x0000DB21
00:07:21 | WARNING  | LONG COLOR RUN | color=0xB5 len=53 pixels=113949..114001 src_offsets=0x0000DB23
00:07:21 | WARNING  | LONG COLOR RUN | color=0x09 len=98 pixels=114202..114299 src_offsets=0x0000DBF1
00:07:21 | WARNING  | LONG COLOR RUN | color=0xC3 len=53 pixels=114300..114352 src_offsets=0x0000DBF3
00:07:21 | WARNING  | LONG COLOR RUN | color=0xE2 len=99 pixels=114353..114451 src_offsets=0x0000DBF5
00:07:21 | WARNING  | LONG COLOR RUN | color=0xE3 len=98 pixels=114452..114549 src_offsets=0x0000DBF7
00:07:21 | WARNING  | LONG COLOR RUN | color=0xB5 len=99 pixels=114550..114648 src_offsets=0x0000DBF9
00:07:21 | WARNING  | LONG COLOR RUN | color=0x44 len=53 pixels=114649..114701 src_offsets=0x0000DBFB
00:07:21 | WARNING  | LONG COLOR RUN | color=0x09 len=98 pixels=114702..114799 src_offsets=0x0000DBFD
00:07:21 | WARNING  | LONG COLOR RUN | color=0x45 len=81 pixels=114800..114880 src_offsets=0x0000DBFF
00:07:21 | WARNING  | LONG COLOR RUN | color=0xE2 len=98 pixels=114881..114978 src_offsets=0x0000DC01
00:07:21 | WARNING  | LONG COLOR RUN | color=0xE2 len=98 pixels=115036..115133 src_offsets=0x0000DC3D
00:07:21 | WARNING  | LONG COLOR RUN | color=0xF2 len=99 pixels=115134..115232 src_offsets=0x0000DC3F
00:07:21 | WARNING  | LONG COLOR RUN | color=0x81 len=115 pixels=115356..115470 src_offsets=0x0000DCBE, 0x0000DCC0
00:07:21 | WARNING  | LONG COLOR RUN | color=0x3B len=114 pixels=115471..115584 src_offsets=0x0000DCC2
00:07:21 | WARNING  | LONG COLOR RUN | color=0xC2 len=61 pixels=115795..115855 src_offsets=0x0000DD99
00:07:21 | WARNING  | LONG COLOR RUN | color=0xBE len=66 pixels=115856..115921 src_offsets=0x0000DD9B
00:07:21 | WARNING  | LONG COLOR RUN | color=0xD5 len=115 pixels=116216..116330 src_offsets=0x0000DECA
00:07:21 | WARNING  | LONG COLOR RUN | color=0xF3 len=85 pixels=116331..116415 src_offsets=0x0000DECC
00:07:21 | WARNING  | LONG COLOR RUN | color=0x83 len=115 pixels=116416..116530 src_offsets=0x0000DECE
00:07:21 | WARNING  | LONG COLOR RUN | color=0x42 len=115 pixels=116534..116648 src_offsets=0x0000DED3
00:07:21 | WARNING  | LONG COLOR RUN | color=0x43 len=70 pixels=116649..116718 src_offsets=0x0000DED5
00:07:21 | WARNING  | LONG COLOR RUN | color=0x49 len=51 pixels=116719..116769 src_offsets=0x0000DED7
00:07:21 | WARNING  | LONG COLOR RUN | color=0x1F len=70 pixels=116770..116839 src_offsets=0x0000DED9
00:07:21 | WARNING  | LONG COLOR RUN | color=0xB1 len=49 pixels=116840..116888 src_offsets=0x0000DEDB
00:07:21 | WARNING  | LONG COLOR RUN | color=0xE2 len=67 pixels=116889..116955 src_offsets=0x0000DEDD
00:07:21 | WARNING  | LONG COLOR RUN | color=0xB3 len=70 pixels=116956..117025 src_offsets=0x0000DEDF
00:07:21 | WARNING  | LONG COLOR RUN | color=0xBC len=52 pixels=117026..117077 src_offsets=0x0000DEE1
00:07:21 | WARNING  | LONG COLOR RUN | color=0x3A len=116 pixels=117352..117467 src_offsets=0x0000DFFA, 0x0000DFFC
00:07:21 | WARNING  | LONG COLOR RUN | color=0xF3 len=115 pixels=117712..117826 src_offsets=0x0000E0F6
00:07:21 | WARNING  | LONG COLOR RUN | color=0xB1 len=51 pixels=117827..117877 src_offsets=0x0000E0F8
00:07:21 | WARNING  | LONG COLOR RUN | color=0xB3 len=70 pixels=117878..117947 src_offsets=0x0000E0FA
00:07:21 | WARNING  | LONG COLOR RUN | color=0xC6 len=51 pixels=117948..117998 src_offsets=0x0000E0FC
00:07:21 | WARNING  | LONG COLOR RUN | color=0xB1 len=70 pixels=117999..118068 src_offsets=0x0000E0FE
00:07:21 | WARNING  | LONG COLOR RUN | color=0xB3 len=151 pixels=118314..118464 src_offsets=0x0000E1F9, 0x0000E1FB
00:07:21 | WARNING  | LONG COLOR RUN | color=0xB8 len=51 pixels=118465..118515 src_offsets=0x0000E1FD
00:07:21 | WARNING  | LONG COLOR RUN | color=0x69 len=99 pixels=118644..118742 src_offsets=0x0000E281
00:07:21 | WARNING  | LONG COLOR RUN | color=0x82 len=100 pixels=118800..118899 src_offsets=0x0000E2BE
00:07:21 | WARNING  | LONG COLOR RUN | color=0xC2 len=100 pixels=118900..118999 src_offsets=0x0000E2C0
00:07:21 | WARNING  | LONG COLOR RUN | color=0xF3 len=114 pixels=119069..119182 src_offsets=0x0000E308
00:07:21 | WARNING  | LONG COLOR RUN | color=0xB3 len=102 pixels=119187..119288 src_offsets=0x0000E30C, 0x0000E30E
00:07:21 | WARNING  | LONG COLOR RUN | color=0xE2 len=98 pixels=119289..119386 src_offsets=0x0000E310
00:07:21 | WARNING  | LONG COLOR RUN | color=0xC3 len=70 pixels=119387..119456 src_offsets=0x0000E312
00:07:21 | WARNING  | LONG COLOR RUN | color=0x43 len=168 pixels=119457..119624 src_offsets=0x0000E314, 0x0000E316
00:07:21 | WARNING  | LONG COLOR RUN | color=0x42 len=51 pixels=119625..119675 src_offsets=0x0000E318
00:07:21 | WARNING  | LONG COLOR RUN | color=0x44 len=98 pixels=119676..119773 src_offsets=0x0000E31A
00:07:21 | WARNING  | LONG COLOR RUN | color=0x02 len=70 pixels=119774..119843 src_offsets=0x0000E31C
00:07:21 | WARNING  | LONG COLOR RUN | color=0xE2 len=51 pixels=119844..119894 src_offsets=0x0000E31E
00:07:21 | WARNING  | LONG COLOR RUN | color=0xF2 len=61 pixels=120137..120197 src_offsets=0x0000E416
00:07:21 | WARNING  | LONG COLOR RUN | color=0xE3 len=99 pixels=120198..120296 src_offsets=0x0000E418
00:07:21 | WARNING  | LONG COLOR RUN | color=0xE2 len=67 pixels=120297..120363 src_offsets=0x0000E41A
00:07:21 | WARNING  | LONG COLOR RUN | color=0xC6 len=98 pixels=120364..120461 src_offsets=0x0000E41C
00:07:21 | WARNING  | LONG COLOR RUN | color=0xE2 len=70 pixels=120462..120531 src_offsets=0x0000E41E
00:07:21 | WARNING  | LONG COLOR RUN | color=0x44 len=98 pixels=120532..120629 src_offsets=0x0000E420
00:07:21 | WARNING  | LONG COLOR RUN | color=0x04 len=70 pixels=120630..120699 src_offsets=0x0000E422
00:07:21 | WARNING  | LONG COLOR RUN | color=0xB3 len=72 pixels=120700..120771 src_offsets=0x0000E424
00:07:21 | WARNING  | LONG COLOR RUN | color=0xC6 len=51 pixels=120772..120822 src_offsets=0x0000E426
00:07:21 | WARNING  | LONG COLOR RUN | color=0x80 len=114 pixels=120890..121003 src_offsets=0x0000E46C
00:07:21 | WARNING  | LONG COLOR RUN | color=0xF2 len=114 pixels=121063..121176 src_offsets=0x0000E4AA
00:07:21 | WARNING  | LONG COLOR RUN | color=0x81 len=114 pixels=121587..121700 src_offsets=0x0000E64D
00:07:21 | WARNING  | LONG COLOR RUN | color=0xBD len=100 pixels=121701..121800 src_offsets=0x0000E64F
00:07:21 | WARNING  | LONG COLOR RUN | color=0xE3 len=114 pixels=121801..121914 src_offsets=0x0000E651
00:07:21 | WARNING  | LONG COLOR RUN | color=0xC8 len=137 pixels=121915..122051 src_offsets=0x0000E653, 0x0000E655
00:07:21 | WARNING  | LONG COLOR RUN | color=0xC6 len=56 pixels=122052..122107 src_offsets=0x0000E657
00:07:21 | WARNING  | LONG COLOR RUN | color=0xB3 len=70 pixels=122108..122177 src_offsets=0x0000E659
00:07:21 | WARNING  | LONG COLOR RUN | color=0xB8 len=56 pixels=122178..122233 src_offsets=0x0000E65B
00:07:21 | WARNING  | LONG COLOR RUN | color=0xE4 len=99 pixels=122234..122332 src_offsets=0x0000E65D
00:07:21 | WARNING  | LONG COLOR RUN | color=0x3A len=100 pixels=122333..122432 src_offsets=0x0000E65F
00:07:21 | WARNING  | LONG COLOR RUN | color=0x07 len=67 pixels=122543..122609 src_offsets=0x0000E6D0
00:07:21 | WARNING  | LONG COLOR RUN | color=0xF2 len=85 pixels=122610..122694 src_offsets=0x0000E6D2, 0x0000E6D5
00:07:21 | WARNING  | LONG COLOR RUN | color=0x01 len=85 pixels=122807..122891 src_offsets=0x0000E749
00:07:21 | WARNING  | LONG COLOR RUN | color=0x47 len=115 pixels=122892..123006 src_offsets=0x0000E74B
00:07:21 | WARNING  | LONG COLOR RUN | color=0x18 len=85 pixels=123007..123091 src_offsets=0x0000E74D
00:07:21 | WARNING  | LONG COLOR RUN | color=0x83 len=115 pixels=123092..123206 src_offsets=0x0000E74F
00:07:21 | WARNING  | LONG COLOR RUN | color=0x83 len=115 pixels=123215..123329 src_offsets=0x0000E757
00:07:21 | WARNING  | LONG COLOR RUN | color=0xD5 len=115 pixels=123334..123448 src_offsets=0x0000E75B
00:07:21 | WARNING  | LONG COLOR RUN | color=0xBE len=115 pixels=123449..123563 src_offsets=0x0000E75D
00:07:21 | WARNING  | LONG COLOR RUN | color=0x37 len=61 pixels=123564..123624 src_offsets=0x0000E75F
00:07:21 | WARNING  | LONG COLOR RUN | color=0xB9 len=57 pixels=123839..123895 src_offsets=0x0000E83D
00:07:21 | WARNING  | LONG COLOR RUN | color=0xC0 len=64 pixels=123896..123959 src_offsets=0x0000E83F
00:07:21 | WARNING  | LONG COLOR RUN | color=0xA6 len=54 pixels=123960..124013 src_offsets=0x0000E841
00:07:21 | WARNING  | LONG COLOR RUN | color=0xC6 len=57 pixels=124014..124070 src_offsets=0x0000E843
00:07:21 | WARNING  | LONG COLOR RUN | color=0xF2 len=70 pixels=124071..124140 src_offsets=0x0000E845
00:07:21 | WARNING  | LONG COLOR RUN | color=0x80 len=114 pixels=124142..124255 src_offsets=0x0000E849
00:07:21 | WARNING  | LONG COLOR RUN | color=0x1C len=81 pixels=124611..124691 src_offsets=0x0000E9B4
00:07:21 | WARNING  | LONG COLOR RUN | color=0xC3 len=98 pixels=124692..124789 src_offsets=0x0000E9B6
00:07:21 | WARNING  | LONG COLOR RUN | color=0xB3 len=70 pixels=124790..124859 src_offsets=0x0000E9B8
00:07:21 | WARNING  | LONG COLOR RUN | color=0xD1 len=51 pixels=124860..124910 src_offsets=0x0000E9BA
00:07:21 | WARNING  | LONG COLOR RUN | color=0xB3 len=51 pixels=124911..124961 src_offsets=0x0000E9BC
00:07:21 | WARNING  | LONG COLOR RUN | color=0xE2 len=98 pixels=124962..125059 src_offsets=0x0000E9BE
00:07:21 | WARNING  | LONG COLOR RUN | color=0xDC len=67 pixels=125060..125126 src_offsets=0x0000E9C0
00:07:21 | WARNING  | LONG COLOR RUN | color=0xD1 len=98 pixels=125127..125224 src_offsets=0x0000E9C2
00:07:21 | WARNING  | LONG COLOR RUN | color=0xE2 len=81 pixels=125225..125305 src_offsets=0x0000E9C4
00:07:21 | WARNING  | LONG COLOR RUN | color=0xB3 len=51 pixels=125306..125356 src_offsets=0x0000E9C6
00:07:21 | WARNING  | LONG COLOR RUN | color=0xD1 len=70 pixels=125357..125426 src_offsets=0x0000E9C8
00:07:21 | WARNING  | LONG COLOR RUN | color=0xC6 len=81 pixels=125427..125507 src_offsets=0x0000E9CA
00:07:21 | WARNING  | LONG COLOR RUN | color=0xE2 len=98 pixels=125508..125605 src_offsets=0x0000E9CC
00:07:21 | WARNING  | LONG COLOR RUN | color=0xB3 len=51 pixels=125606..125656 src_offsets=0x0000E9CE
00:07:21 | WARNING  | LONG COLOR RUN | color=0xBC len=52 pixels=125657..125708 src_offsets=0x0000E9D0
00:07:21 | WARNING  | LONG COLOR RUN | color=0xC3 len=83 pixels=125885..125967 src_offsets=0x0000EA84
00:07:21 | WARNING  | LONG COLOR RUN | color=0x02 len=114 pixels=126037..126150 src_offsets=0x0000EACC
00:07:21 | WARNING  | LONG COLOR RUN | color=0xF2 len=99 pixels=126277..126375 src_offsets=0x0000EB4E
00:07:21 | WARNING  | LONG COLOR RUN | color=0xC3 len=83 pixels=126376..126458 src_offsets=0x0000EB50
00:07:21 | WARNING  | LONG COLOR RUN | color=0xE3 len=67 pixels=126459..126525 src_offsets=0x0000EB52
00:07:21 | WARNING  | LONG COLOR RUN | color=0x81 len=114 pixels=126526..126639 src_offsets=0x0000EB54
00:07:21 | WARNING  | LONG COLOR RUN | color=0xE4 len=100 pixels=126710..126809 src_offsets=0x0000EB9F
00:07:21 | WARNING  | LONG COLOR RUN | color=0xD1 len=52 pixels=126937..126988 src_offsets=0x0000EC23
00:07:21 | WARNING  | LONG COLOR RUN | color=0xB4 len=81 pixels=126989..127069 src_offsets=0x0000EC25
00:07:21 | WARNING  | LONG COLOR RUN | color=0x44 len=81 pixels=127070..127150 src_offsets=0x0000EC27
00:07:21 | WARNING  | LONG COLOR RUN | color=0xE4 len=114 pixels=127151..127264 src_offsets=0x0000EC29
00:07:21 | WARNING  | LONG COLOR RUN | color=0xF2 len=100 pixels=127265..127364 src_offsets=0x0000EC2B
00:07:21 | WARNING  | LONG COLOR RUN | color=0xC3 len=67 pixels=127530..127596 src_offsets=0x0000ECD4
00:07:21 | WARNING  | LONG COLOR RUN | color=0xD3 len=83 pixels=127597..127679 src_offsets=0x0000ECD6
00:07:21 | WARNING  | LONG COLOR RUN | color=0x45 len=84 pixels=127680..127763 src_offsets=0x0000ECD8
00:07:21 | WARNING  | LONG COLOR RUN | color=0x10 len=66 pixels=127764..127829 src_offsets=0x0000ECDA
00:07:21 | WARNING  | LONG COLOR RUN | color=0xE4 len=100 pixels=127830..127929 src_offsets=0x0000ECDC
00:07:21 | WARNING  | LONG COLOR RUN | color=0x44 len=60 pixels=128450..128509 src_offsets=0x0000EEEF
00:07:21 | WARNING  | LONG COLOR RUN | color=0x04 len=81 pixels=128510..128590 src_offsets=0x0000EEF1
00:07:21 | WARNING  | LONG COLOR RUN | color=0x39 len=98 pixels=128591..128688 src_offsets=0x0000EEF3
00:07:21 | WARNING  | LONG COLOR RUN | color=0xF2 len=114 pixels=128689..128802 src_offsets=0x0000EEF5
00:07:21 | WARNING  | LONG COLOR RUN | color=0x34 len=52 pixels=128870..128921 src_offsets=0x0000EF3B
00:07:21 | WARNING  | LONG COLOR RUN | color=0xF2 len=114 pixels=129161..129274 src_offsets=0x0000F031
00:07:21 | WARNING  | LONG COLOR RUN | color=0xB5 len=114 pixels=129277..129390 src_offsets=0x0000F035
00:07:21 | WARNING  | LONG COLOR RUN | color=0xF2 len=214 pixels=129461..129674 src_offsets=0x0000F07E, 0x0000F080
00:07:21 | WARNING  | LONG COLOR RUN | color=0x04 len=99 pixels=129834..129932 src_offsets=0x0000F123
00:07:21 | WARNING  | LONG COLOR RUN | color=0xBD len=61 pixels=129933..129993 src_offsets=0x0000F125
00:07:21 | WARNING  | LONG COLOR RUN | color=0xB5 len=114 pixels=129994..130107 src_offsets=0x0000F127
00:07:21 | WARNING  | LONG COLOR RUN | color=0xE4 len=114 pixels=130175..130288 src_offsets=0x0000F16D
00:07:21 | WARNING  | LONG COLOR RUN | color=0xE3 len=67 pixels=130417..130483 src_offsets=0x0000F1F2
00:07:21 | WARNING  | LONG COLOR RUN | color=0x0E len=114 pixels=130485..130598 src_offsets=0x0000F1F7
00:07:21 | WARNING  | LONG COLOR RUN | color=0x43 len=52 pixels=130792..130843 src_offsets=0x0000F279, 0x0000F2BE
00:07:21 | WARNING  | LONG COLOR RUN | color=0x45 len=49 pixels=130844..130892 src_offsets=0x0000F2C0
00:07:21 | WARNING  | LONG COLOR RUN | color=0x25 len=67 pixels=130893..130959 src_offsets=0x0000F2C2
00:07:21 | WARNING  | LONG COLOR RUN | color=0xC6 len=98 pixels=130960..131057 src_offsets=0x0000F2C4
00:07:21 | WARNING  | LONG COLOR RUN | color=0xE3 len=179 pixels=131058..131236 src_offsets=0x0000F2C6, 0x0000F2C8, 0x0000F2CA
00:07:21 | WARNING  | LONG COLOR RUN | color=0xD1 len=81 pixels=131396..131476 src_offsets=0x0000F36F
00:07:21 | WARNING  | LONG COLOR RUN | color=0xBD len=114 pixels=131661..131774 src_offsets=0x0000F42C
00:07:21 | WARNING  | LONG COLOR RUN | color=0x43 len=83 pixels=131775..131857 src_offsets=0x0000F42E
00:07:21 | WARNING  | LONG COLOR RUN | color=0x10 len=67 pixels=131858..131924 src_offsets=0x0000F430
00:07:21 | WARNING  | LONG COLOR RUN | color=0xF2 len=83 pixels=131925..132007 src_offsets=0x0000F432
00:07:21 | WARNING  | LONG COLOR RUN | color=0x43 len=99 pixels=132180..132278 src_offsets=0x0000F4E7
00:07:21 | WARNING  | LONG COLOR RUN | color=0x03 len=61 pixels=132279..132339 src_offsets=0x0000F4E9
00:07:21 | WARNING  | LONG COLOR RUN | color=0xC3 len=114 pixels=132340..132453 src_offsets=0x0000F4EB
00:07:21 | WARNING  | LONG COLOR RUN | color=0x43 len=67 pixels=132454..132520 src_offsets=0x0000F4ED
00:07:21 | WARNING  | LONG COLOR RUN | color=0x09 len=51 pixels=132521..132571 src_offsets=0x0000F4EF
00:07:21 | WARNING  | LONG COLOR RUN | color=0x36 len=52 pixels=132572..132623 src_offsets=0x0000F4F1
00:07:21 | WARNING  | LONG COLOR RUN | color=0xB3 len=51 pixels=132624..132674 src_offsets=0x0000F4F3
00:07:21 | WARNING  | LONG COLOR RUN | color=0xE2 len=81 pixels=132675..132755 src_offsets=0x0000F4F5
00:07:21 | WARNING  | LONG COLOR RUN | color=0xB5 len=98 pixels=132756..132853 src_offsets=0x0000F4F7
00:07:21 | WARNING  | LONG COLOR RUN | color=0x43 len=67 pixels=132854..132920 src_offsets=0x0000F4F9
00:07:21 | WARNING  | LONG COLOR RUN | color=0x07 len=98 pixels=132921..133018 src_offsets=0x0000F4FB
00:07:21 | WARNING  | LONG COLOR RUN | color=0xE3 len=112 pixels=133019..133130 src_offsets=0x0000F4FD, 0x0000F4FF
00:07:21 | WARNING  | LONG COLOR RUN | color=0xF2 len=67 pixels=133131..133197 src_offsets=0x0000F501
00:07:21 | WARNING  | LONG COLOR RUN | color=0xBA len=56 pixels=133357..133412 src_offsets=0x0000F5A4
00:07:21 | WARNING  | LONG COLOR RUN | color=0xD1 len=52 pixels=133413..133464 src_offsets=0x0000F5A6
00:07:21 | WARNING  | LONG COLOR RUN | color=0xC3 len=98 pixels=133833..133930 src_offsets=0x0000F71E
00:07:21 | WARNING  | LONG COLOR RUN | color=0xF2 len=114 pixels=133931..134044 src_offsets=0x0000F720
00:07:21 | WARNING  | LONG COLOR RUN | color=0xBD len=61 pixels=134045..134105 src_offsets=0x0000F722
00:07:21 | WARNING  | LONG COLOR RUN | color=0xE3 len=114 pixels=134106..134219 src_offsets=0x0000F724
00:07:21 | WARNING  | LONG COLOR RUN | color=0xF2 len=152 pixels=134405..134556 src_offsets=0x0000F7E3, 0x0000F7E5
00:07:21 | WARNING  | LONG COLOR RUN | color=0xB3 len=83 pixels=135135..135217 src_offsets=0x0000FA31
00:07:21 | WARNING  | LONG COLOR RUN | color=0x43 len=85 pixels=135516..135600 src_offsets=0x0000FB62
00:07:21 | WARNING  | LONG COLOR RUN | color=0x03 len=115 pixels=135601..135715 src_offsets=0x0000FB64
00:07:21 | WARNING  | LONG COLOR RUN | color=0xF3 len=85 pixels=135716..135800 src_offsets=0x0000FB66
00:07:21 | WARNING  | LONG COLOR RUN | color=0x47 len=61 pixels=135801..135861 src_offsets=0x0000FB68
00:07:21 | WARNING  | LONG COLOR RUN | color=0x01 len=115 pixels=135862..135976 src_offsets=0x0000FB6A
00:07:21 | WARNING  | LONG COLOR RUN | color=0x04 len=115 pixels=135980..136094 src_offsets=0x0000FB6E
00:07:21 | WARNING  | LONG COLOR RUN | color=0x6A len=115 pixels=136098..136212 src_offsets=0x0000FB72
00:07:21 | WARNING  | LONG COLOR RUN | color=0xBC len=99 pixels=137034..137132 src_offsets=0x0000FEB5
00:07:21 | WARNING  | LONG COLOR RUN | color=0xF2 len=114 pixels=137200..137313 src_offsets=0x0000FEFB
00:07:21 | WARNING  | LONG COLOR RUN | color=0x39 len=114 pixels=137438..137551 src_offsets=0x0000FF7B
00:07:21 | WARNING  | LONG COLOR RUN | color=0xB3 len=98 pixels=137972..138069 src_offsets=0x00010127
00:07:21 | WARNING  | LONG COLOR RUN | color=0xB5 len=98 pixels=138070..138167 src_offsets=0x00010129
00:07:21 | WARNING  | LONG COLOR RUN | color=0x81 len=114 pixels=138168..138281 src_offsets=0x0001012B
00:07:21 | WARNING  | LONG COLOR RUN | color=0xF2 len=114 pixels=138284..138397 src_offsets=0x0001012F
00:07:21 | WARNING  | LONG COLOR RUN | color=0x80 len=114 pixels=138457..138570 src_offsets=0x0001016E
00:07:21 | WARNING  | LONG COLOR RUN | color=0x80 len=114 pixels=138630..138743 src_offsets=0x000101AD
00:07:21 | WARNING  | LONG COLOR RUN | color=0xDC len=98 pixels=138803..138900 src_offsets=0x000101EC
00:07:21 | WARNING  | LONG COLOR RUN | color=0xE3 len=99 pixels=139184..139282 src_offsets=0x0001030D
00:07:21 | WARNING  | LONG COLOR RUN | color=0x43 len=67 pixels=139283..139349 src_offsets=0x0001030F
00:07:21 | WARNING  | LONG COLOR RUN | color=0x08 len=53 pixels=139350..139402 src_offsets=0x00010311
00:07:21 | WARNING  | LONG COLOR RUN | color=0xF2 len=99 pixels=139403..139501 src_offsets=0x00010313
00:07:21 | WARNING  | LONG COLOR RUN | color=0xBE len=61 pixels=139502..139562 src_offsets=0x00010315
00:07:21 | WARNING  | LONG COLOR RUN | color=0xE3 len=66 pixels=139563..139628 src_offsets=0x00010317
00:07:21 | WARNING  | LONG COLOR RUN | color=0xC2 len=53 pixels=139629..139681 src_offsets=0x00010319
00:07:21 | WARNING  | LONG COLOR RUN | color=0x45 len=114 pixels=139858..139971 src_offsets=0x000103CD
00:07:21 | WARNING  | LONG COLOR RUN | color=0xE3 len=114 pixels=140040..140153 src_offsets=0x00010416
00:07:21 | WARNING  | LONG COLOR RUN | color=0x44 len=99 pixels=140154..140252 src_offsets=0x00010418
00:07:21 | WARNING  | LONG COLOR RUN | color=0x05 len=93 pixels=140253..140345 src_offsets=0x0001041A
00:07:21 | WARNING  | LONG COLOR RUN | color=0xD4 len=100 pixels=140622..140721 src_offsets=0x00010534
00:07:21 | WARNING  | LONG COLOR RUN | color=0x3B len=114 pixels=141015..141128 src_offsets=0x0001065E
00:07:21 | WARNING  | LONG COLOR RUN | color=0x1E len=114 pixels=141187..141300 src_offsets=0x0001069B
00:07:21 | WARNING  | LONG COLOR RUN | color=0xE3 len=61 pixels=141626..141686 src_offsets=0x000107E6
00:07:21 | WARNING  | LONG COLOR RUN | color=0xB3 len=98 pixels=141687..141784 src_offsets=0x000107E8
00:07:21 | WARNING  | LONG COLOR RUN | color=0xBC len=52 pixels=141785..141836 src_offsets=0x000107EA
00:07:21 | WARNING  | LONG COLOR RUN | color=0xC8 len=60 pixels=141837..141896 src_offsets=0x000107EC
00:07:21 | WARNING  | LONG COLOR RUN | color=0xBE len=67 pixels=141897..141963 src_offsets=0x000107EE
00:07:21 | WARNING  | LONG COLOR RUN | color=0x43 len=61 pixels=141964..142024 src_offsets=0x000107F0
00:07:21 | WARNING  | LONG COLOR RUN | color=0x08 len=98 pixels=142025..142122 src_offsets=0x000107F2
00:07:21 | WARNING  | LONG COLOR RUN | color=0xE2 len=81 pixels=142123..142203 src_offsets=0x000107F4
00:07:21 | WARNING  | LONG COLOR RUN | color=0xC2 len=62 pixels=142641..142702 src_offsets=0x000109B0
00:07:21 | WARNING  | LONG COLOR RUN | color=0xC6 len=70 pixels=142703..142772 src_offsets=0x000109B2
00:07:21 | WARNING  | LONG COLOR RUN | color=0xE2 len=98 pixels=142773..142870 src_offsets=0x000109B4
00:07:21 | WARNING  | LONG COLOR RUN | color=0xF2 len=81 pixels=142871..142951 src_offsets=0x000109B6
00:07:21 | WARNING  | LONG COLOR RUN | color=0xD1 len=81 pixels=143062..143142 src_offsets=0x00010A27
00:07:21 | WARNING  | LONG COLOR RUN | color=0xF2 len=101 pixels=143630..143730 src_offsets=0x00010C17, 0x00010C19
00:07:21 | WARNING  | LONG COLOR RUN | color=0xC1 len=99 pixels=144475..144573 src_offsets=0x00010F0D
00:07:21 | WARNING  | LONG COLOR RUN | color=0xD1 len=67 pixels=144574..144640 src_offsets=0x00010F0F
00:07:21 | WARNING  | LONG COLOR RUN | color=0xB1 len=70 pixels=144964..145033 src_offsets=0x00011058
00:07:21 | WARNING  | LONG COLOR RUN | color=0xC6 len=49 pixels=145034..145082 src_offsets=0x0001105A
00:07:21 | WARNING  | LONG COLOR RUN | color=0xE4 len=83 pixels=145083..145165 src_offsets=0x0001105C
00:07:21 | WARNING  | LONG COLOR RUN | color=0xF2 len=100 pixels=145166..145265 src_offsets=0x0001105E
00:07:21 | WARNING  | LONG COLOR RUN | color=0x82 len=99 pixels=145266..145364 src_offsets=0x00011060
00:07:21 | WARNING  | LONG COLOR RUN | color=0xF2 len=53 pixels=145377..145429 src_offsets=0x0001106A
00:07:21 | WARNING  | LONG COLOR RUN | color=0x84 len=115 pixels=145506..145620 src_offsets=0x000110B6
00:07:21 | WARNING  | LONG COLOR RUN | color=0x0D len=67 pixels=145747..145813 src_offsets=0x00011138
00:07:21 | WARNING  | LONG COLOR RUN | color=0x45 len=81 pixels=145814..145894 src_offsets=0x0001113A
00:07:21 | WARNING  | LONG COLOR RUN | color=0xE2 len=81 pixels=145895..145975 src_offsets=0x0001113C
00:07:21 | WARNING  | LONG COLOR RUN | color=0xE3 len=99 pixels=146034..146132 src_offsets=0x00011179
00:07:21 | WARNING  | LONG COLOR RUN | color=0xF2 len=114 pixels=146133..146246 src_offsets=0x0001117B
00:07:21 | WARNING  | LONG COLOR RUN | color=0xD3 len=83 pixels=146247..146329 src_offsets=0x0001117D
00:07:21 | WARNING  | LONG COLOR RUN | color=0x80 len=114 pixels=146398..146511 src_offsets=0x000111C5
00:07:21 | WARNING  | LONG COLOR RUN | color=0xC3 len=67 pixels=146912..146978 src_offsets=0x0001135F
00:07:21 | WARNING  | LONG COLOR RUN | color=0x39 len=53 pixels=146979..147031 src_offsets=0x00011361
00:07:21 | WARNING  | LONG COLOR RUN | color=0x80 len=114 pixels=147146..147259 src_offsets=0x000113D7
00:07:21 | WARNING  | LONG COLOR RUN | color=0xF2 len=114 pixels=147260..147373 src_offsets=0x000113D9
00:07:21 | WARNING  | LONG COLOR RUN | color=0x44 len=38 pixels=147433..147470 src_offsets=0x00011417
00:07:21 | WARNING  | LONG COLOR RUN | color=0x04 len=36 pixels=147471..147506 src_offsets=0x00011419
00:07:21 | WARNING  | LONG COLOR RUN | color=0xA4 len=38 pixels=147507..147544 src_offsets=0x0001141B
00:07:21 | WARNING  | LONG COLOR RUN | color=0xA6 len=38 pixels=147545..147582 src_offsets=0x0001141D
00:07:21 | WARNING  | LONG COLOR RUN | color=0x05 len=100 pixels=147652..147751 src_offsets=0x00011465
00:07:21 | WARNING  | LONG COLOR RUN | color=0xE2 len=197 pixels=148017..148213 src_offsets=0x00011575, 0x00011577
00:07:21 | WARNING  | LONG COLOR RUN | color=0x38 len=99 pixels=148214..148312 src_offsets=0x00011579
00:07:21 | WARNING  | LONG COLOR RUN | color=0x43 len=100 pixels=148381..148480 src_offsets=0x000115C0, 0x000115C2
00:07:21 | WARNING  | LONG COLOR RUN | color=0xB1 len=36 pixels=148712..148747 src_offsets=0x000116AD
00:07:21 | WARNING  | LONG COLOR RUN | color=0xBD len=84 pixels=148748..148831 src_offsets=0x000116AF
00:07:21 | WARNING  | LONG COLOR RUN | color=0xC3 len=61 pixels=148832..148892 src_offsets=0x000116B1
00:07:21 | WARNING  | LONG COLOR RUN | color=0x43 len=114 pixels=149171..149284 src_offsets=0x000117CD
00:07:21 | WARNING  | LONG COLOR RUN | color=0x12 len=99 pixels=149285..149383 src_offsets=0x000117CF
00:07:21 | WARNING  | LONG COLOR RUN | color=0xB5 len=98 pixels=149823..149920 src_offsets=0x0001198F
00:07:21 | WARNING  | LONG COLOR RUN | color=0xE3 len=67 pixels=149921..149987 src_offsets=0x00011991
00:07:21 | WARNING  | LONG COLOR RUN | color=0x38 len=195 pixels=150044..150238 src_offsets=0x000119CC, 0x000119CE
00:07:21 | WARNING  | LONG COLOR RUN | color=0x37 len=81 pixels=150239..150319 src_offsets=0x000119D0
00:07:21 | WARNING  | LONG COLOR RUN | color=0xE3 len=98 pixels=150548..150645 src_offsets=0x00011ABA
00:07:21 | WARNING  | LONG COLOR RUN | color=0xBD len=61 pixels=150646..150706 src_offsets=0x00011ABC
00:07:21 | WARNING  | LONG COLOR RUN | color=0xE3 len=67 pixels=150707..150773 src_offsets=0x00011ABE
00:07:21 | WARNING  | LONG COLOR RUN | color=0x35 len=113 pixels=150947..151059 src_offsets=0x00011B6F
00:07:21 | WARNING  | LONG COLOR RUN | color=0x07 len=114 pixels=151113..151226 src_offsets=0x00011BA7
00:07:21 | WARNING  | LONG COLOR RUN | color=0xE2 len=114 pixels=151551..151664 src_offsets=0x00011CF1
00:07:21 | WARNING  | LONG COLOR RUN | color=0x44 len=98 pixels=151665..151762 src_offsets=0x00011CF3
00:07:21 | WARNING  | LONG COLOR RUN | color=0x1A len=70 pixels=151763..151832 src_offsets=0x00011CF5
00:07:21 | WARNING  | LONG COLOR RUN | color=0xC3 len=67 pixels=151833..151899 src_offsets=0x00011CF7
00:07:21 | WARNING  | LONG COLOR RUN | color=0xC6 len=168 pixels=151900..152067 src_offsets=0x00011CF9, 0x00011CFB
00:07:21 | WARNING  | LONG COLOR RUN | color=0xB0 len=51 pixels=152068..152118 src_offsets=0x00011CFD
00:07:21 | WARNING  | LONG COLOR RUN | color=0xF3 len=99 pixels=152119..152217 src_offsets=0x00011CFF
00:07:21 | WARNING  | LONG COLOR RUN | color=0x39 len=114 pixels=152218..152331 src_offsets=0x00011D02
00:07:21 | WARNING  | LONG COLOR RUN | color=0x3B len=228 pixels=152396..152623 src_offsets=0x00011D42, 0x00011D44
00:07:21 | WARNING  | LONG COLOR RUN | color=0xD1 len=81 pixels=152683..152763 src_offsets=0x00011D82
00:07:21 | WARNING  | LONG COLOR RUN | color=0xB5 len=99 pixels=152820..152918 src_offsets=0x00011DBD
00:07:21 | WARNING  | LONG COLOR RUN | color=0x44 len=98 pixels=153206..153303 src_offsets=0x00011EE3
00:07:21 | WARNING  | LONG COLOR RUN | color=0xD1 len=81 pixels=153304..153384 src_offsets=0x00011EE5
00:07:21 | WARNING  | LONG COLOR RUN | color=0x46 len=119 pixels=153531..153649 src_offsets=0x00011F7B, 0x00011F7D
00:07:21 | WARNING  | LONG COLOR RUN | color=0x06 len=115 pixels=153657..153771 src_offsets=0x00011F83
00:07:21 | WARNING  | LONG COLOR RUN | color=0x38 len=82 pixels=153898..153979 src_offsets=0x00012009, 0x0001200B
00:07:21 | WARNING  | LONG COLOR RUN | color=0x4B len=38 pixels=154107..154144 src_offsets=0x0001208E
00:07:21 | WARNING  | LONG COLOR RUN | color=0x45 len=36 pixels=154145..154180 src_offsets=0x00012090
00:07:21 | WARNING  | LONG COLOR RUN | color=0x01 len=38 pixels=154181..154218 src_offsets=0x00012092
00:07:21 | WARNING  | LONG COLOR RUN | color=0x44 len=38 pixels=154249..154286 src_offsets=0x00012096
00:07:21 | WARNING  | LONG COLOR RUN | color=0x04 len=36 pixels=154287..154322 src_offsets=0x00012098
00:07:21 | WARNING  | LONG COLOR RUN | color=0xA6 len=38 pixels=154323..154360 src_offsets=0x0001209A
00:07:21 | WARNING  | LONG COLOR RUN | color=0x83 len=62 pixels=154526..154587 src_offsets=0x00012127
00:07:21 | WARNING  | LONG COLOR RUN | color=0xE2 len=67 pixels=154593..154659 src_offsets=0x0001212D
00:07:21 | WARNING  | LONG COLOR RUN | color=0xB3 len=70 pixels=154660..154729 src_offsets=0x0001212F
00:07:21 | WARNING  | LONG COLOR RUN | color=0xF2 len=100 pixels=155037..155136 src_offsets=0x00012269
00:07:21 | WARNING  | LONG COLOR RUN | color=0x3A len=98 pixels=155137..155234 src_offsets=0x0001226B
00:07:21 | WARNING  | LONG COLOR RUN | color=0x33 len=113 pixels=155365..155477 src_offsets=0x000122F1
00:07:21 | WARNING  | LONG COLOR RUN | color=0x44 len=115 pixels=155603..155717 src_offsets=0x00012371
00:07:21 | WARNING  | LONG COLOR RUN | color=0x45 len=115 pixels=155721..155835 src_offsets=0x00012375
00:07:21 | WARNING  | LONG COLOR RUN | color=0x43 len=115 pixels=155839..155953 src_offsets=0x00012379
00:07:21 | WARNING  | LONG COLOR RUN | color=0x06 len=115 pixels=155957..156071 src_offsets=0x0001237D
00:07:21 | WARNING  | LONG COLOR RUN | color=0xF2 len=115 pixels=156292..156406 src_offsets=0x0001245F
00:07:21 | WARNING  | LONG COLOR RUN | color=0x4A len=114 pixels=156407..156520 src_offsets=0x00012461
00:07:21 | WARNING  | LONG COLOR RUN | color=0x43 len=81 pixels=156768..156848 src_offsets=0x0001255D
00:07:21 | WARNING  | LONG COLOR RUN | color=0x02 len=114 pixels=157074..157187 src_offsets=0x00012645
00:07:21 | WARNING  | LONG COLOR RUN | color=0x3B len=114 pixels=157257..157370 src_offsets=0x0001268E
00:07:21 | WARNING  | LONG COLOR RUN | color=0xA4 len=39 pixels=157426..157464 src_offsets=0x00012690, 0x000126C9
00:07:21 | WARNING  | LONG COLOR RUN | color=0x9E len=38 pixels=157465..157502 src_offsets=0x000126CB
00:07:21 | WARNING  | LONG COLOR RUN | color=0xA5 len=38 pixels=157533..157570 src_offsets=0x000126CF
00:07:21 | WARNING  | LONG COLOR RUN | color=0xA2 len=74 pixels=157571..157644 src_offsets=0x000126D1, 0x000126D3
00:07:21 | WARNING  | LONG COLOR RUN | color=0xA6 len=37 pixels=157645..157681 src_offsets=0x000126D5
00:07:21 | WARNING  | LONG COLOR RUN | color=0x9E len=38 pixels=157682..157719 src_offsets=0x000126D7
00:07:21 | WARNING  | LONG COLOR RUN | color=0x47 len=38 pixels=157750..157787 src_offsets=0x000126DB
00:07:21 | WARNING  | LONG COLOR RUN | color=0x03 len=36 pixels=157788..157823 src_offsets=0x000126DD
00:07:21 | WARNING  | LONG COLOR RUN | color=0xA5 len=38 pixels=157824..157861 src_offsets=0x000126DF
00:07:21 | WARNING  | LONG COLOR RUN | color=0x02 len=38 pixels=157892..157929 src_offsets=0x000126E3
00:07:21 | WARNING  | LONG COLOR RUN | color=0x7D len=36 pixels=157930..157965 src_offsets=0x000126E5
00:07:21 | WARNING  | LONG COLOR RUN | color=0xB1 len=67 pixels=158100..158166 src_offsets=0x0001276D
00:07:21 | WARNING  | LONG COLOR RUN | color=0xE2 len=49 pixels=158167..158215 src_offsets=0x0001276F
00:07:21 | WARNING  | LONG COLOR RUN | color=0xD1 len=98 pixels=158216..158313 src_offsets=0x00012771
00:07:21 | WARNING  | LONG COLOR RUN | color=0xAF len=81 pixels=158314..158394 src_offsets=0x00012773
00:07:21 | WARNING  | LONG COLOR RUN | color=0x43 len=53 pixels=158571..158623 src_offsets=0x00012828
00:07:21 | WARNING  | LONG COLOR RUN | color=0x0E len=98 pixels=158624..158721 src_offsets=0x0001282A
00:07:21 | WARNING  | LONG COLOR RUN | color=0xF2 len=114 pixels=158779..158892 src_offsets=0x00012866
00:07:21 | WARNING  | LONG COLOR RUN | color=0xE3 len=99 pixels=158950..159048 src_offsets=0x000128A2
00:07:21 | WARNING  | LONG COLOR RUN | color=0xA6 len=34 pixels=159116..159149 src_offsets=0x000128E9
00:07:21 | WARNING  | LONG COLOR RUN | color=0xA5 len=38 pixels=159150..159187 src_offsets=0x000128EB
00:07:21 | WARNING  | LONG COLOR RUN | color=0x9E len=37 pixels=159188..159224 src_offsets=0x000128ED
00:07:21 | WARNING  | LONG COLOR RUN | color=0xA6 len=75 pixels=159225..159299 src_offsets=0x000128EF, 0x000128F1
00:07:21 | WARNING  | LONG COLOR RUN | color=0x44 len=38 pixels=159300..159337 src_offsets=0x000128F3
00:07:21 | WARNING  | LONG COLOR RUN | color=0x04 len=36 pixels=159338..159373 src_offsets=0x000128F5
00:07:21 | WARNING  | LONG COLOR RUN | color=0xA2 len=38 pixels=159374..159411 src_offsets=0x000128F7
00:07:21 | WARNING  | LONG COLOR RUN | color=0xA5 len=34 pixels=159412..159445 src_offsets=0x000128F9
00:07:21 | WARNING  | LONG COLOR RUN | color=0xE2 len=99 pixels=159889..159987 src_offsets=0x00012ABB
00:07:21 | WARNING  | LONG COLOR RUN | color=0xA5 len=38 pixels=160043..160080 src_offsets=0x00012AF5
00:07:21 | WARNING  | LONG COLOR RUN | color=0xC6 len=49 pixels=160234..160282 src_offsets=0x00012B76
00:07:21 | WARNING  | LONG COLOR RUN | color=0xB1 len=49 pixels=160283..160331 src_offsets=0x00012B78
00:07:21 | WARNING  | LONG COLOR RUN | color=0xB3 len=98 pixels=160332..160429 src_offsets=0x00012B7A
00:07:21 | WARNING  | LONG COLOR RUN | color=0xC0 len=70 pixels=160430..160499 src_offsets=0x00012B7C
00:07:21 | WARNING  | LONG COLOR RUN | color=0xC8 len=49 pixels=160500..160548 src_offsets=0x00012B7E
00:07:21 | WARNING  | LONG COLOR RUN | color=0x82 len=67 pixels=160549..160615 src_offsets=0x00012B80
00:07:21 | WARNING  | LONG COLOR RUN | color=0xE3 len=114 pixels=160616..160729 src_offsets=0x00012B82
00:07:21 | WARNING  | LONG COLOR RUN | color=0x82 len=53 pixels=160730..160782 src_offsets=0x00012B84
00:07:21 | WARNING  | LONG COLOR RUN | color=0xF3 len=118 pixels=160907..161024 src_offsets=0x00012C05, 0x00012C07
00:07:21 | WARNING  | LONG COLOR RUN | color=0x37 len=53 pixels=161096..161148 src_offsets=0x00012C50
00:07:21 | WARNING  | LONG COLOR RUN | color=0xE3 len=100 pixels=161217..161316 src_offsets=0x00012C97, 0x00012C99
00:07:21 | WARNING  | LONG COLOR RUN | color=0x02 len=36 pixels=161454..161489 src_offsets=0x00012D13
00:07:21 | WARNING  | LONG COLOR RUN | color=0xA4 len=38 pixels=161490..161527 src_offsets=0x00012D15
00:07:21 | WARNING  | LONG COLOR RUN | color=0xC2 len=66 pixels=161670..161735 src_offsets=0x00012DA9
00:07:21 | WARNING  | LONG COLOR RUN | color=0xC3 len=114 pixels=161736..161849 src_offsets=0x00012DAB
00:07:21 | WARNING  | LONG COLOR RUN | color=0x82 len=99 pixels=161850..161948 src_offsets=0x00012DAD
00:07:21 | WARNING  | LONG COLOR RUN | color=0xE3 len=100 pixels=161957..162056 src_offsets=0x00012DB5
00:07:21 | WARNING  | LONG COLOR RUN | color=0xC6 len=98 pixels=162057..162154 src_offsets=0x00012DB7
00:07:21 | WARNING  | LONG COLOR RUN | color=0x34 len=49 pixels=162155..162203 src_offsets=0x00012DB9
00:07:21 | WARNING  | LONG COLOR RUN | color=0xE2 len=51 pixels=162365..162415 src_offsets=0x00012E5E
00:07:21 | WARNING  | LONG COLOR RUN | color=0x3A len=114 pixels=162483..162596 src_offsets=0x00012EA4
00:07:21 | WARNING  | LONG COLOR RUN | color=0x44 len=92 pixels=162597..162688 src_offsets=0x00012EA6
00:07:21 | WARNING  | LONG COLOR RUN | color=0x08 len=99 pixels=162689..162787 src_offsets=0x00012EA8
00:07:21 | WARNING  | LONG COLOR RUN | color=0x3A len=114 pixels=162788..162901 src_offsets=0x00012EAA
00:07:21 | WARNING  | LONG COLOR RUN | color=0xE2 len=98 pixels=162902..162999 src_offsets=0x00012EAC
00:07:21 | WARNING  | LONG COLOR RUN | color=0xE2 len=51 pixels=163186..163236 src_offsets=0x00012F6B
00:07:21 | WARNING  | LONG COLOR RUN | color=0x43 len=98 pixels=163237..163334 src_offsets=0x00012F6D
00:07:21 | WARNING  | LONG COLOR RUN | color=0x1C len=70 pixels=163335..163404 src_offsets=0x00012F6F
00:07:21 | WARNING  | LONG COLOR RUN | color=0xD3 len=98 pixels=163405..163502 src_offsets=0x00012F71
00:07:21 | WARNING  | LONG COLOR RUN | color=0xBD len=100 pixels=163503..163602 src_offsets=0x00012F73
00:07:21 | WARNING  | LONG COLOR RUN | color=0xE4 len=175 pixels=163603..163777 src_offsets=0x00012F75, 0x00012F77
00:07:21 | WARNING  | LONG COLOR RUN | color=0xBD len=100 pixels=163778..163877 src_offsets=0x00012F79
00:07:21 | WARNING  | LONG COLOR RUN | color=0x35 len=99 pixels=163878..163976 src_offsets=0x00012F7B
00:07:21 | WARNING  | LONG COLOR RUN | color=0xE2 len=81 pixels=163977..164057 src_offsets=0x00012F7D
00:07:21 | WARNING  | LONG COLOR RUN | color=0xF2 len=99 pixels=164058..164156 src_offsets=0x00012F7F, 0x00012F81
00:07:21 | WARNING  | LONG COLOR RUN | color=0xE2 len=99 pixels=164215..164313 src_offsets=0x00012FBE
00:07:21 | WARNING  | LONG COLOR RUN | color=0x80 len=114 pixels=164314..164427 src_offsets=0x00012FC0
00:07:21 | WARNING  | LONG COLOR RUN | color=0x81 len=114 pixels=164428..164541 src_offsets=0x00012FC2
00:07:21 | WARNING  | LONG COLOR RUN | color=0xF2 len=53 pixels=164550..164602 src_offsets=0x00012FCA
00:07:21 | WARNING  | LONG COLOR RUN | color=0xD4 len=83 pixels=164733..164815 src_offsets=0x00013050
00:07:21 | WARNING  | LONG COLOR RUN | color=0x43 len=84 pixels=164816..164899 src_offsets=0x00013052
00:07:21 | WARNING  | LONG COLOR RUN | color=0x04 len=114 pixels=164900..165013 src_offsets=0x00013054
00:07:21 | WARNING  | LONG COLOR RUN | color=0xF2 len=99 pixels=165184..165282 src_offsets=0x00013103
00:07:21 | WARNING  | LONG COLOR RUN | color=0x37 len=99 pixels=165283..165381 src_offsets=0x00013105
00:07:21 | WARNING  | LONG COLOR RUN | color=0xF2 len=98 pixels=165576..165673 src_offsets=0x000131C9
00:07:21 | WARNING  | LONG COLOR RUN | color=0xF3 len=115 pixels=165817..165931 src_offsets=0x0001325D
00:07:21 | WARNING  | LONG COLOR RUN | color=0x38 len=101 pixels=166016..166116 src_offsets=0x000132B4, 0x000132B6
00:07:21 | WARNING  | LONG COLOR RUN | color=0x43 len=36 pixels=166239..166274 src_offsets=0x00013334
00:07:21 | WARNING  | LONG COLOR RUN | color=0x66 len=38 pixels=166275..166312 src_offsets=0x00013336
00:07:21 | WARNING  | LONG COLOR RUN | color=0x08 len=36 pixels=166313..166348 src_offsets=0x00013338
00:07:21 | WARNING  | LONG COLOR RUN | color=0xA6 len=38 pixels=166349..166386 src_offsets=0x0001333A
00:07:21 | WARNING  | LONG COLOR RUN | color=0xA4 len=74 pixels=166387..166460 src_offsets=0x0001333C, 0x0001333E
00:07:21 | WARNING  | LONG COLOR RUN | color=0xA6 len=36 pixels=166461..166496 src_offsets=0x00013340
00:07:21 | WARNING  | LONG COLOR RUN | color=0x3B len=114 pixels=166827..166940 src_offsets=0x00013493
00:07:21 | WARNING  | LONG COLOR RUN | color=0xDD len=183 pixels=167009..167191 src_offsets=0x000134DA, 0x000134DC
00:07:21 | WARNING  | LONG COLOR RUN | color=0xE2 len=98 pixels=167192..167289 src_offsets=0x000134DE
00:07:21 | WARNING  | LONG COLOR RUN | color=0x43 len=92 pixels=167290..167381 src_offsets=0x000134E0
00:07:21 | WARNING  | LONG COLOR RUN | color=0x01 len=99 pixels=167382..167480 src_offsets=0x000134E2
00:07:21 | WARNING  | LONG COLOR RUN | color=0x43 len=214 pixels=167481..167694 src_offsets=0x000134E4, 0x000134E6
00:07:21 | WARNING  | LONG COLOR RUN | color=0x03 len=114 pixels=167695..167808 src_offsets=0x000134E8
00:07:21 | WARNING  | LONG COLOR RUN | color=0x3B len=99 pixels=167989..168087 src_offsets=0x000135A0
00:07:21 | WARNING  | LONG COLOR RUN | color=0xD4 len=114 pixels=168275..168388 src_offsets=0x00013661
00:07:21 | WARNING  | LONG COLOR RUN | color=0xF2 len=114 pixels=168389..168502 src_offsets=0x00013663
00:07:21 | WARNING  | LONG COLOR RUN | color=0x37 len=81 pixels=168503..168583 src_offsets=0x00013665
00:07:21 | WARNING  | LONG COLOR RUN | color=0xF2 len=114 pixels=168584..168697 src_offsets=0x00013667
00:07:21 | WARNING  | LONG COLOR RUN | color=0x3B len=116 pixels=168757..168872 src_offsets=0x000136A4, 0x000136A6
00:07:21 | WARNING  | LONG COLOR RUN | color=0xF2 len=100 pixels=168929..169028 src_offsets=0x000136E1
00:07:21 | WARNING  | LONG COLOR RUN | color=0x3A len=114 pixels=169029..169142 src_offsets=0x000136E3
00:07:21 | WARNING  | LONG COLOR RUN | color=0xF2 len=114 pixels=169842..169955 src_offsets=0x000139A9
00:07:21 | WARNING  | LONG COLOR RUN | color=0x43 len=118 pixels=170124..170241 src_offsets=0x00013A55, 0x00013A57
00:07:21 | WARNING  | LONG COLOR RUN | color=0x10 len=115 pixels=170242..170356 src_offsets=0x00013A59
00:07:21 | WARNING  | LONG COLOR RUN | color=0x10 len=100 pixels=170418..170517 src_offsets=0x00013A99
00:07:21 | WARNING  | LONG COLOR RUN | color=0xBD len=61 pixels=170518..170578 src_offsets=0x00013A9B
00:07:21 | WARNING  | LONG COLOR RUN | color=0xF2 len=114 pixels=170579..170692 src_offsets=0x00013A9D
00:07:21 | WARNING  | LONG COLOR RUN | color=0xF2 len=83 pixels=170835..170917 src_offsets=0x00013B30
00:07:21 | WARNING  | LONG COLOR RUN | color=0x35 len=51 pixels=171194..171244 src_offsets=0x00013C4B
00:07:21 | WARNING  | LONG COLOR RUN | color=0xE3 len=92 pixels=171502..171593 src_offsets=0x00013D53
00:07:21 | WARNING  | LONG COLOR RUN | color=0xD3 len=99 pixels=171594..171692 src_offsets=0x00013D55
00:07:21 | WARNING  | LONG COLOR RUN | color=0xE3 len=83 pixels=171693..171775 src_offsets=0x00013D57
00:07:21 | WARNING  | LONG COLOR RUN | color=0xF2 len=114 pixels=171776..171889 src_offsets=0x00013D59
00:07:21 | WARNING  | LONG COLOR RUN | color=0x84 len=62 pixels=172128..172189 src_offsets=0x00013E4B
00:07:21 | WARNING  | LONG COLOR RUN | color=0xC2 len=66 pixels=172190..172255 src_offsets=0x00013E4D, 0x00013E4F
00:07:21 | WARNING  | LONG COLOR RUN | color=0x38 len=114 pixels=172266..172379 src_offsets=0x00013E59
00:07:21 | WARNING  | LONG COLOR RUN | color=0xE3 len=99 pixels=172380..172478 src_offsets=0x00013E5B
00:07:21 | WARNING  | LONG COLOR RUN | color=0xC3 len=67 pixels=172479..172545 src_offsets=0x00013E5D
00:07:21 | WARNING  | LONG COLOR RUN | color=0xB5 len=70 pixels=172546..172615 src_offsets=0x00013E5F
00:07:21 | WARNING  | LONG COLOR RUN | color=0x0B len=115 pixels=172719..172833 src_offsets=0x00013EC9
00:07:21 | WARNING  | LONG COLOR RUN | color=0x1A len=114 pixels=173000..173113 src_offsets=0x00013F75
00:07:21 | WARNING  | LONG COLOR RUN | color=0xF2 len=99 pixels=173114..173212 src_offsets=0x00013F77
00:07:21 | WARNING  | LONG COLOR RUN | color=0x69 len=100 pixels=173213..173312 src_offsets=0x00013F79
00:07:21 | WARNING  | LONG COLOR RUN | color=0x84 len=100 pixels=173551..173650 src_offsets=0x0001406D
00:07:21 | WARNING  | LONG COLOR RUN | color=0xF2 len=100 pixels=173651..173750 src_offsets=0x0001406F
00:07:21 | WARNING  | LONG COLOR RUN | color=0xC3 len=99 pixels=173751..173849 src_offsets=0x00014071
00:07:21 | WARNING  | LONG COLOR RUN | color=0x3B len=114 pixels=173850..173963 src_offsets=0x00014073
00:07:21 | WARNING  | LONG COLOR RUN | color=0x03 len=115 pixels=174032..174146 src_offsets=0x000140BA
00:07:21 | WARNING  | LONG COLOR RUN | color=0x0E len=115 pixels=174153..174267 src_offsets=0x000140C0
00:07:21 | WARNING  | LONG COLOR RUN | color=0x05 len=115 pixels=174325..174439 src_offsets=0x000140FC
00:07:21 | WARNING  | LONG COLOR RUN | color=0xE3 len=114 pixels=174442..174555 src_offsets=0x00014100
00:07:21 | WARNING  | LONG COLOR RUN | color=0x39 len=114 pixels=175189..175302 src_offsets=0x00014384
00:07:21 | WARNING  | LONG COLOR RUN | color=0x43 len=99 pixels=175303..175401 src_offsets=0x00014386
00:07:21 | WARNING  | LONG COLOR RUN | color=0x19 len=114 pixels=175402..175515 src_offsets=0x00014388
00:07:21 | WARNING  | LONG COLOR RUN | color=0xF3 len=115 pixels=175573..175687 src_offsets=0x000143C4
00:07:21 | WARNING  | LONG COLOR RUN | color=0x43 len=52 pixels=175823..175874 src_offsets=0x0001444E
00:07:21 | WARNING  | LONG COLOR RUN | color=0x03 len=36 pixels=175875..175910 src_offsets=0x00014450
00:07:21 | WARNING  | LONG COLOR RUN | color=0xA4 len=38 pixels=175911..175948 src_offsets=0x00014452
00:07:21 | WARNING  | LONG COLOR RUN | color=0x46 len=36 pixels=175949..175984 src_offsets=0x00014454
00:07:21 | WARNING  | LONG COLOR RUN | color=0x03 len=38 pixels=175985..176022 src_offsets=0x00014456
00:07:21 | WARNING  | LONG COLOR RUN | color=0xB3 len=36 pixels=176023..176058 src_offsets=0x00014458
00:07:21 | WARNING  | LONG COLOR RUN | color=0x43 len=38 pixels=176059..176096 src_offsets=0x0001445A
00:07:21 | WARNING  | LONG COLOR RUN | color=0x0C len=36 pixels=176097..176132 src_offsets=0x0001445C
00:07:21 | WARNING  | LONG COLOR RUN | color=0xA5 len=38 pixels=176133..176170 src_offsets=0x0001445E
00:07:21 | WARNING  | LONG COLOR RUN | color=0xE2 len=92 pixels=176302..176393 src_offsets=0x000144D1
00:07:21 | WARNING  | LONG COLOR RUN | color=0xE3 len=67 pixels=176394..176460 src_offsets=0x000144D3
00:07:21 | WARNING  | LONG COLOR RUN | color=0xBD len=114 pixels=176461..176574 src_offsets=0x000144D5
00:07:21 | WARNING  | LONG COLOR RUN | color=0x81 len=100 pixels=176575..176674 src_offsets=0x000144D7
00:07:21 | WARNING  | LONG COLOR RUN | color=0xD3 len=114 pixels=176675..176788 src_offsets=0x000144D9
00:07:21 | WARNING  | LONG COLOR RUN | color=0x43 len=99 pixels=176789..176887 src_offsets=0x000144DB
00:07:21 | WARNING  | LONG COLOR RUN | color=0x03 len=67 pixels=176888..176954 src_offsets=0x000144DD
00:07:21 | WARNING  | LONG COLOR RUN | color=0xE2 len=99 pixels=176955..177053 src_offsets=0x000144DF
00:07:21 | WARNING  | LONG COLOR RUN | color=0x3B len=114 pixels=177111..177224 src_offsets=0x0001451B
00:07:21 | WARNING  | LONG COLOR RUN | color=0x0D len=114 pixels=177363..177476 src_offsets=0x000145A9
00:07:21 | WARNING  | LONG COLOR RUN | color=0x44 len=114 pixels=177477..177590 src_offsets=0x000145AD
00:07:21 | WARNING  | LONG COLOR RUN | color=0xE3 len=99 pixels=178233..178331 src_offsets=0x00014839
00:07:21 | WARNING  | LONG COLOR RUN | color=0xF2 len=114 pixels=178332..178445 src_offsets=0x0001483B
00:07:21 | WARNING  | LONG COLOR RUN | color=0x38 len=99 pixels=178965..179063 src_offsets=0x00014A11, 0x00014A4D
00:07:21 | WARNING  | LONG COLOR RUN | color=0x04 len=114 pixels=179362..179475 src_offsets=0x00014B7E
00:07:21 | WARNING  | LONG COLOR RUN | color=0xE3 len=181 pixels=179931..180111 src_offsets=0x00014D4E, 0x00014D50
00:07:21 | WARNING  | LONG COLOR RUN | color=0xD4 len=99 pixels=180112..180210 src_offsets=0x00014D52
00:07:21 | WARNING  | LONG COLOR RUN | color=0xF2 len=114 pixels=180562..180675 src_offsets=0x00014EB8
00:07:21 | WARNING  | LONG COLOR RUN | color=0x3B len=114 pixels=181138..181251 src_offsets=0x0001508F
00:07:21 | WARNING  | LONG COLOR RUN | color=0xE4 len=214 pixels=181766..181979 src_offsets=0x0001529C, 0x0001529E
00:07:21 | WARNING  | LONG COLOR RUN | color=0xBD len=114 pixels=182273..182386 src_offsets=0x000153C9
00:07:21 | WARNING  | LONG COLOR RUN | color=0x3B len=114 pixels=182387..182500 src_offsets=0x000153CB
00:07:21 | WARNING  | LONG COLOR RUN | color=0xB5 len=114 pixels=182501..182614 src_offsets=0x000153CD
00:07:21 | WARNING  | LONG COLOR RUN | color=0x34 len=52 pixels=182671..182722 src_offsets=0x00015408
00:07:21 | WARNING  | LONG COLOR RUN | color=0xD1 len=98 pixels=182836..182933 src_offsets=0x0001547D
00:07:21 | WARNING  | LONG COLOR RUN | color=0x06 len=115 pixels=182989..183103 src_offsets=0x000154B7
00:07:21 | WARNING  | LONG COLOR RUN | color=0xC6 len=67 pixels=183275..183341 src_offsets=0x00015568
00:07:21 | WARNING  | LONG COLOR RUN | color=0xBD len=49 pixels=183342..183390 src_offsets=0x0001556A
00:07:21 | WARNING  | LONG COLOR RUN | color=0xD1 len=83 pixels=183391..183473 src_offsets=0x0001556C
00:07:21 | WARNING  | LONG COLOR RUN | color=0xC3 len=80 pixels=183474..183553 src_offsets=0x0001556E
00:07:21 | WARNING  | LONG COLOR RUN | color=0x3A len=114 pixels=183554..183667 src_offsets=0x00015570
00:07:21 | WARNING  | LONG COLOR RUN | color=0x42 len=114 pixels=184156..184269 src_offsets=0x0001575F
00:07:21 | WARNING  | LONG COLOR RUN | color=0xE2 len=98 pixels=184329..184426 src_offsets=0x0001579D
00:07:21 | WARNING  | LONG COLOR RUN | color=0xBD len=114 pixels=184657..184770 src_offsets=0x00015888
00:07:21 | WARNING  | LONG COLOR RUN | color=0x38 len=53 pixels=184771..184823 src_offsets=0x0001588A
00:07:21 | WARNING  | LONG COLOR RUN | color=0x0C len=114 pixels=184936..185049 src_offsets=0x000158FD
00:07:21 | WARNING  | LONG COLOR RUN | color=0x83 len=115 pixels=185054..185168 src_offsets=0x00015902
00:07:21 | WARNING  | LONG COLOR RUN | color=0x10 len=114 pixels=185229..185342 src_offsets=0x00015941
00:07:21 | WARNING  | LONG COLOR RUN | color=0xF2 len=61 pixels=185665..185725 src_offsets=0x00015A8A
00:07:21 | WARNING  | LONG COLOR RUN | color=0x44 len=81 pixels=186082..186162 src_offsets=0x00015BF6
00:07:21 | WARNING  | LONG COLOR RUN | color=0x01 len=51 pixels=186163..186213 src_offsets=0x00015BF8
00:07:21 | WARNING  | LONG COLOR RUN | color=0x43 len=49 pixels=186214..186262 src_offsets=0x00015BFA
00:07:21 | WARNING  | LONG COLOR RUN | color=0x04 len=51 pixels=186263..186313 src_offsets=0x00015BFC
00:07:21 | WARNING  | LONG COLOR RUN | color=0xB4 len=70 pixels=186314..186383 src_offsets=0x00015BFE
00:07:21 | WARNING  | LONG COLOR RUN | color=0xB3 len=52 pixels=186384..186435 src_offsets=0x00015C00
00:07:21 | WARNING  | LONG COLOR RUN | color=0xD1 len=81 pixels=186571..186651 src_offsets=0x00015C8B
00:07:21 | WARNING  | LONG COLOR RUN | color=0x36 len=52 pixels=186652..186703 src_offsets=0x00015C8D
00:07:21 | WARNING  | LONG COLOR RUN | color=0x05 len=115 pixels=186977..187091 src_offsets=0x00015DA4
00:07:21 | WARNING  | LONG COLOR RUN | color=0xF2 len=114 pixels=187094..187207 src_offsets=0x00015DA8
00:07:21 | WARNING  | LONG COLOR RUN | color=0xF2 len=99 pixels=187548..187646 src_offsets=0x00015F03
00:07:21 | WARNING  | LONG COLOR RUN | color=0xF2 len=84 pixels=187702..187785 src_offsets=0x00015F3D
00:07:21 | WARNING  | LONG COLOR RUN | color=0x0D len=115 pixels=187849..187963 src_offsets=0x00015F7D
00:07:21 | WARNING  | LONG COLOR RUN | color=0x09 len=100 pixels=188205..188304 src_offsets=0x00016075
00:07:21 | WARNING  | LONG COLOR RUN | color=0x3B len=115 pixels=189198..189312 src_offsets=0x00016402
00:07:21 | WARNING  | LONG COLOR RUN | color=0xE4 len=61 pixels=189656..189716 src_offsets=0x0001655F
00:07:21 | WARNING  | LONG COLOR RUN | color=0x80 len=114 pixels=189717..189830 src_offsets=0x00016561
00:07:21 | WARNING  | LONG COLOR RUN | color=0xF2 len=114 pixels=189889..190002 src_offsets=0x0001659E
00:07:21 | WARNING  | LONG COLOR RUN | color=0xE2 len=98 pixels=190005..190102 src_offsets=0x000165A2
00:07:21 | WARNING  | LONG COLOR RUN | color=0x3B len=99 pixels=190103..190201 src_offsets=0x000165A4
00:07:21 | WARNING  | LONG COLOR RUN | color=0xBD len=100 pixels=190256..190355 src_offsets=0x000165DD
00:07:21 | WARNING  | LONG COLOR RUN | color=0x43 len=114 pixels=190356..190469 src_offsets=0x000165DF
00:07:21 | WARNING  | LONG COLOR RUN | color=0xC2 len=61 pixels=190778..190838 src_offsets=0x0001671A
00:07:21 | WARNING  | LONG COLOR RUN | color=0xBD len=66 pixels=190839..190904 src_offsets=0x0001671C
00:07:21 | WARNING  | LONG COLOR RUN | color=0xD4 len=114 pixels=191712..191825 src_offsets=0x00016A51
00:07:21 | WARNING  | LONG COLOR RUN | color=0xF2 len=114 pixels=191885..191998 src_offsets=0x00016A8F
00:07:21 | WARNING  | LONG COLOR RUN | color=0x06 len=114 pixels=193199..193312 src_offsets=0x00016F54
00:07:21 | WARNING  | LONG COLOR RUN | color=0x38 len=67 pixels=193371..193437 src_offsets=0x00016F91
00:07:21 | WARNING  | LONG COLOR RUN | color=0x3B len=99 pixels=193595..193693 src_offsets=0x00017032
00:07:21 | WARNING  | LONG COLOR RUN | color=0x04 len=114 pixels=193700..193813 src_offsets=0x00017038
00:07:21 | WARNING  | LONG COLOR RUN | color=0xF2 len=114 pixels=194476..194589 src_offsets=0x000172DA
00:07:21 | WARNING  | LONG COLOR RUN | color=0xB3 len=52 pixels=195862..195913 src_offsets=0x000177E4
00:07:21 | WARNING  | LONG COLOR RUN | color=0x34 len=51 pixels=195914..195964 src_offsets=0x000177E6
00:07:21 | WARNING  | LONG COLOR RUN | color=0x53 len=99 pixels=196455..196553 src_offsets=0x000179DB
00:07:21 | WARNING  | LONG COLOR RUN | color=0x01 len=114 pixels=196554..196667 src_offsets=0x000179DD
00:07:21 | WARNING  | LONG COLOR RUN | color=0x43 len=100 pixels=196668..196767 src_offsets=0x000179DF
00:07:21 | WARNING  | LONG COLOR RUN | color=0x44 len=114 pixels=196768..196881 src_offsets=0x000179E1
00:07:21 | WARNING  | LONG COLOR RUN | color=0xB3 len=51 pixels=197102..197152 src_offsets=0x00017AC2
00:07:21 | WARNING  | LONG COLOR RUN | color=0x81 len=98 pixels=197220..197317 src_offsets=0x00017B08
00:07:21 | WARNING  | LONG COLOR RUN | color=0x11 len=52 pixels=197561..197612 src_offsets=0x00017C00
00:07:21 | WARNING  | LONG COLOR RUN | color=0xC3 len=67 pixels=197840..197906 src_offsets=0x00017CE9
00:07:21 | WARNING  | LONG COLOR RUN | color=0x39 len=61 pixels=197907..197967 src_offsets=0x00017CEB
00:07:21 | WARNING  | LONG COLOR RUN | color=0xD1 len=114 pixels=197968..198081 src_offsets=0x00017CED
00:07:21 | WARNING  | LONG COLOR RUN | color=0x69 len=49 pixels=198411..198459 src_offsets=0x00017E3D
00:07:21 | WARNING  | LONG COLOR RUN | color=0xB3 len=81 pixels=198633..198713 src_offsets=0x00017EEF
00:07:21 | WARNING  | LONG COLOR RUN | color=0x42 len=114 pixels=198840..198953 src_offsets=0x00017F71
00:07:21 | WARNING  | LONG COLOR RUN | color=0xD1 len=51 pixels=199306..199356 src_offsets=0x000180DB
00:07:21 | WARNING  | LONG COLOR RUN | color=0x43 len=114 pixels=200384..200497 src_offsets=0x000184EF
00:07:21 | WARNING  | LONG COLOR RUN | color=0x47 len=98 pixels=200891..200988 src_offsets=0x00018680
00:07:21 | WARNING  | LONG COLOR RUN | color=0x18 len=99 pixels=200989..201087 src_offsets=0x00018682
00:07:21 | WARNING  | LONG COLOR RUN | color=0x3B len=114 pixels=201088..201201 src_offsets=0x00018684
00:07:21 | WARNING  | LONG COLOR RUN | color=0xB5 len=100 pixels=201905..202004 src_offsets=0x00018950
00:07:21 | WARNING  | LONG COLOR RUN | color=0xE2 len=70 pixels=202005..202074 src_offsets=0x00018952
00:07:21 | WARNING  | LONG COLOR RUN | color=0xD1 len=98 pixels=202075..202172 src_offsets=0x00018954
00:07:21 | WARNING  | LONG COLOR RUN | color=0xF2 len=114 pixels=202173..202286 src_offsets=0x00018956
00:07:21 | WARNING  | LONG COLOR RUN | color=0x03 len=92 pixels=202502..202593 src_offsets=0x00018A31
00:07:21 | WARNING  | LONG COLOR RUN | color=0x43 len=98 pixels=202716..202813 src_offsets=0x00018AAF
00:07:21 | WARNING  | LONG COLOR RUN | color=0xB4 len=82 pixels=203055..203136 src_offsets=0x00018BA5, 0x00018BA7
00:07:21 | WARNING  | LONG COLOR RUN | color=0xE4 len=100 pixels=203840..203939 src_offsets=0x00018E6F
00:07:21 | WARNING  | LONG COLOR RUN | color=0x45 len=114 pixels=204253..204366 src_offsets=0x00018FAF
00:07:21 | WARNING  | LONG COLOR RUN | color=0x11 len=100 pixels=204367..204466 src_offsets=0x00018FB1
00:07:21 | WARNING  | LONG COLOR RUN | color=0x38 len=114 pixels=204467..204580 src_offsets=0x00018FB3
00:07:21 | WARNING  | LONG COLOR RUN | color=0x36 len=81 pixels=204581..204661 src_offsets=0x00018FB5
00:07:21 | WARNING  | LONG COLOR RUN | color=0x43 len=49 pixels=204716..204764 src_offsets=0x00018FEE
00:07:21 | WARNING  | LONG COLOR RUN | color=0x0B len=98 pixels=204765..204862 src_offsets=0x00018FF0
00:07:21 | WARNING  | LONG COLOR RUN | color=0x37 len=53 pixels=204863..204915 src_offsets=0x00018FF2
00:07:21 | WARNING  | LONG COLOR RUN | color=0x46 len=115 pixels=205159..205273 src_offsets=0x000190EC
00:07:21 | WARNING  | LONG COLOR RUN | color=0xF2 len=53 pixels=205506..205558 src_offsets=0x000191D9
00:07:21 | WARNING  | LONG COLOR RUN | color=0xF2 len=99 pixels=205798..205896 src_offsets=0x000192CD
00:07:21 | WARNING  | LONG COLOR RUN | color=0x3A len=114 pixels=205897..206010 src_offsets=0x000192CF
00:07:21 | WARNING  | LONG COLOR RUN | color=0xB3 len=121 pixels=206194..206314 src_offsets=0x0001938B, 0x0001938D
00:07:21 | WARNING  | LONG COLOR RUN | color=0xB1 len=210 pixels=206315..206524 src_offsets=0x0001938F, 0x00019391, 0x00019393
00:07:21 | WARNING  | LONG COLOR RUN | color=0xC3 len=49 pixels=206525..206573 src_offsets=0x00019395
00:07:21 | WARNING  | LONG COLOR RUN | color=0xC0 len=64 pixels=206574..206637 src_offsets=0x00019397
00:07:21 | WARNING  | LONG COLOR RUN | color=0xB5 len=49 pixels=206638..206686 src_offsets=0x00019399
00:07:21 | WARNING  | LONG COLOR RUN | color=0xE2 len=98 pixels=206687..206784 src_offsets=0x0001939B
00:07:21 | WARNING  | LONG COLOR RUN | color=0x44 len=81 pixels=206785..206865 src_offsets=0x0001939D
00:07:21 | WARNING  | LONG COLOR RUN | color=0x04 len=115 pixels=207250..207364 src_offsets=0x00019525
00:07:21 | WARNING  | LONG COLOR RUN | color=0xB5 len=53 pixels=207552..207604 src_offsets=0x000195E3
00:07:21 | WARNING  | LONG COLOR RUN | color=0x06 len=62 pixels=208169..208230 src_offsets=0x00019804
00:07:21 | WARNING  | LONG COLOR RUN | color=0xE4 len=115 pixels=208231..208345 src_offsets=0x00019806
00:07:21 | WARNING  | LONG COLOR RUN | color=0x82 len=100 pixels=208346..208445 src_offsets=0x00019808
00:07:21 | WARNING  | LONG COLOR RUN | color=0xE3 len=67 pixels=208446..208512 src_offsets=0x0001980A
00:07:21 | WARNING  | LONG COLOR RUN | color=0xC3 len=99 pixels=208956..209054 src_offsets=0x000199D0
00:07:21 | WARNING  | LONG COLOR RUN | color=0x44 len=98 pixels=209055..209152 src_offsets=0x000199D2
00:07:21 | WARNING  | LONG COLOR RUN | color=0xD4 len=83 pixels=209208..209290 src_offsets=0x00019A0C
00:07:21 | WARNING  | LONG COLOR RUN | color=0x81 len=84 pixels=209291..209374 src_offsets=0x00019A0E
00:07:21 | WARNING  | LONG COLOR RUN | color=0xE2 len=98 pixels=209444..209541 src_offsets=0x00019A57
00:07:21 | WARNING  | LONG COLOR RUN | color=0xD3 len=53 pixels=209542..209594 src_offsets=0x00019A59
00:07:21 | WARNING  | LONG COLOR RUN | color=0xD4 len=99 pixels=209595..209693 src_offsets=0x00019A5B
00:07:21 | WARNING  | LONG COLOR RUN | color=0x84 len=66 pixels=209694..209759 src_offsets=0x00019A5D
00:07:21 | WARNING  | LONG COLOR RUN | color=0xF2 len=114 pixels=209764..209877 src_offsets=0x00019A61
00:07:21 | WARNING  | LONG COLOR RUN | color=0xB5 len=99 pixels=209878..209976 src_offsets=0x00019A63
00:07:21 | WARNING  | LONG COLOR RUN | color=0xC3 len=98 pixels=210426..210523 src_offsets=0x00019C2C
00:07:21 | WARNING  | LONG COLOR RUN | color=0xD3 len=114 pixels=210524..210637 src_offsets=0x00019C2E, 0x00019C30
00:07:21 | WARNING  | LONG COLOR RUN | color=0xF3 len=115 pixels=210643..210757 src_offsets=0x00019C36
00:07:21 | WARNING  | LONG COLOR RUN | color=0x84 len=62 pixels=210758..210819 src_offsets=0x00019C38
00:07:21 | WARNING  | LONG COLOR RUN | color=0xB5 len=98 pixels=210821..210918 src_offsets=0x00019C3C
00:07:21 | WARNING  | LONG COLOR RUN | color=0xE4 len=61 pixels=210993..211053 src_offsets=0x00019C87
00:07:21 | WARNING  | LONG COLOR RUN | color=0xF2 len=100 pixels=211054..211153 src_offsets=0x00019C89
00:07:21 | WARNING  | LONG COLOR RUN | color=0x37 len=53 pixels=211578..211630 src_offsets=0x00019E38
00:07:21 | WARNING  | LONG COLOR RUN | color=0x69 len=53 pixels=212211..212263 src_offsets=0x0001A089
00:07:21 | WARNING  | LONG COLOR RUN | color=0xE2 len=53 pixels=212550..212602 src_offsets=0x0001A1AD
00:07:21 | WARNING  | LONG COLOR RUN | color=0x4D len=81 pixels=212603..212683 src_offsets=0x0001A1AF
00:07:21 | WARNING  | LONG COLOR RUN | color=0x01 len=98 pixels=212684..212781 src_offsets=0x0001A1B1
00:07:21 | WARNING  | LONG COLOR RUN | color=0x43 len=114 pixels=212782..212895 src_offsets=0x0001A1B3
00:07:21 | WARNING  | LONG COLOR RUN | color=0xB1 len=68 pixels=213659..213726 src_offsets=0x0001A477, 0x0001A4BB
00:07:21 | WARNING  | LONG COLOR RUN | color=0xE4 len=67 pixels=213727..213793 src_offsets=0x0001A4BD
00:07:21 | WARNING  | LONG COLOR RUN | color=0xF2 len=67 pixels=213794..213860 src_offsets=0x0001A4BF
00:07:21 | WARNING  | LONG COLOR RUN | color=0xBE len=100 pixels=213861..213960 src_offsets=0x0001A4C1
00:07:21 | WARNING  | LONG COLOR RUN | color=0x43 len=115 pixels=213961..214075 src_offsets=0x0001A4C3
00:07:21 | WARNING  | LONG COLOR RUN | color=0x07 len=62 pixels=214076..214137 src_offsets=0x0001A4C5
00:07:21 | WARNING  | LONG COLOR RUN | color=0x81 len=53 pixels=214145..214197 src_offsets=0x0001A4CB
00:07:21 | WARNING  | LONG COLOR RUN | color=0xB1 len=61 pixels=214208..214268 src_offsets=0x0001A4D3
00:07:21 | WARNING  | LONG COLOR RUN | color=0x45 len=67 pixels=214269..214335 src_offsets=0x0001A4D5
00:07:21 | WARNING  | LONG COLOR RUN | color=0x43 len=51 pixels=214348..214398 src_offsets=0x0001A4DF
00:07:21 | WARNING  | LONG COLOR RUN | color=0x42 len=98 pixels=214700..214797 src_offsets=0x0001A611
00:07:21 | WARNING  | LONG COLOR RUN | color=0x44 len=81 pixels=214920..215000 src_offsets=0x0001A68F
00:07:21 | WARNING  | LONG COLOR RUN | color=0x3A len=53 pixels=215481..215533 src_offsets=0x0001A877
00:07:21 | WARNING  | LONG COLOR RUN | color=0xF2 len=114 pixels=215534..215647 src_offsets=0x0001A879
00:07:21 | WARNING  | LONG COLOR RUN | color=0x69 len=81 pixels=215706..215786 src_offsets=0x0001A8B6
00:07:21 | WARNING  | LONG COLOR RUN | color=0xC3 len=98 pixels=215961..216058 src_offsets=0x0001A968
00:07:21 | WARNING  | LONG COLOR RUN | color=0xE2 len=81 pixels=216059..216139 src_offsets=0x0001A96A
00:07:21 | WARNING  | LONG COLOR RUN | color=0xC3 len=70 pixels=216403..216472 src_offsets=0x0001AA76
00:07:21 | WARNING  | LONG COLOR RUN | color=0x43 len=70 pixels=216473..216542 src_offsets=0x0001AA78
00:07:21 | WARNING  | LONG COLOR RUN | color=0x02 len=98 pixels=216543..216640 src_offsets=0x0001AA7A
00:07:21 | WARNING  | LONG COLOR RUN | color=0x38 len=53 pixels=216641..216693 src_offsets=0x0001AA7C
00:07:21 | WARNING  | LONG COLOR RUN | color=0xC6 len=114 pixels=216854..216967 src_offsets=0x0001AB1C
00:07:21 | WARNING  | LONG COLOR RUN | color=0xC3 len=64 pixels=216968..217031 src_offsets=0x0001AB1E
00:07:21 | WARNING  | LONG COLOR RUN | color=0xE2 len=81 pixels=217088..217168 src_offsets=0x0001AB59
00:07:21 | WARNING  | LONG COLOR RUN | color=0xB1 len=70 pixels=217169..217238 src_offsets=0x0001AB5B
00:07:21 | WARNING  | LONG COLOR RUN | color=0xB3 len=70 pixels=217239..217308 src_offsets=0x0001AB5D
00:07:21 | WARNING  | LONG COLOR RUN | color=0xC6 len=51 pixels=217309..217359 src_offsets=0x0001AB5F
00:07:21 | WARNING  | LONG COLOR RUN | color=0xB3 len=70 pixels=217360..217429 src_offsets=0x0001AB61
00:07:21 | WARNING  | LONG COLOR RUN | color=0xD1 len=51 pixels=217430..217480 src_offsets=0x0001AB63
00:07:21 | WARNING  | LONG COLOR RUN | color=0xB4 len=81 pixels=217481..217561 src_offsets=0x0001AB65
00:07:21 | WARNING  | LONG COLOR RUN | color=0x35 len=52 pixels=217562..217613 src_offsets=0x0001AB67
00:07:21 | WARNING  | LONG COLOR RUN | color=0xE2 len=98 pixels=217780..217877 src_offsets=0x0001AC11
00:07:21 | WARNING  | LONG COLOR RUN | color=0xB1 len=99 pixels=218106..218204 src_offsets=0x0001ACF8
00:07:21 | WARNING  | LONG COLOR RUN | color=0xE2 len=49 pixels=218205..218253 src_offsets=0x0001ACFA
00:07:21 | WARNING  | LONG COLOR RUN | color=0xB1 len=67 pixels=218254..218320 src_offsets=0x0001ACFC
00:07:21 | WARNING  | LONG COLOR RUN | color=0xC3 len=49 pixels=218321..218369 src_offsets=0x0001ACFE
00:07:21 | WARNING  | LONG COLOR RUN | color=0xB1 len=99 pixels=218370..218468 src_offsets=0x0001AD00
00:07:21 | WARNING  | LONG COLOR RUN | color=0xE2 len=70 pixels=218469..218538 src_offsets=0x0001AD02
00:07:21 | WARNING  | LONG COLOR RUN | color=0xD1 len=81 pixels=218539..218619 src_offsets=0x0001AD04
00:07:21 | WARNING  | LONG COLOR RUN | color=0x43 len=98 pixels=218903..219000 src_offsets=0x0001AE24
00:07:21 | WARNING  | LONG COLOR RUN | color=0xB8 len=70 pixels=219258..219327 src_offsets=0x0001AF2B
00:07:21 | WARNING  | LONG COLOR RUN | color=0xB1 len=49 pixels=219328..219376 src_offsets=0x0001AF2D
00:07:21 | WARNING  | LONG COLOR RUN | color=0xBD len=114 pixels=219377..219490 src_offsets=0x0001AF2F
00:07:21 | WARNING  | LONG COLOR RUN | color=0xE3 len=99 pixels=219600..219698 src_offsets=0x0001AF98
00:07:21 | WARNING  | LONG COLOR RUN | color=0xF3 len=61 pixels=219699..219759 src_offsets=0x0001AF9A
00:07:21 | WARNING  | LONG COLOR RUN | color=0x07 len=115 pixels=219763..219877 src_offsets=0x0001AF9E
00:07:21 | WARNING  | LONG COLOR RUN | color=0x45 len=81 pixels=220081..220161 src_offsets=0x0001B06E
00:07:21 | WARNING  | LONG COLOR RUN | color=0x08 len=98 pixels=220162..220259 src_offsets=0x0001B070
00:07:21 | WARNING  | LONG COLOR RUN | color=0xE2 len=81 pixels=220260..220340 src_offsets=0x0001B072
00:07:21 | WARNING  | LONG COLOR RUN | color=0xD1 len=98 pixels=220341..220438 src_offsets=0x0001B074
00:07:21 | WARNING  | LONG COLOR RUN | color=0x45 len=53 pixels=220490..220542 src_offsets=0x0001B0AA
00:07:21 | WARNING  | LONG COLOR RUN | color=0x84 len=182 pixels=220766..220947 src_offsets=0x0001B18F, 0x0001B191
00:07:21 | WARNING  | LONG COLOR RUN | color=0xF2 len=67 pixels=221347..221413 src_offsets=0x0001B324
00:07:21 | WARNING  | LONG COLOR RUN | color=0xE3 len=98 pixels=221633..221730 src_offsets=0x0001B407
00:07:21 | WARNING  | LONG COLOR RUN | color=0x42 len=49 pixels=221968..222016 src_offsets=0x0001B4FA
00:07:21 | WARNING  | LONG COLOR RUN | color=0x43 len=67 pixels=222017..222083 src_offsets=0x0001B4FC
00:07:21 | WARNING  | LONG COLOR RUN | color=0x0D len=99 pixels=222084..222182 src_offsets=0x0001B4FE
00:07:21 | WARNING  | LONG COLOR RUN | color=0xC3 len=67 pixels=222183..222249 src_offsets=0x0001B500
00:07:21 | WARNING  | LONG COLOR RUN | color=0xC6 len=70 pixels=222250..222319 src_offsets=0x0001B502
00:07:21 | WARNING  | LONG COLOR RUN | color=0xC3 len=49 pixels=222320..222368 src_offsets=0x0001B504
00:07:21 | WARNING  | LONG COLOR RUN | color=0xBD len=114 pixels=222369..222482 src_offsets=0x0001B506
00:07:21 | WARNING  | LONG COLOR RUN | color=0x3B len=100 pixels=222483..222582 src_offsets=0x0001B508
00:07:21 | WARNING  | LONG COLOR RUN | color=0xC3 len=67 pixels=223093..223159 src_offsets=0x0001B712
00:07:21 | WARNING  | LONG COLOR RUN | color=0xBD len=65 pixels=223160..223224 src_offsets=0x0001B714
00:07:21 | WARNING  | LONG COLOR RUN | color=0xE3 len=84 pixels=223229..223312 src_offsets=0x0001B718
00:07:21 | WARNING  | LONG COLOR RUN | color=0xF2 len=115 pixels=223313..223427 src_offsets=0x0001B71A, 0x0001B71E
00:07:21 | WARNING  | LONG COLOR RUN | color=0x43 len=81 pixels=223742..223822 src_offsets=0x0001B85E
00:07:21 | WARNING  | LONG COLOR RUN | color=0x01 len=98 pixels=223823..223920 src_offsets=0x0001B860
00:07:21 | WARNING  | LONG COLOR RUN | color=0xC6 len=53 pixels=224184..224236 src_offsets=0x0001B922, 0x0001B96F
00:07:21 | WARNING  | LONG COLOR RUN | color=0xE2 len=70 pixels=224237..224306 src_offsets=0x0001B971
00:07:21 | WARNING  | LONG COLOR RUN | color=0x38 len=53 pixels=224362..224414 src_offsets=0x0001B9AB
00:07:21 | WARNING  | LONG COLOR RUN | color=0x39 len=114 pixels=224472..224585 src_offsets=0x0001B9E8
00:07:21 | WARNING  | LONG COLOR RUN | color=0x07 len=114 pixels=224692..224805 src_offsets=0x0001BA56
00:07:21 | WARNING  | LONG COLOR RUN | color=0x50 len=67 pixels=225003..225069 src_offsets=0x0001BB23
00:07:21 | WARNING  | LONG COLOR RUN | color=0x03 len=114 pixels=225070..225183 src_offsets=0x0001BB25
00:07:21 | WARNING  | LONG COLOR RUN | color=0xB4 len=51 pixels=225450..225500 src_offsets=0x0001BC35
00:07:21 | WARNING  | LONG COLOR RUN | color=0x07 len=67 pixels=225707..225773 src_offsets=0x0001BD07
00:07:21 | WARNING  | LONG COLOR RUN | color=0x3B len=53 pixels=225774..225826 src_offsets=0x0001BD09
00:07:21 | WARNING  | LONG COLOR RUN | color=0xB1 len=99 pixels=225827..225925 src_offsets=0x0001BD0B
00:07:21 | WARNING  | LONG COLOR RUN | color=0xC6 len=70 pixels=225926..225995 src_offsets=0x0001BD0D
00:07:21 | WARNING  | LONG COLOR RUN | color=0x45 len=59 pixels=225996..226054 src_offsets=0x0001BD0F
00:07:21 | WARNING  | LONG COLOR RUN | color=0x05 len=57 pixels=226055..226111 src_offsets=0x0001BD11
00:07:21 | WARNING  | LONG COLOR RUN | color=0xB1 len=64 pixels=226112..226175 src_offsets=0x0001BD13
00:07:21 | WARNING  | LONG COLOR RUN | color=0xC0 len=64 pixels=226176..226239 src_offsets=0x0001BD15
00:07:21 | WARNING  | LONG COLOR RUN | color=0x51 len=99 pixels=226240..226338 src_offsets=0x0001BD17
00:07:21 | WARNING  | LONG COLOR RUN | color=0x0B len=114 pixels=226339..226452 src_offsets=0x0001BD19
00:07:21 | WARNING  | LONG COLOR RUN | color=0xE2 len=98 pixels=226642..226739 src_offsets=0x0001BDDC
00:07:21 | WARNING  | LONG COLOR RUN | color=0xF2 len=115 pixels=226850..226964 src_offsets=0x0001BE4E, 0x0001BE50
00:07:21 | WARNING  | LONG COLOR RUN | color=0xB5 len=98 pixels=227137..227234 src_offsets=0x0001BF00
00:07:21 | WARNING  | LONG COLOR RUN | color=0xE3 len=67 pixels=227235..227301 src_offsets=0x0001BF02
00:07:21 | WARNING  | LONG COLOR RUN | color=0xC3 len=67 pixels=227302..227368 src_offsets=0x0001BF04
00:07:21 | WARNING  | LONG COLOR RUN | color=0xE3 len=98 pixels=227547..227644 src_offsets=0x0001BFBB
00:07:21 | WARNING  | LONG COLOR RUN | color=0xF3 len=115 pixels=227646..227760 src_offsets=0x0001BFBF
00:07:21 | WARNING  | LONG COLOR RUN | color=0x34 len=60 pixels=228224..228283 src_offsets=0x0001C196
00:07:21 | WARNING  | LONG COLOR RUN | color=0x38 len=99 pixels=228391..228489 src_offsets=0x0001C206
00:07:21 | WARNING  | LONG COLOR RUN | color=0xF2 len=114 pixels=228943..229056 src_offsets=0x0001C3D4
00:07:21 | WARNING  | LONG COLOR RUN | color=0x37 len=98 pixels=229115..229212 src_offsets=0x0001C411
00:07:21 | WARNING  | LONG COLOR RUN | color=0xD1 len=98 pixels=229213..229310 src_offsets=0x0001C413
00:07:21 | WARNING  | LONG COLOR RUN | color=0x3B len=114 pixels=230145..230258 src_offsets=0x0001C765
00:07:21 | WARNING  | LONG COLOR RUN | color=0x37 len=196 pixels=230403..230598 src_offsets=0x0001C7FA, 0x0001C7FC
00:07:21 | WARNING  | LONG COLOR RUN | color=0x44 len=98 pixels=230599..230696 src_offsets=0x0001C7FE
00:07:21 | WARNING  | LONG COLOR RUN | color=0x9B len=52 pixels=230765..230816 src_offsets=0x0001C845
00:07:21 | WARNING  | LONG COLOR RUN | color=0x51 len=52 pixels=230817..230868 src_offsets=0x0001C847
00:07:21 | WARNING  | LONG COLOR RUN | color=0x4A len=114 pixels=231169..231282 src_offsets=0x0001C97C
00:07:21 | WARNING  | LONG COLOR RUN | color=0x43 len=84 pixels=231409..231492 src_offsets=0x0001C9FE
00:07:21 | WARNING  | LONG COLOR RUN | color=0x08 len=99 pixels=231493..231591 src_offsets=0x0001CA00
00:07:21 | WARNING  | LONG COLOR RUN | color=0xD3 len=198 pixels=231592..231789 src_offsets=0x0001CA02, 0x0001CA04
00:07:21 | WARNING  | LONG COLOR RUN | color=0xE3 len=83 pixels=231790..231872 src_offsets=0x0001CA06
00:07:21 | WARNING  | LONG COLOR RUN | color=0xE3 len=99 pixels=232138..232236 src_offsets=0x0001CB15
00:07:21 | WARNING  | LONG COLOR RUN | color=0x37 len=98 pixels=232237..232334 src_offsets=0x0001CB17
00:07:21 | WARNING  | LONG COLOR RUN | color=0xE2 len=98 pixels=232445..232542 src_offsets=0x0001CB88
00:07:21 | WARNING  | LONG COLOR RUN | color=0x3B len=115 pixels=232720..232834 src_offsets=0x0001CC08, 0x0001CC40
00:07:21 | WARNING  | LONG COLOR RUN | color=0xF2 len=115 pixels=232835..232949 src_offsets=0x0001CC42, 0x0001CC44
00:07:21 | WARNING  | LONG COLOR RUN | color=0x81 len=62 pixels=233183..233244 src_offsets=0x0001CCEF, 0x0001CD34
00:07:21 | WARNING  | LONG COLOR RUN | color=0x80 len=114 pixels=233245..233358 src_offsets=0x0001CD36
00:07:21 | WARNING  | LONG COLOR RUN | color=0xDC len=92 pixels=233419..233510 src_offsets=0x0001CD79
00:07:21 | WARNING  | LONG COLOR RUN | color=0x9B len=53 pixels=234153..234205 src_offsets=0x0001CF98, 0x0001D007
00:07:21 | WARNING  | LONG COLOR RUN | color=0xB3 len=52 pixels=234206..234257 src_offsets=0x0001D009
00:07:21 | WARNING  | LONG COLOR RUN | color=0x83 len=67 pixels=234258..234324 src_offsets=0x0001D00B
00:07:21 | WARNING  | LONG COLOR RUN | color=0xD1 len=53 pixels=234329..234381 src_offsets=0x0001D00F
00:07:21 | WARNING  | LONG COLOR RUN | color=0x01 len=99 pixels=235043..235141 src_offsets=0x0001D2B0
00:07:21 | WARNING  | LONG COLOR RUN | color=0x44 len=83 pixels=235142..235224 src_offsets=0x0001D2B2
00:07:21 | WARNING  | LONG COLOR RUN | color=0x01 len=67 pixels=235225..235291 src_offsets=0x0001D2B4
00:07:21 | WARNING  | LONG COLOR RUN | color=0x44 len=53 pixels=235292..235344 src_offsets=0x0001D2B6
00:07:21 | WARNING  | LONG COLOR RUN | color=0x04 len=67 pixels=235345..235411 src_offsets=0x0001D2B8
00:07:21 | WARNING  | LONG COLOR RUN | color=0xDD len=67 pixels=235619..235685 src_offsets=0x0001D38D
00:07:21 | WARNING  | LONG COLOR RUN | color=0xE2 len=99 pixels=235686..235784 src_offsets=0x0001D38F
00:07:21 | WARNING  | LONG COLOR RUN | color=0x42 len=99 pixels=235839..235937 src_offsets=0x0001D391, 0x0001D3C9
00:07:21 | WARNING  | LONG COLOR RUN | color=0x43 len=81 pixels=235938..236018 src_offsets=0x0001D3CB
00:07:21 | WARNING  | LONG COLOR RUN | color=0x11 len=98 pixels=236019..236116 src_offsets=0x0001D3CD
00:07:21 | WARNING  | LONG COLOR RUN | color=0x34 len=81 pixels=236117..236197 src_offsets=0x0001D3CF
00:07:21 | WARNING  | LONG COLOR RUN | color=0x45 len=98 pixels=236409..236506 src_offsets=0x0001D4A7
00:07:21 | WARNING  | LONG COLOR RUN | color=0x03 len=81 pixels=236507..236587 src_offsets=0x0001D4A9
00:07:21 | WARNING  | LONG COLOR RUN | color=0xDC len=98 pixels=236588..236685 src_offsets=0x0001D4AB
00:07:21 | WARNING  | LONG COLOR RUN | color=0x44 len=92 pixels=236686..236777 src_offsets=0x0001D4AD
00:07:21 | WARNING  | LONG COLOR RUN | color=0x08 len=67 pixels=236778..236844 src_offsets=0x0001D4AF
00:07:21 | WARNING  | LONG COLOR RUN | color=0xF2 len=99 pixels=236845..236943 src_offsets=0x0001D4B1
00:07:21 | WARNING  | LONG COLOR RUN | color=0xE3 len=181 pixels=236944..237124 src_offsets=0x0001D4B3, 0x0001D4B5
00:07:21 | WARNING  | LONG COLOR RUN | color=0xC3 len=99 pixels=237125..237223 src_offsets=0x0001D4B7
00:07:21 | WARNING  | LONG COLOR RUN | color=0xDC len=100 pixels=237290..237389 src_offsets=0x0001D4B9, 0x0001D4FD
00:07:21 | WARNING  | LONG COLOR RUN | color=0xE3 len=99 pixels=237390..237488 src_offsets=0x0001D4FF
00:07:21 | WARNING  | LONG COLOR RUN | color=0x4C len=52 pixels=237748..237799 src_offsets=0x0001D608
00:07:21 | WARNING  | LONG COLOR RUN | color=0xE4 len=114 pixels=237981..238094 src_offsets=0x0001D6C2
00:07:21 | WARNING  | LONG COLOR RUN | color=0xBE len=62 pixels=238099..238160 src_offsets=0x0001D6C6
00:07:21 | WARNING  | LONG COLOR RUN | color=0x3B len=114 pixels=238232..238345 src_offsets=0x0001D70F
00:07:21 | WARNING  | LONG COLOR RUN | color=0x36 len=98 pixels=238456..238553 src_offsets=0x0001D780
00:07:21 | WARNING  | LONG COLOR RUN | color=0x0A len=98 pixels=238749..238846 src_offsets=0x0001D849
00:07:21 | WARNING  | LONG COLOR RUN | color=0x45 len=99 pixels=238915..239013 src_offsets=0x0001D890
00:07:21 | WARNING  | LONG COLOR RUN | color=0x1E len=114 pixels=239014..239127 src_offsets=0x0001D892
00:07:21 | WARNING  | LONG COLOR RUN | color=0xF2 len=100 pixels=239128..239227 src_offsets=0x0001D894
00:07:21 | WARNING  | LONG COLOR RUN | color=0x3B len=116 pixels=239293..239408 src_offsets=0x0001D8D9, 0x0001D8DB
00:07:21 | WARNING  | LONG COLOR RUN | color=0xB3 len=67 pixels=239518..239584 src_offsets=0x0001D94A
00:07:21 | WARNING  | LONG COLOR RUN | color=0x44 len=51 pixels=239585..239635 src_offsets=0x0001D94C
00:07:21 | WARNING  | LONG COLOR RUN | color=0x15 len=49 pixels=239636..239684 src_offsets=0x0001D94E
00:07:21 | WARNING  | LONG COLOR RUN | color=0xC6 len=67 pixels=239685..239751 src_offsets=0x0001D950
00:07:21 | WARNING  | LONG COLOR RUN | color=0xC3 len=67 pixels=239752..239818 src_offsets=0x0001D952
00:07:21 | WARNING  | LONG COLOR RUN | color=0xB1 len=83 pixels=239819..239901 src_offsets=0x0001D954
00:07:21 | WARNING  | LONG COLOR RUN | color=0xC3 len=116 pixels=239902..240017 src_offsets=0x0001D956, 0x0001D958
00:07:21 | WARNING  | LONG COLOR RUN | color=0xB1 len=67 pixels=240018..240084 src_offsets=0x0001D95A
00:07:21 | WARNING  | LONG COLOR RUN | color=0xB8 len=70 pixels=240085..240154 src_offsets=0x0001D95C
00:07:21 | WARNING  | LONG COLOR RUN | color=0xD1 len=70 pixels=240155..240224 src_offsets=0x0001D95E
00:07:21 | WARNING  | LONG COLOR RUN | color=0xE3 len=98 pixels=240294..240391 src_offsets=0x0001D9A6
00:07:21 | WARNING  | LONG COLOR RUN | color=0x44 len=53 pixels=240392..240444 src_offsets=0x0001D9A8
00:07:21 | WARNING  | LONG COLOR RUN | color=0x09 len=98 pixels=240608..240705 src_offsets=0x0001DA50
00:07:21 | WARNING  | LONG COLOR RUN | color=0xF2 len=99 pixels=240706..240804 src_offsets=0x0001DA52
00:07:21 | WARNING  | LONG COLOR RUN | color=0xE3 len=114 pixels=240805..240918 src_offsets=0x0001DA54
00:07:21 | WARNING  | LONG COLOR RUN | color=0xD3 len=114 pixels=240919..241032 src_offsets=0x0001DA56
00:07:21 | WARNING  | LONG COLOR RUN | color=0x82 len=100 pixels=241033..241132 src_offsets=0x0001DA58
00:07:21 | WARNING  | LONG COLOR RUN | color=0x10 len=115 pixels=241140..241254 src_offsets=0x0001DA5E
00:07:21 | WARNING  | LONG COLOR RUN | color=0xE3 len=181 pixels=241258..241438 src_offsets=0x0001DA62, 0x0001DA64
00:07:21 | WARNING  | LONG COLOR RUN | color=0xF2 len=99 pixels=241439..241537 src_offsets=0x0001DA66
00:07:21 | WARNING  | LONG COLOR RUN | color=0xD3 len=83 pixels=241538..241620 src_offsets=0x0001DA68
00:07:21 | WARNING  | LONG COLOR RUN | color=0xE3 len=84 pixels=241621..241704 src_offsets=0x0001DA6A
00:07:21 | WARNING  | LONG COLOR RUN | color=0xF2 len=99 pixels=241705..241803 src_offsets=0x0001DA6C
00:07:21 | WARNING  | LONG COLOR RUN | color=0x81 len=114 pixels=241804..241917 src_offsets=0x0001DA6E
00:07:21 | WARNING  | LONG COLOR RUN | color=0x84 len=114 pixels=241990..242103 src_offsets=0x0001DAB9
00:07:21 | WARNING  | LONG COLOR RUN | color=0x83 len=62 pixels=242174..242235 src_offsets=0x0001DB04
00:07:21 | WARNING  | LONG COLOR RUN | color=0xE4 len=84 pixels=242736..242819 src_offsets=0x0001DD03
00:07:21 | WARNING  | LONG COLOR RUN | color=0xDC len=100 pixels=242820..242919 src_offsets=0x0001DD05
00:07:21 | WARNING  | LONG COLOR RUN | color=0x45 len=93 pixels=242920..243012 src_offsets=0x0001DD07
00:07:21 | WARNING  | LONG COLOR RUN | color=0x0E len=100 pixels=243013..243112 src_offsets=0x0001DD09
00:07:21 | WARNING  | LONG COLOR RUN | color=0xDD len=114 pixels=243113..243226 src_offsets=0x0001DD0B
00:07:21 | WARNING  | LONG COLOR RUN | color=0x44 len=98 pixels=243227..243324 src_offsets=0x0001DD0D
00:07:21 | WARNING  | LONG COLOR RUN | color=0x43 len=61 pixels=243606..243666 src_offsets=0x0001DE2D
00:07:21 | WARNING  | LONG COLOR RUN | color=0x05 len=114 pixels=243667..243780 src_offsets=0x0001DE2F
00:07:21 | WARNING  | LONG COLOR RUN | color=0xF2 len=99 pixels=243781..243879 src_offsets=0x0001DE31
00:07:21 | WARNING  | LONG COLOR RUN | color=0xD3 len=114 pixels=243880..243993 src_offsets=0x0001DE33
00:07:21 | WARNING  | LONG COLOR RUN | color=0x44 len=99 pixels=243994..244092 src_offsets=0x0001DE35
00:07:21 | WARNING  | LONG COLOR RUN | color=0x07 len=83 pixels=244093..244175 src_offsets=0x0001DE37
00:07:21 | WARNING  | LONG COLOR RUN | color=0xE3 len=99 pixels=244176..244274 src_offsets=0x0001DE39
00:07:21 | WARNING  | LONG COLOR RUN | color=0xDD len=83 pixels=244275..244357 src_offsets=0x0001DE3B
00:07:21 | WARNING  | LONG COLOR RUN | color=0xF2 len=99 pixels=244358..244456 src_offsets=0x0001DE3D
00:07:21 | WARNING  | LONG COLOR RUN | color=0xC3 len=93 pixels=244574..244666 src_offsets=0x0001DEB6
00:07:21 | WARNING  | LONG COLOR RUN | color=0xD4 len=114 pixels=244667..244780 src_offsets=0x0001DEB8
00:07:21 | WARNING  | LONG COLOR RUN | color=0xDD len=84 pixels=244781..244864 src_offsets=0x0001DEBA
00:07:21 | WARNING  | LONG COLOR RUN | color=0xE2 len=70 pixels=244865..244934 src_offsets=0x0001DEBC
00:07:21 | WARNING  | LONG COLOR RUN | color=0xB5 len=98 pixels=244935..245032 src_offsets=0x0001DEBE
00:07:21 | WARNING  | LONG COLOR RUN | color=0xBE len=53 pixels=245033..245085 src_offsets=0x0001DEC0
00:07:21 | WARNING  | LONG COLOR RUN | color=0xB3 len=67 pixels=245086..245152 src_offsets=0x0001DEC2
00:07:21 | WARNING  | LONG COLOR RUN | color=0xC6 len=49 pixels=245153..245201 src_offsets=0x0001DEC4
00:07:21 | WARNING  | LONG COLOR RUN | color=0x43 len=70 pixels=245202..245271 src_offsets=0x0001DEC6
00:07:21 | WARNING  | LONG COLOR RUN | color=0x16 len=49 pixels=245272..245320 src_offsets=0x0001DEC8
00:07:21 | WARNING  | LONG COLOR RUN | color=0xC3 len=70 pixels=245321..245390 src_offsets=0x0001DECA
00:07:21 | WARNING  | LONG COLOR RUN | color=0x9C len=53 pixels=245391..245443 src_offsets=0x0001DECC
00:07:21 | WARNING  | LONG COLOR RUN | color=0x36 len=51 pixels=245448..245498 src_offsets=0x0001DED0
00:07:21 | WARNING  | LONG COLOR RUN | color=0x45 len=115 pixels=245767..245881 src_offsets=0x0001DFE1
00:07:21 | WARNING  | LONG COLOR RUN | color=0x02 len=85 pixels=245882..245966 src_offsets=0x0001DFE3
00:07:21 | WARNING  | LONG COLOR RUN | color=0xD3 len=99 pixels=246109..246207 src_offsets=0x0001E071
00:07:21 | WARNING  | LONG COLOR RUN | color=0xC3 len=93 pixels=246208..246300 src_offsets=0x0001E073
00:07:21 | WARNING  | LONG COLOR RUN | color=0xB3 len=111 pixels=246301..246411 src_offsets=0x0001E075, 0x0001E077
00:07:21 | WARNING  | LONG COLOR RUN | color=0xF3 len=114 pixels=246412..246525 src_offsets=0x0001E079
00:07:21 | WARNING  | LONG COLOR RUN | color=0xB3 len=51 pixels=246807..246857 src_offsets=0x0001E197
00:07:21 | WARNING  | LONG COLOR RUN | color=0xA3 len=60 pixels=246858..246917 src_offsets=0x0001E199
00:07:21 | WARNING  | LONG COLOR RUN | color=0xC3 len=70 pixels=246947..247016 src_offsets=0x0001E19D
00:07:21 | WARNING  | LONG COLOR RUN | color=0xBD len=83 pixels=247017..247099 src_offsets=0x0001E19F
00:07:21 | WARNING  | LONG COLOR RUN | color=0xBE len=61 pixels=247100..247160 src_offsets=0x0001E1A1
00:07:21 | WARNING  | LONG COLOR RUN | color=0xF2 len=99 pixels=247234..247332 src_offsets=0x0001E1ED
00:07:21 | WARNING  | LONG COLOR RUN | color=0xD4 len=102 pixels=247399..247500 src_offsets=0x0001E1EF, 0x0001E234
00:07:21 | WARNING  | LONG COLOR RUN | color=0x4C len=93 pixels=247501..247593 src_offsets=0x0001E236
00:07:21 | WARNING  | LONG COLOR RUN | color=0x02 len=100 pixels=247594..247693 src_offsets=0x0001E238
00:07:21 | WARNING  | LONG COLOR RUN | color=0xE3 len=114 pixels=247694..247807 src_offsets=0x0001E23A
00:07:21 | WARNING  | LONG COLOR RUN | color=0x0C len=99 pixels=248017..248115 src_offsets=0x0001E30F
00:07:21 | WARNING  | LONG COLOR RUN | color=0xDD len=67 pixels=248116..248182 src_offsets=0x0001E311
00:07:21 | WARNING  | LONG COLOR RUN | color=0xC3 len=248 pixels=248183..248430 src_offsets=0x0001E313, 0x0001E315, 0x0001E317
00:07:21 | WARNING  | LONG COLOR RUN | color=0xC6 len=98 pixels=248431..248528 src_offsets=0x0001E319
00:07:21 | WARNING  | LONG COLOR RUN | color=0xC3 len=70 pixels=248529..248598 src_offsets=0x0001E31B
00:07:21 | WARNING  | LONG COLOR RUN | color=0xE3 len=99 pixels=248976..249074 src_offsets=0x0001E49D
00:07:21 | WARNING  | LONG COLOR RUN | color=0xB5 len=98 pixels=249075..249172 src_offsets=0x0001E49F
00:07:21 | WARNING  | LONG COLOR RUN | color=0x39 len=67 pixels=249173..249239 src_offsets=0x0001E4A1
00:07:21 | WARNING  | LONG COLOR RUN | color=0xE3 len=99 pixels=249240..249338 src_offsets=0x0001E4A3
00:07:21 | WARNING  | LONG COLOR RUN | color=0xDD len=83 pixels=249339..249421 src_offsets=0x0001E4A5
00:07:21 | WARNING  | LONG COLOR RUN | color=0xC3 len=67 pixels=249422..249488 src_offsets=0x0001E4A7
00:07:21 | WARNING  | LONG COLOR RUN | color=0xE3 len=99 pixels=249489..249587 src_offsets=0x0001E4A9
00:07:21 | WARNING  | LONG COLOR RUN | color=0xDD len=93 pixels=249588..249680 src_offsets=0x0001E4AB
00:07:21 | WARNING  | LONG COLOR RUN | color=0xC3 len=67 pixels=249681..249747 src_offsets=0x0001E4AD
00:07:21 | WARNING  | LONG COLOR RUN | color=0x45 len=92 pixels=249748..249839 src_offsets=0x0001E4AF
00:07:21 | WARNING  | LONG COLOR RUN | color=0x42 len=93 pixels=249840..249932 src_offsets=0x0001E4B1
00:07:21 | WARNING  | LONG COLOR RUN | color=0x43 len=121 pixels=249933..250053 src_offsets=0x0001E4B3, 0x0001E4B5
00:07:21 | WARNING  | LONG COLOR RUN | color=0x02 len=36 pixels=250054..250089 src_offsets=0x0001E4B7
00:07:21 | WARNING  | LONG COLOR RUN | color=0x69 len=52 pixels=250090..250141 src_offsets=0x0001E4B9
00:07:21 | WARNING  | LONG COLOR RUN | color=0x42 len=100 pixels=250313..250412 src_offsets=0x0001E568
00:07:21 | WARNING  | LONG COLOR RUN | color=0x44 len=115 pixels=250413..250527 src_offsets=0x0001E56A
00:07:21 | WARNING  | LONG COLOR RUN | color=0x0F len=100 pixels=250528..250627 src_offsets=0x0001E56C
00:07:21 | WARNING  | LONG COLOR RUN | color=0x81 len=228 pixels=250628..250855 src_offsets=0x0001E56E, 0x0001E571
00:07:21 | WARNING  | LONG COLOR RUN | color=0x44 len=98 pixels=251027..251124 src_offsets=0x0001E620
00:07:21 | WARNING  | LONG COLOR RUN | color=0xDC len=98 pixels=251192..251289 src_offsets=0x0001E666
00:07:21 | WARNING  | LONG COLOR RUN | color=0xE3 len=185 pixels=251290..251474 src_offsets=0x0001E668, 0x0001E66A
00:07:21 | WARNING  | LONG COLOR RUN | color=0xE2 len=114 pixels=251475..251588 src_offsets=0x0001E66C
00:07:21 | WARNING  | LONG COLOR RUN | color=0x43 len=72 pixels=251589..251660 src_offsets=0x0001E66E
00:07:21 | WARNING  | LONG COLOR RUN | color=0x13 len=81 pixels=251661..251741 src_offsets=0x0001E670
00:07:21 | WARNING  | LONG COLOR RUN | color=0xE2 len=72 pixels=251742..251813 src_offsets=0x0001E672
00:07:21 | WARNING  | LONG COLOR RUN | color=0x83 len=115 pixels=251814..251928 src_offsets=0x0001E674
00:07:21 | WARNING  | LONG COLOR RUN | color=0x04 len=98 pixels=251989..252086 src_offsets=0x0001E6B4
00:07:21 | WARNING  | LONG COLOR RUN | color=0xB5 len=67 pixels=252087..252153 src_offsets=0x0001E6B6
00:07:21 | WARNING  | LONG COLOR RUN | color=0xE2 len=53 pixels=252154..252206 src_offsets=0x0001E6B8
00:07:21 | WARNING  | LONG COLOR RUN | color=0x43 len=98 pixels=252413..252510 src_offsets=0x0001E789
00:07:21 | WARNING  | LONG COLOR RUN | color=0x43 len=81 pixels=253028..253108 src_offsets=0x0001E997
00:07:21 | WARNING  | LONG COLOR RUN | color=0x04 len=98 pixels=253109..253206 src_offsets=0x0001E999
00:07:21 | WARNING  | LONG COLOR RUN | color=0xE2 len=53 pixels=253207..253259 src_offsets=0x0001E99B
00:07:21 | WARNING  | LONG COLOR RUN | color=0xC3 len=67 pixels=253260..253326 src_offsets=0x0001E99D
00:07:21 | WARNING  | LONG COLOR RUN | color=0xE4 len=100 pixels=253394..253493 src_offsets=0x0001E9E3
00:07:21 | WARNING  | LONG COLOR RUN | color=0xF3 len=115 pixels=253494..253608 src_offsets=0x0001E9E5
00:07:21 | WARNING  | LONG COLOR RUN | color=0xE3 len=100 pixels=253609..253708 src_offsets=0x0001E9E7
00:07:21 | WARNING  | LONG COLOR RUN | color=0xC6 len=67 pixels=253709..253775 src_offsets=0x0001E9E9
00:07:21 | WARNING  | LONG COLOR RUN | color=0xE2 len=67 pixels=253776..253842 src_offsets=0x0001E9EB
00:07:21 | WARNING  | LONG COLOR RUN | color=0x38 len=98 pixels=253843..253940 src_offsets=0x0001E9ED
00:07:21 | WARNING  | LONG COLOR RUN | color=0xF2 len=99 pixels=253941..254039 src_offsets=0x0001E9EF
00:07:21 | WARNING  | LONG COLOR RUN | color=0x45 len=114 pixels=254040..254153 src_offsets=0x0001E9F1
00:07:21 | WARNING  | LONG COLOR RUN | color=0x42 len=100 pixels=254154..254253 src_offsets=0x0001E9F3
00:07:21 | WARNING  | LONG COLOR RUN | color=0x4D len=93 pixels=254254..254346 src_offsets=0x0001E9F5
00:07:21 | WARNING  | LONG COLOR RUN | color=0x01 len=100 pixels=254347..254446 src_offsets=0x0001E9F7
00:07:21 | WARNING  | LONG COLOR RUN | color=0x43 len=114 pixels=254447..254560 src_offsets=0x0001E9F9
00:07:21 | WARNING  | LONG COLOR RUN | color=0x05 len=100 pixels=254561..254660 src_offsets=0x0001E9FB
00:07:21 | WARNING  | LONG COLOR RUN | color=0xF2 len=114 pixels=254661..254774 src_offsets=0x0001E9FD
00:07:21 | WARNING  | LONG COLOR RUN | color=0xD3 len=100 pixels=254775..254874 src_offsets=0x0001E9FF
00:07:21 | WARNING  | LONG COLOR RUN | color=0x44 len=114 pixels=254875..254988 src_offsets=0x0001EA01
00:07:21 | WARNING  | LONG COLOR RUN | color=0x09 len=99 pixels=254989..255087 src_offsets=0x0001EA03
00:07:21 | WARNING  | LONG COLOR RUN | color=0xE3 len=114 pixels=255088..255201 src_offsets=0x0001EA05
00:07:21 | WARNING  | LONG COLOR RUN | color=0xE3 len=99 pixels=256067..256165 src_offsets=0x0001ED71
00:07:21 | WARNING  | LONG COLOR RUN | color=0xDD len=93 pixels=256166..256258 src_offsets=0x0001ED73
00:07:21 | WARNING  | LONG COLOR RUN | color=0x04 len=114 pixels=256955..257068 src_offsets=0x0001F033
00:07:21 | WARNING  | LONG COLOR RUN | color=0x37 len=81 pixels=258110..258190 src_offsets=0x0001F458
00:07:21 | WARNING  | LONG COLOR RUN | color=0xDD len=92 pixels=258246..258337 src_offsets=0x0001F492
00:07:21 | WARNING  | LONG COLOR RUN | color=0xB5 len=67 pixels=258338..258404 src_offsets=0x0001F494
00:07:21 | WARNING  | LONG COLOR RUN | color=0xF2 len=81 pixels=258405..258485 src_offsets=0x0001F496
00:07:21 | WARNING  | LONG COLOR RUN | color=0x43 len=98 pixels=258833..258930 src_offsets=0x0001F5FD
00:07:21 | WARNING  | LONG COLOR RUN | color=0x03 len=49 pixels=258931..258979 src_offsets=0x0001F5FF
00:07:21 | WARNING  | LONG COLOR RUN | color=0xB8 len=56 pixels=258980..259035 src_offsets=0x0001F601
00:07:21 | WARNING  | LONG COLOR RUN | color=0x48 len=51 pixels=259036..259086 src_offsets=0x0001F603
00:07:21 | WARNING  | LONG COLOR RUN | color=0x03 len=36 pixels=259087..259122 src_offsets=0x0001F605
00:07:21 | WARNING  | LONG COLOR RUN | color=0x43 len=36 pixels=259144..259179 src_offsets=0x0001F609
00:07:21 | WARNING  | LONG COLOR RUN | color=0x03 len=51 pixels=259180..259230 src_offsets=0x0001F60B
00:07:21 | WARNING  | LONG COLOR RUN | color=0xB3 len=36 pixels=259231..259266 src_offsets=0x0001F60D
00:07:21 | WARNING  | LONG COLOR RUN | color=0x45 len=51 pixels=259267..259317 src_offsets=0x0001F60F
00:07:21 | WARNING  | LONG COLOR RUN | color=0x01 len=36 pixels=259318..259353 src_offsets=0x0001F611
00:07:21 | WARNING  | LONG COLOR RUN | color=0x44 len=51 pixels=259354..259404 src_offsets=0x0001F613
00:07:21 | WARNING  | LONG COLOR RUN | color=0x03 len=98 pixels=259405..259502 src_offsets=0x0001F615
00:07:21 | WARNING  | LONG COLOR RUN | color=0xE3 len=83 pixels=259503..259585 src_offsets=0x0001F617
00:07:21 | WARNING  | LONG COLOR RUN | color=0x45 len=53 pixels=259586..259638 src_offsets=0x0001F619
00:07:21 | WARNING  | LONG COLOR RUN | color=0x1D len=98 pixels=259639..259736 src_offsets=0x0001F61B
00:07:21 | WARNING  | LONG COLOR RUN | color=0xC3 len=92 pixels=259737..259828 src_offsets=0x0001F61D
00:07:21 | WARNING  | LONG COLOR RUN | color=0xB5 len=53 pixels=259829..259881 src_offsets=0x0001F61F
00:07:21 | WARNING  | LONG COLOR RUN | color=0x3B len=61 pixels=259882..259942 src_offsets=0x0001F621
00:07:21 | WARNING  | LONG COLOR RUN | color=0xB1 len=119 pixels=260270..260388 src_offsets=0x0001F76E, 0x0001F770
00:07:21 | WARNING  | LONG COLOR RUN | color=0xA4 len=49 pixels=260389..260437 src_offsets=0x0001F772
00:07:21 | WARNING  | LONG COLOR RUN | color=0xB3 len=87 pixels=260438..260524 src_offsets=0x0001F774, 0x0001F776
00:07:21 | WARNING  | LONG COLOR RUN | color=0xA4 len=36 pixels=260525..260560 src_offsets=0x0001F778
00:07:21 | WARNING  | LONG COLOR RUN | color=0x46 len=51 pixels=260561..260611 src_offsets=0x0001F77A
00:07:21 | WARNING  | LONG COLOR RUN | color=0x48 len=36 pixels=260612..260647 src_offsets=0x0001F77C
00:07:21 | WARNING  | LONG COLOR RUN | color=0x09 len=51 pixels=260648..260698 src_offsets=0x0001F77E
00:07:21 | WARNING  | LONG COLOR RUN | color=0xB1 len=36 pixels=260699..260734 src_offsets=0x0001F780
00:07:21 | WARNING  | LONG COLOR RUN | color=0xE2 len=98 pixels=260735..260832 src_offsets=0x0001F782
00:07:21 | WARNING  | LONG COLOR RUN | color=0xE2 len=53 pixels=261187..261239 src_offsets=0x0001F8EB
00:07:21 | WARNING  | LONG COLOR RUN | color=0xB1 len=53 pixels=261240..261292 src_offsets=0x0001F8ED
00:07:21 | WARNING  | LONG COLOR RUN | color=0xA4 len=51 pixels=261293..261343 src_offsets=0x0001F8EF
00:07:21 | WARNING  | LONG COLOR RUN | color=0xBD len=66 pixels=261703..261768 src_offsets=0x0001FA5D
00:07:21 | WARNING  | LONG COLOR RUN | color=0xC3 len=83 pixels=261769..261851 src_offsets=0x0001FA5F
00:07:21 | WARNING  | LONG COLOR RUN | color=0xB1 len=49 pixels=261852..261900 src_offsets=0x0001FA61
00:07:21 | WARNING  | LONG COLOR RUN | color=0xB8 len=56 pixels=261901..261956 src_offsets=0x0001FA63
00:07:21 | WARNING  | LONG COLOR RUN | color=0xC6 len=70 pixels=261957..262026 src_offsets=0x0001FA65
00:07:21 | WARNING  | LONG COLOR RUN | color=0x45 len=51 pixels=262027..262077 src_offsets=0x0001FA67
00:07:21 | WARNING  | LONG COLOR RUN | color=0x02 len=98 pixels=262078..262175 src_offsets=0x0001FA69
00:07:21 | WARNING  | LONG COLOR RUN | color=0xB1 len=51 pixels=262176..262226 src_offsets=0x0001FA6B
00:07:21 | WARNING  | LONG COLOR RUN | color=0xE2 len=197 pixels=263059..263255 src_offsets=0x0001FD9E, 0x0001FDA0
00:07:21 | WARNING  | LONG COLOR RUN | color=0xC3 len=67 pixels=263537..263603 src_offsets=0x0001FEBE
00:07:21 | WARNING  | LONG COLOR RUN | color=0x43 len=70 pixels=263604..263673 src_offsets=0x0001FEC0
00:07:21 | WARNING  | LONG COLOR RUN | color=0x37 len=98 pixels=263674..263771 src_offsets=0x0001FEC2
00:07:21 | WARNING  | LONG COLOR RUN | color=0xC6 len=168 pixels=263772..263939 src_offsets=0x0001FEC4, 0x0001FEC6
00:07:21 | WARNING  | LONG COLOR RUN | color=0xF3 len=66 pixels=263940..264005 src_offsets=0x0001FEC8
00:07:21 | WARNING  | LONG COLOR RUN | color=0x82 len=115 pixels=264006..264120 src_offsets=0x0001FECA
00:07:21 | WARNING  | LONG COLOR RUN | color=0xB5 len=67 pixels=264484..264550 src_offsets=0x0002003A
00:07:21 | WARNING  | LONG COLOR RUN | color=0xD5 len=66 pixels=264551..264616 src_offsets=0x0002003C
00:07:21 | WARNING  | LONG COLOR RUN | color=0x44 len=53 pixels=264617..264669 src_offsets=0x0002003E
00:07:21 | WARNING  | LONG COLOR RUN | color=0x44 len=83 pixels=264723..264805 src_offsets=0x00020040, 0x00020078
00:07:21 | WARNING  | LONG COLOR RUN | color=0x01 len=115 pixels=265064..265178 src_offsets=0x00020180
00:07:21 | WARNING  | LONG COLOR RUN | color=0x08 len=81 pixels=266744..266824 src_offsets=0x000207B6
00:07:21 | WARNING  | LONG COLOR RUN | color=0x39 len=98 pixels=270567..270664 src_offsets=0x00021686
00:07:21 | WARNING  | LONG COLOR RUN | color=0x3B len=228 pixels=271106..271333 src_offsets=0x00021845, 0x00021847
00:07:21 | WARNING  | LONG COLOR RUN | color=0xE2 len=98 pixels=271689..271786 src_offsets=0x000219B1
00:07:21 | WARNING  | LONG COLOR RUN | color=0x15 len=114 pixels=272074..272187 src_offsets=0x00021AD4
00:07:21 | WARNING  | LONG COLOR RUN | color=0x44 len=114 pixels=272472..272585 src_offsets=0x00021BF6
00:07:21 | WARNING  | LONG COLOR RUN | color=0x06 len=100 pixels=272922..273021 src_offsets=0x00021D4D
00:07:21 | WARNING  | LONG COLOR RUN | color=0x80 len=114 pixels=273238..273351 src_offsets=0x00021E2A
00:07:21 | WARNING  | LONG COLOR RUN | color=0x3B len=114 pixels=274198..274311 src_offsets=0x00022185
00:07:21 | WARNING  | LONG COLOR RUN | color=0x3A len=114 pixels=274312..274425 src_offsets=0x00022187
00:07:21 | WARNING  | LONG COLOR RUN | color=0xF2 len=114 pixels=274485..274598 src_offsets=0x000221C5
00:07:21 | WARNING  | LONG COLOR RUN | color=0x3B len=114 pixels=274910..275023 src_offsets=0x00022303
00:07:21 | WARNING  | LONG COLOR RUN | color=0x3A len=114 pixels=275261..275374 src_offsets=0x000223F4
00:07:21 | WARNING  | LONG COLOR RUN | color=0x4A len=98 pixels=276288..276385 src_offsets=0x00022795
00:07:21 | WARNING  | LONG COLOR RUN | color=0xB5 len=98 pixels=276460..276557 src_offsets=0x000227E2
00:07:21 | WARNING  | LONG COLOR RUN | color=0xE2 len=98 pixels=276558..276655 src_offsets=0x000227E4
00:07:21 | WARNING  | LONG COLOR RUN | color=0x38 len=53 pixels=276656..276708 src_offsets=0x000227E6
00:07:21 | WARNING  | LONG COLOR RUN | color=0xC6 len=67 pixels=276709..276775 src_offsets=0x000227E8
00:07:21 | WARNING  | LONG COLOR RUN | color=0x44 len=81 pixels=277018..277098 src_offsets=0x000228DF
00:07:21 | WARNING  | LONG COLOR RUN | color=0x03 len=98 pixels=277099..277196 src_offsets=0x000228E1
00:07:21 | WARNING  | LONG COLOR RUN | color=0xE3 len=99 pixels=277197..277295 src_offsets=0x000228E3
00:07:21 | WARNING  | LONG COLOR RUN | color=0x43 len=67 pixels=277296..277362 src_offsets=0x000228E5
00:07:21 | WARNING  | LONG COLOR RUN | color=0x01 len=99 pixels=277363..277461 src_offsets=0x000228E7
00:07:21 | WARNING  | LONG COLOR RUN | color=0x43 len=98 pixels=277462..277559 src_offsets=0x000228E9
00:07:21 | WARNING  | LONG COLOR RUN | color=0x04 len=99 pixels=277560..277658 src_offsets=0x000228EB
00:07:21 | WARNING  | LONG COLOR RUN | color=0xC3 len=131 pixels=277659..277789 src_offsets=0x000228ED, 0x000228EF
00:07:21 | WARNING  | LONG COLOR RUN | color=0xC3 len=67 pixels=278061..278127 src_offsets=0x00022A03
00:07:21 | WARNING  | LONG COLOR RUN | color=0xBD len=83 pixels=278128..278210 src_offsets=0x00022A05
00:07:21 | WARNING  | LONG COLOR RUN | color=0x1D len=115 pixels=278214..278328 src_offsets=0x00022A09
00:07:21 | WARNING  | LONG COLOR RUN | color=0xBE len=62 pixels=278329..278390 src_offsets=0x00022A0B
00:07:21 | WARNING  | LONG COLOR RUN | color=0xBD len=66 pixels=278391..278456 src_offsets=0x00022A0D
00:07:21 | WARNING  | LONG COLOR RUN | color=0xB1 len=49 pixels=278457..278505 src_offsets=0x00022A0F
00:07:21 | WARNING  | LONG COLOR RUN | color=0x81 len=98 pixels=278506..278603 src_offsets=0x00022A11
00:07:21 | WARNING  | LONG COLOR RUN | color=0x3A len=53 pixels=278607..278659 src_offsets=0x00022A15
00:07:21 | WARNING  | LONG COLOR RUN | color=0xE4 len=114 pixels=278660..278773 src_offsets=0x00022A17
00:07:21 | WARNING  | LONG COLOR RUN | color=0xC3 len=99 pixels=279070..279168 src_offsets=0x00022B46
00:07:21 | WARNING  | LONG COLOR RUN | color=0xC6 len=142 pixels=279169..279310 src_offsets=0x00022B48, 0x00022B4A
00:07:21 | WARNING  | LONG COLOR RUN | color=0xC3 len=70 pixels=279311..279380 src_offsets=0x00022B4C
00:07:21 | WARNING  | LONG COLOR RUN | color=0xD3 len=99 pixels=279381..279479 src_offsets=0x00022B4E
00:07:21 | WARNING  | LONG COLOR RUN | color=0x83 len=66 pixels=279480..279545 src_offsets=0x00022B50
00:07:21 | WARNING  | LONG COLOR RUN | color=0xE3 len=67 pixels=279877..279943 src_offsets=0x00022CA1
00:07:21 | WARNING  | LONG COLOR RUN | color=0xBD len=99 pixels=279944..280042 src_offsets=0x00022CA3
00:07:21 | WARNING  | LONG COLOR RUN | color=0x44 len=100 pixels=280043..280142 src_offsets=0x00022CA5
00:07:21 | WARNING  | LONG COLOR RUN | color=0x43 len=114 pixels=280144..280257 src_offsets=0x00022CA9
00:07:21 | WARNING  | LONG COLOR RUN | color=0xD4 len=83 pixels=280879..280961 src_offsets=0x00022F22
00:07:21 | WARNING  | LONG COLOR RUN | color=0xC6 len=49 pixels=280962..281010 src_offsets=0x00022F24
00:07:21 | WARNING  | LONG COLOR RUN | color=0x43 len=67 pixels=281011..281077 src_offsets=0x00022F26
00:07:21 | WARNING  | LONG COLOR RUN | color=0x02 len=99 pixels=281078..281176 src_offsets=0x00022F28
00:07:21 | WARNING  | LONG COLOR RUN | color=0x80 len=61 pixels=281177..281237 src_offsets=0x00022F2A
00:07:21 | WARNING  | LONG COLOR RUN | color=0x43 len=81 pixels=282465..282545 src_offsets=0x00023406
00:07:21 | WARNING  | LONG COLOR RUN | color=0x80 len=114 pixels=282655..282768 src_offsets=0x00023477
00:07:21 | WARNING  | LONG COLOR RUN | color=0xF2 len=115 pixels=282769..282883 src_offsets=0x0002347A, 0x0002347D
00:07:21 | WARNING  | LONG COLOR RUN | color=0xBE len=66 pixels=283148..283213 src_offsets=0x0002358A
00:07:21 | WARNING  | LONG COLOR RUN | color=0x43 len=62 pixels=283214..283275 src_offsets=0x0002358C
00:07:21 | WARNING  | LONG COLOR RUN | color=0x12 len=115 pixels=283276..283390 src_offsets=0x0002358E
00:07:21 | WARNING  | LONG COLOR RUN | color=0xBD len=61 pixels=283394..283454 src_offsets=0x00023592
00:07:21 | WARNING  | LONG COLOR RUN | color=0xB4 len=48 pixels=283483..283530 src_offsets=0x00023596
00:07:21 | WARNING  | LONG COLOR RUN | color=0xB5 len=36 pixels=283531..283566 src_offsets=0x00023598
00:07:21 | WARNING  | LONG COLOR RUN | color=0x0E len=114 pixels=283832..283945 src_offsets=0x000236A7
00:07:21 | WARNING  | LONG COLOR RUN | color=0x43 len=114 pixels=284264..284377 src_offsets=0x000237EB
00:07:21 | WARNING  | LONG COLOR RUN | color=0x3B len=114 pixels=284681..284794 src_offsets=0x00023923
00:07:21 | WARNING  | LONG COLOR RUN | color=0x81 len=114 pixels=285676..285789 src_offsets=0x00023CA8
00:07:21 | WARNING  | LONG COLOR RUN | color=0xF2 len=114 pixels=286057..286170 src_offsets=0x00023DB9
00:07:21 | WARNING  | LONG COLOR RUN | color=0x38 len=99 pixels=286363..286461 src_offsets=0x00023E81
00:07:21 | WARNING  | LONG COLOR RUN | color=0x42 len=99 pixels=287739..287837 src_offsets=0x00024396
00:07:21 | WARNING  | LONG COLOR RUN | color=0x44 len=114 pixels=287838..287951 src_offsets=0x00024398
00:07:21 | WARNING  | LONG COLOR RUN | color=0x02 len=99 pixels=287952..288050 src_offsets=0x0002439A
00:07:21 | WARNING  | LONG COLOR RUN | color=0x43 len=114 pixels=288650..288763 src_offsets=0x000245FB
00:07:21 | WARNING  | LONG COLOR RUN | color=0x44 len=51 pixels=288824..288874 src_offsets=0x0002463C
00:07:21 | WARNING  | LONG COLOR RUN | color=0x0F len=98 pixels=288875..288972 src_offsets=0x0002463E
00:07:21 | WARNING  | LONG COLOR RUN | color=0xD1 len=81 pixels=288973..289053 src_offsets=0x00024640
00:07:21 | WARNING  | LONG COLOR RUN | color=0xE3 len=99 pixels=289923..290021 src_offsets=0x000249B3
00:07:21 | WARNING  | LONG COLOR RUN | color=0xD3 len=228 pixels=290022..290249 src_offsets=0x000249B5, 0x000249B7
00:07:21 | WARNING  | LONG COLOR RUN | color=0x43 len=83 pixels=290250..290332 src_offsets=0x000249B9
00:07:21 | WARNING  | LONG COLOR RUN | color=0x2F len=99 pixels=290333..290431 src_offsets=0x000249BB
00:07:21 | WARNING  | LONG COLOR RUN | color=0xF2 len=114 pixels=291116..291229 src_offsets=0x00024C71
00:07:21 | WARNING  | LONG COLOR RUN | color=0x01 len=114 pixels=291231..291344 src_offsets=0x00024C75
00:07:21 | WARNING  | LONG COLOR RUN | color=0x01 len=114 pixels=291564..291677 src_offsets=0x00024D55
00:07:21 | WARNING  | LONG COLOR RUN | color=0x05 len=114 pixels=291679..291792 src_offsets=0x00024D59
00:07:21 | WARNING  | LONG COLOR RUN | color=0xB5 len=98 pixels=291928..292025 src_offsets=0x00024DE5
00:07:21 | WARNING  | LONG COLOR RUN | color=0x81 len=66 pixels=292432..292497 src_offsets=0x00024F85
00:07:21 | WARNING  | LONG COLOR RUN | color=0x83 len=118 pixels=292500..292617 src_offsets=0x00024F89, 0x00024F8B
00:07:21 | WARNING  | LONG COLOR RUN | color=0xC3 len=198 pixels=292820..293017 src_offsets=0x0002505A, 0x0002505C
00:07:21 | WARNING  | LONG COLOR RUN | color=0xE3 len=67 pixels=293018..293084 src_offsets=0x0002505E
00:07:21 | WARNING  | LONG COLOR RUN | color=0x83 len=115 pixels=293358..293472 src_offsets=0x00025173
00:07:21 | WARNING  | LONG COLOR RUN | color=0x3B len=114 pixels=293542..293655 src_offsets=0x000251BC
00:07:21 | WARNING  | LONG COLOR RUN | color=0xF3 len=115 pixels=293821..293935 src_offsets=0x00025265
00:07:21 | WARNING  | LONG COLOR RUN | color=0x83 len=115 pixels=294727..294841 src_offsets=0x0002558B
00:07:21 | WARNING  | LONG COLOR RUN | color=0x03 len=115 pixels=295076..295190 src_offsets=0x0002567A
00:07:21 | WARNING  | LONG COLOR RUN | color=0xF2 len=100 pixels=295191..295290 src_offsets=0x0002567C
00:07:21 | WARNING  | LONG COLOR RUN | color=0x48 len=100 pixels=295291..295390 src_offsets=0x0002567E
00:07:21 | WARNING  | LONG COLOR RUN | color=0xE4 len=100 pixels=295393..295492 src_offsets=0x00025682
00:07:21 | WARNING  | LONG COLOR RUN | color=0x3A len=114 pixels=295494..295607 src_offsets=0x00025686
00:07:21 | WARNING  | LONG COLOR RUN | color=0xF3 len=115 pixels=297033..297147 src_offsets=0x00025C2E
00:07:21 | WARNING  | LONG COLOR RUN | color=0xF2 len=100 pixels=297270..297369 src_offsets=0x00025CA7
00:07:21 | WARNING  | LONG COLOR RUN | color=0x39 len=114 pixels=297370..297483 src_offsets=0x00025CA9
00:07:21 | WARNING  | LONG COLOR RUN | color=0xE3 len=114 pixels=297715..297828 src_offsets=0x00025D94
00:07:21 | WARNING  | LONG COLOR RUN | color=0x45 len=114 pixels=297897..298010 src_offsets=0x00025DDB
00:07:21 | WARNING  | LONG COLOR RUN | color=0x44 len=53 pixels=298151..298203 src_offsets=0x00025E6C
00:07:21 | WARNING  | LONG COLOR RUN | color=0x43 len=67 pixels=298204..298270 src_offsets=0x00025E6E
00:07:21 | WARNING  | LONG COLOR RUN | color=0x03 len=83 pixels=298271..298353 src_offsets=0x00025E70
00:07:21 | WARNING  | LONG COLOR RUN | color=0xD3 len=99 pixels=298354..298452 src_offsets=0x00025E72
00:07:21 | WARNING  | LONG COLOR RUN | color=0x43 len=83 pixels=298453..298535 src_offsets=0x00025E74
00:07:21 | WARNING  | LONG COLOR RUN | color=0x09 len=99 pixels=298536..298634 src_offsets=0x00025E76
00:07:21 | WARNING  | LONG COLOR RUN | color=0xB5 len=53 pixels=298635..298687 src_offsets=0x00025E78
00:07:21 | WARNING  | LONG COLOR RUN | color=0xC3 len=99 pixels=298688..298786 src_offsets=0x00025E7A
00:07:21 | WARNING  | LONG COLOR RUN | color=0xDD len=67 pixels=298787..298853 src_offsets=0x00025E7C
00:07:21 | WARNING  | LONG COLOR RUN | color=0xD3 len=93 pixels=298854..298946 src_offsets=0x00025E7E
00:07:21 | WARNING  | LONG COLOR RUN | color=0x44 len=93 pixels=298947..299039 src_offsets=0x00025E80
00:07:21 | WARNING  | LONG COLOR RUN | color=0x01 len=67 pixels=299040..299106 src_offsets=0x00025E82
00:07:21 | WARNING  | LONG COLOR RUN | color=0x46 len=99 pixels=299107..299205 src_offsets=0x00025E84
00:07:21 | WARNING  | LONG COLOR RUN | color=0x04 len=114 pixels=299206..299319 src_offsets=0x00025E86
00:07:21 | WARNING  | LONG COLOR RUN | color=0x82 len=100 pixels=299321..299420 src_offsets=0x00025E8A
00:07:21 | WARNING  | LONG COLOR RUN | color=0xC3 len=64 pixels=299647..299710 src_offsets=0x00025F71
00:07:21 | WARNING  | LONG COLOR RUN | color=0xDD len=65 pixels=299711..299775 src_offsets=0x00025F73
00:07:21 | WARNING  | LONG COLOR RUN | color=0x07 len=115 pixels=299960..300074 src_offsets=0x00026030
00:07:21 | WARNING  | LONG COLOR RUN | color=0x39 len=114 pixels=300355..300468 src_offsets=0x0002614F
00:07:21 | WARNING  | LONG COLOR RUN | color=0xC6 len=98 pixels=300525..300622 src_offsets=0x0002618A
00:07:21 | WARNING  | LONG COLOR RUN | color=0xC0 len=70 pixels=300623..300692 src_offsets=0x0002618C
00:07:21 | WARNING  | LONG COLOR RUN | color=0xC6 len=70 pixels=300693..300762 src_offsets=0x0002618E
00:07:21 | WARNING  | LONG COLOR RUN | color=0xC1 len=64 pixels=300763..300826 src_offsets=0x00026190
00:07:21 | WARNING  | LONG COLOR RUN | color=0xE3 len=64 pixels=300827..300890 src_offsets=0x00026192
00:07:21 | WARNING  | LONG COLOR RUN | color=0x44 len=114 pixels=300891..301004 src_offsets=0x00026194
00:07:21 | WARNING  | LONG COLOR RUN | color=0x42 len=93 pixels=301005..301097 src_offsets=0x00026196
00:07:21 | WARNING  | LONG COLOR RUN | color=0x49 len=65 pixels=301098..301162 src_offsets=0x00026198
00:07:21 | WARNING  | LONG COLOR RUN | color=0x20 len=93 pixels=301163..301255 src_offsets=0x0002619A
00:07:21 | WARNING  | LONG COLOR RUN | color=0xDC len=92 pixels=301256..301347 src_offsets=0x0002619C
00:07:21 | WARNING  | LONG COLOR RUN | color=0xC0 len=185 pixels=301348..301532 src_offsets=0x0002619E, 0x000261A0
00:07:21 | WARNING  | LONG COLOR RUN | color=0xBD len=99 pixels=301533..301631 src_offsets=0x000261A2
00:07:21 | WARNING  | LONG COLOR RUN | color=0xE3 len=99 pixels=301638..301736 src_offsets=0x000261A8
00:07:21 | WARNING  | LONG COLOR RUN | color=0xE2 len=92 pixels=301737..301828 src_offsets=0x000261AA
00:07:21 | WARNING  | LONG COLOR RUN | color=0x34 len=98 pixels=301829..301926 src_offsets=0x000261AC
00:07:21 | WARNING  | LONG COLOR RUN | color=0x04 len=67 pixels=302130..302196 src_offsets=0x0002627C
00:07:21 | WARNING  | LONG COLOR RUN | color=0xD3 len=93 pixels=302197..302289 src_offsets=0x0002627E
00:07:21 | WARNING  | LONG COLOR RUN | color=0xE3 len=83 pixels=302290..302372 src_offsets=0x00026280
00:07:21 | WARNING  | LONG COLOR RUN | color=0xE3 len=98 pixels=302682..302779 src_offsets=0x000263BD
00:07:21 | WARNING  | LONG COLOR RUN | color=0xE3 len=114 pixels=302784..302897 src_offsets=0x000263C3
00:07:21 | WARNING  | LONG COLOR RUN | color=0xB5 len=53 pixels=302965..303017 src_offsets=0x00026409
00:07:21 | WARNING  | LONG COLOR RUN | color=0x43 len=114 pixels=303077..303190 src_offsets=0x00026449
00:07:21 | WARNING  | LONG COLOR RUN | color=0xDC len=92 pixels=303259..303350 src_offsets=0x00026490
00:07:21 | WARNING  | LONG COLOR RUN | color=0x81 len=100 pixels=303422..303521 src_offsets=0x000264DA
00:07:21 | WARNING  | LONG COLOR RUN | color=0x45 len=49 pixels=304007..304055 src_offsets=0x000266CC
00:07:21 | WARNING  | LONG COLOR RUN | color=0x43 len=67 pixels=304056..304122 src_offsets=0x000266CE
00:07:21 | WARNING  | LONG COLOR RUN | color=0x06 len=49 pixels=304123..304171 src_offsets=0x000266D0
00:07:21 | WARNING  | LONG COLOR RUN | color=0xC3 len=53 pixels=304172..304224 src_offsets=0x000266D2
00:07:21 | WARNING  | LONG COLOR RUN | color=0xC1 len=134 pixels=304225..304358 src_offsets=0x000266D4, 0x000266D6
00:07:21 | WARNING  | LONG COLOR RUN | color=0xB8 len=104 pixels=304734..304837 src_offsets=0x00026853, 0x00026855
00:07:21 | WARNING  | LONG COLOR RUN | color=0xD1 len=51 pixels=304838..304888 src_offsets=0x00026857
00:07:21 | WARNING  | LONG COLOR RUN | color=0xB4 len=60 pixels=304889..304948 src_offsets=0x00026859
00:07:21 | WARNING  | LONG COLOR RUN | color=0x51 len=60 pixels=304949..305008 src_offsets=0x0002685B
00:07:21 | WARNING  | LONG COLOR RUN | color=0x3B len=46 pixels=305009..305054 src_offsets=0x0002685D
00:07:21 | WARNING  | LONG COLOR RUN | color=0x0E len=100 pixels=305287..305386 src_offsets=0x0002694A
00:07:21 | WARNING  | LONG COLOR RUN | color=0x3B len=114 pixels=305391..305504 src_offsets=0x0002694E
00:07:21 | WARNING  | LONG COLOR RUN | color=0x44 len=99 pixels=305666..305764 src_offsets=0x0002698B, 0x000269F4
00:07:21 | WARNING  | LONG COLOR RUN | color=0xC3 len=51 pixels=306087..306137 src_offsets=0x00026AED, 0x00026B40
00:07:21 | WARNING  | LONG COLOR RUN | color=0xB5 len=67 pixels=306138..306204 src_offsets=0x00026B42
00:07:21 | WARNING  | LONG COLOR RUN | color=0xE2 len=98 pixels=306205..306302 src_offsets=0x00026B44
00:07:21 | WARNING  | LONG COLOR RUN | color=0xB1 len=49 pixels=306303..306351 src_offsets=0x00026B46
00:07:21 | WARNING  | LONG COLOR RUN | color=0xC6 len=70 pixels=306352..306421 src_offsets=0x00026B48
00:07:21 | WARNING  | LONG COLOR RUN | color=0x0A len=114 pixels=306490..306603 src_offsets=0x00026B8F
00:07:21 | WARNING  | LONG COLOR RUN | color=0x05 len=98 pixels=306838..306935 src_offsets=0x00026C7F
00:07:21 | WARNING  | LONG COLOR RUN | color=0xC6 len=70 pixels=306936..307005 src_offsets=0x00026C81
00:07:21 | WARNING  | LONG COLOR RUN | color=0xC3 len=64 pixels=307006..307069 src_offsets=0x00026C83
00:07:21 | WARNING  | LONG COLOR RUN | color=0x43 len=67 pixels=307070..307136 src_offsets=0x00026C85
00:07:21 | WARNING  | LONG COLOR RUN | color=0x11 len=63 pixels=307137..307199 src_offsets=0x00026C87
00:07:21 | INFO     | Wrote C:\Users\Steven\My Drive\Emulators\Dosprogs\icr2\TRACKS\nash\htshotc.png
00:11:27 | DEBUG    | Decoding htshotc.stp (640x480)
00:11:27 | ERROR    | Decode error: Invalid repeat run length: 128
00:12:38 | DEBUG    | Decoding htshotc.stp (640x480)
00:12:38 | ERROR    | Decode error at file offset 0x000004D8:
  control byte = 0x80 (128)
  branch        = repeat (a - 128)
  computed len  = 0
  output pixels = 1350 / 307200
  reason        = Computed repeat length <= 0
00:12:38 | ERROR    | Decode aborted
00:14:52 | DEBUG    | Decoding htshotc.stp (640x480)
00:14:52 | ERROR    | DECODE STOPPED at file offset 0x000004D8
  control byte = 0x80 (128)
  decoded px   = 1350 / 307200
  reason       = Repeat length <= 0 (a-128)
00:14:52 | WARNING  | Filling 305850 missing pixels with debug color 0xFF
00:14:52 | INFO     | Wrote partial PNG: C:\Users\Steven\My Drive\Emulators\Dosprogs\icr2\TRACKS\nash\htshotc.png
